frame_number,intended_vsync_ns,expected_start_ns,expected_end_ns,actual_present_ns,is_jank,delay_ms
4040596,253121577793871,253121577793871,253121594393871,253121585509314,1,-8.884557
4040608,253121594460295,253121594460295,253121611060295,253121599917844,1,-11.142451
4040614,253121594460295,253121594460295,253121611060295,253121599644854,1,-11.415441
4040634,253121613466076,253121613466076,253121630066076,253121617448727,0,-12.617349
4040647,253121630132906,253121630132906,253121646732906,253121633779579,0,-12.953327
4040660,253121646799655,253121646799655,253121663399655,253121650404701,0,-12.994954
4040673,253121663466280,253121663466280,253121680066280,253121666685421,0,-13.380859
4040686,253121680132907,253121680132907,253121696732907,253121683058713,0,-13.674194
4040699,253121697439004,253121697439004,253121714039004,253121700504717,0,-13.534287
4040712,253121714081511,253121714081511,253121730681511,253121717478147,0,-13.203364
4040725,253121730730490,253121730730490,253121747330490,253121734186032,0,-13.144458
4040738,253121747411889,253121747411889,253121764011889,253121750907834,0,-13.104055
4040751,253121764098343,253121764098343,253121780698343,253121767299110,0,-13.399233
4040764,253121780794225,253121780794225,253121797394225,253121784055173,0,-13.339052
4040777,253121797491006,253121797491006,253121814091006,253121800682166,0,-13.408840
4040790,253121814191479,253121814191479,253121830791479,253121817735552,0,-13.055927
4040803,253121830888891,253121830888891,253121847488891,253121834170936,0,-13.317955
4040816,253121847596050,253121847596050,253121864196050,253121852125242,0,-12.070808
4040829,253121864300711,253121864300711,253121880900711,253121867355180,0,-13.545531
4040842,253121881005836,253121881005836,253121897605836,253121884255001,0,-13.350835
4040855,253121897740765,253121897740765,253121914340765,253121900836586,0,-13.504179
4040868,253121914441136,253121914441136,253121931041136,253121918377682,0,-12.663454
4040881,253121931142287,253121931142287,253121947742287,253121934445553,0,-13.296734
4040894,253121947839721,253121947839721,253121964439721,253121951423133,0,-13.016588
4040907,253121964534564,253121964534564,253121981134564,253121967536700,0,-13.597864
4040920,253121981235830,253121981235830,253121997835830,253121984278357,0,-13.557473
4040933,253121997929133,253121997929133,253122014529133,253122001287879,0,-13.241254
4040946,253122014646370,253122014646370,253122031246370,253122018114662,0,-13.131708
4040965,253122031395629,253122031395629,253122047995629,253122035019528,0,-12.976101
4040972,253122048104644,253122048104644,253122064704644,253122051852658,0,-12.851986
4040985,253122064812697,253122064812697,253122081412697,253122068551959,0,-12.860738
4040998,253122081522521,253122081522521,253122098122521,253122084853349,0,-13.269172
4041005,253122098229739,253122098229739,253122114829739,253122102545896,0,-12.283843
4041012,253122114937223,253122114937223,253122131537223,253122118090166,0,-13.447057
4041019,253122131641661,253122131641661,253122148241661,253122135370481,0,-12.871180
4041026,253122148349143,253122148349143,253122164949143,253122152453610,0,-12.495533
4041033,253122165052090,253122165052090,253122181652090,253122169045326,0,-12.606764
4041040,253122181797274,253122181797274,253122198397274,253122184875363,0,-13.521911
4041047,253122198500837,253122198500837,253122215100837,253122202274046,0,-12.826791
4041054,253122215200182,253122215200182,253122231800182,253122219047035,0,-12.753147
4041061,253122231921823,253122231921823,253122248521823,253122234854082,0,-13.667741
4041068,253122248645585,253122248645585,253122265245585,253122251687985,0,-13.557600
4041075,253122265342520,253122265342520,253122281942520,253122269785642,0,-12.156878
4041082,253122282042522,253122282042522,253122298642522,253122285443357,0,-13.199165
4041089,253122298743201,253122298743201,253122315343201,253122302715613,0,-12.627588
4041096,253122315441106,253122315441106,253122332041106,253122318703366,0,-13.337740
4041103,253122332139457,253122332139457,253122348739457,253122335664711,0,-13.074746
4041110,253122348838369,253122348838369,253122365438369,253122352074338,0,-13.364031
4041117,253122365575682,253122365575682,253122382175682,253122368588376,0,-13.587306
4041124,253122382277565,253122382277565,253122398877565,253122386440305,0,-12.437260
4041131,253122398979608,253122398979608,253122415579608,253122403505735,0,-12.073873
4041138,253122415680793,253122415680793,253122432280793,253122418675941,0,-13.604852
4041145,253122432379493,253122432379493,253122448979493,253122435305864,0,-13.673629
4041152,253122449077327,253122449077327,253122465677327,253122452062131,0,-13.615196
4041159,253122465772701,253122465772701,253122482372701,253122469686684,0,-12.686017
4041166,253122482469006,253122482469006,253122499069006,253122485712237,0,-13.356769
4041173,253122499188319,253122499188319,253122515788319,253122502489133,0,-13.299186
4041180,253122515908165,253122515908165,253122532508165,253122519717282,0,-12.790883
4041187,253122532604389,253122532604389,253122549204389,253122536413490,0,-12.790899
4041194,253122549299697,253122549299697,253122565899697,253122555785642,0,-10.114055
4041201,253122565997899,253122565997899,253122582597899,253122569553057,0,-13.044842
4041208,253122582708481,253122582708481,253122599308481,253122586459145,0,-12.849336
4041215,253122599407418,253122599407418,253122616007418,253122602746946,0,-13.260472
4041222,253122616105887,253122616105887,253122632705887,253122619102007,0,-13.603880
4041229,253122632831296,253122632831296,253122649431296,253122637257321,0,-12.173975
4041236,253122649530664,253122649530664,253122666130664,253122652254839,0,-13.875825
4041243,253122666250590,253122666250590,253122682850590,253122669902870,0,-12.947720
4041250,253122682946594,253122682946594,253122699546594,253122688535560,0,-11.011034
4041257,253122699660516,253122699660516,253122716260516,253122703601357,0,-12.659159
4041330,253122883408727,253122883408727,253122900008727,253122886376015,0,-13.632712
4041343,253122900114398,253122900114398,253122916714398,253122903300738,0,-13.413660
4041356,253122916819867,253122916819867,253122933419867,253122920057697,0,-13.362170
4041369,253122933517928,253122933517928,253122950117928,253122936974118,0,-13.143810
4041382,253122950219877,253122950219877,253122966819877,253122953321368,0,-13.498509
4041395,253122966933155,253122966933155,253122983533155,253122970854530,0,-12.678625
4041408,253122983645887,253122983645887,253123000245887,253122987281207,0,-12.964680
4041421,253123000370835,253123000370835,253123016970835,253123003890175,0,-13.080660
4041434,253123017078281,253123017078281,253123033678281,253123020619830,0,-13.058451
4041447,253123033785638,253123033785638,253123050385638,253123036945839,0,-13.439799
4041460,253123050493898,253123050493898,253123067093898,253123053950111,0,-13.143787
4041473,253123067198988,253123067198988,253123083798988,253123070739092,0,-13.059896
4041486,253123083905169,253123083905169,253123100505169,253123098421710,0,-2.083459
4041499,253123100611300,253123100611300,253123117211300,253123103658282,0,-13.553018
4041512,253123117332179,253123117332179,253123133932179,253123121011797,0,-12.920382
4041525,253123134047311,253123134047311,253123150647311,253123137405556,0,-13.241755
4041538,253123150754385,253123150754385,253123167354385,253123153903196,0,-13.451189
4041551,253123167469622,253123167469622,253123184069622,253123170793821,0,-13.275801
4041564,253123184176006,253123184176006,253123200776006,253123187373655,0,-13.402351
4041577,253123200884055,253123200884055,253123217484055,253123203785805,0,-13.698250
4041590,253123217593813,253123217593813,253123234193813,253123220893024,0,-13.300789
4041603,253123234301332,253123234301332,253123250901332,253123237421750,0,-13.479582
4041616,253123251014343,253123251014343,253123267614343,253123254190549,0,-13.423794
4041629,253123267724251,253123267724251,253123284324251,253123271206744,0,-13.117507
4041642,253123284431691,253123284431691,253123301031691,253123288378781,0,-12.652910
4041655,253123301143852,253123301143852,253123317743852,253123304658567,0,-13.085285
4041668,253123317852546,253123317852546,253123334452546,253123320960651,0,-13.491895
4041687,253123334561511,253123334561511,253123351161511,253123337873737,0,-13.287774
4041694,253123351270520,253123351270520,253123367870520,253123355661253,0,-12.209267
4041701,253123367979859,253123367979859,253123384579859,253123371957436,0,-12.622423
4041708,253123384686491,253123384686491,253123401286491,253123388471799,0,-12.814692
4041715,253123401394733,253123401394733,253123417994733,253123404312335,0,-13.682398
4041722,253123418101467,253123418101467,253123434701467,253123421238320,0,-13.463147
4041729,253123434831525,253123434831525,253123451431525,253123438404416,0,-13.027109
4041736,253123451549390,253123451549390,253123468149390,253123454460528,0,-13.688862
4041743,253123468257306,253123468257306,253123484857306,253123472982623,0,-11.874683
4041750,253123484962799,253123484962799,253123501562799,253123487980426,0,-13.582373
4041757,253123501670598,253123501670598,253123518270598,253123505075234,0,-13.195364
4041764,253123518395963,253123518395963,253123534995963,253123522122353,0,-12.873610
4041771,253123535097681,253123535097681,253123551697681,253123538880857,0,-12.816824
4041778,253123551801714,253123551801714,253123568401714,253123555418007,0,-12.983707
4041785,253123568505450,253123568505450,253123585105450,253123571643431,0,-13.462019
4041792,253123585215001,253123585215001,253123601815001,253123588569903,0,-13.245098
4041799,253123601919748,253123601919748,253123618519748,253123605485594,0,-13.034154
4041806,253123618624140,253123618624140,253123635224140,253123622086261,0,-13.137879
4041813,253123635328901,253123635328901,253123651928901,253123638659260,0,-13.269641
4041820,253123652033797,253123652033797,253123668633797,253123657031899,0,-11.601898
4041827,253123668739246,253123668739246,253123685339246,253123672101439,0,-13.237807
4041840,253123685441956,253123685441956,253123702041956,253123688644610,0,-13.397346
4041847,253123702149662,253123702149662,253123718749662,253123705376910,0,-13.372752
4041854,253123718854156,253123718854156,253123735454156,253123721962685,0,-13.491471
4041861,253123735556627,253123735556627,253123752156627,253123739243284,0,-12.913343
4041868,253123752259130,253123752259130,253123768859130,253123755696124,0,-13.163006
4041875,253123768978924,253123768978924,253123785578924,253123772801226,0,-12.777698
4041882,253123785684588,253123785684588,253123802284588,253123789384438,0,-12.900150
4041889,253123802390140,253123802390140,253123818990140,253123806027057,0,-12.963083
4041896,253123819113272,253123819113272,253123835713272,253123822119912,0,-13.593360
4041903,253123835819181,253123835819181,253123852419181,253123839101438,0,-13.317743
4041910,253123852537466,253123852537466,253123869137466,253123856870319,0,-12.267147
4041917,253123869241562,253123869241562,253123885841562,253123872588784,0,-13.252778
4041924,253123885969085,253123885969085,253123902569085,253123889989745,0,-12.579340
4041931,253123902675096,253123902675096,253123919275096,253123906034869,0,-13.240227
4041938,253123919382105,253123919382105,253123935982105,253123922606810,0,-13.375295
4041945,253123936089065,253123936089065,253123952689065,253123939878049,0,-12.811016
4041952,253123952794326,253123952794326,253123969394326,253123956004514,0,-13.389812
4041959,253123969500180,253123969500180,253123986100180,253123972844887,0,-13.255293
4042038,253124169990469,253124169990469,253124186590469,253124172934324,0,-13.656145
4042051,253124186698806,253124186698806,253124203298806,253124189923378,0,-13.375428
4042064,253124203407021,253124203407021,253124220007021,253124206602497,0,-13.404524
4042077,253124220114499,253124220114499,253124236714499,253124223121620,0,-13.592879
4042090,253124236805466,253124236805466,253124253405466,253124240089556,0,-13.315910
4042103,253124253530248,253124253530248,253124270130248,253124257284625,0,-12.845623
4042116,253124270222823,253124270222823,253124286822823,253124273735675,0,-13.087148
4042129,253124286919236,253124286919236,253124303519236,253124290098712,0,-13.420524
4042142,253124303619109,253124303619109,253124320219109,253124306710244,0,-13.508865
4042155,253124320319992,253124320319992,253124336919992,253124323557045,0,-13.362947
4042168,253124337028146,253124337028146,253124353628146,253124340117836,0,-13.510310
4042181,253124353730562,253124353730562,253124370330562,253124357339231,0,-12.991331
4042194,253124370433691,253124370433691,253124387033691,253124373642576,0,-13.391115
4042207,253124387137637,253124387137637,253124403737637,253124390477781,0,-13.259856
4042220,253124403848640,253124403848640,253124420448640,253124407022417,0,-13.426223
4042233,253124420554349,253124420554349,253124437154349,253124424401325,0,-12.753024
4042246,253124437261293,253124437261293,253124453861293,253124440858803,0,-13.002490
4042259,253124453969146,253124453969146,253124470569146,253124456911945,0,-13.657201
4042272,253124470677234,253124470677234,253124487277234,253124473898884,0,-13.378350
4042285,253124487384386,253124487384386,253124503984386,253124490681679,0,-13.302707
4042298,253124504094202,253124504094202,253124520694202,253124507319213,0,-13.374989
4042311,253124520802036,253124520802036,253124537402036,253124524240435,0,-13.161601
4042324,253124537513560,253124537513560,253124554113560,253124540328571,0,-13.784989
4042337,253124554227330,253124554227330,253124570827330,253124557432941,0,-13.394389
4042350,253124570936071,253124570936071,253124587536071,253124574173338,0,-13.362733
4042363,253124587655903,253124587655903,253124604255903,253124591552326,0,-12.703577
4042376,253124604366946,253124604366946,253124620966946,253124607713418,0,-13.253528
4042395,253124621080146,253124621080146,253124637680146,253124624289386,0,-13.390760
4042402,253124637789306,253124637789306,253124654389306,253124640807331,0,-13.581975
4042409,253124654499492,253124654499492,253124671099492,253124657549071,0,-13.550421
4042416,253124671207695,253124671207695,253124687807695,253124674753254,0,-13.054441
4042423,253124687915753,253124687915753,253124704515753,253124690967202,0,-13.548551
4042430,253124704623507,253124704623507,253124721223507,253124707461464,0,-13.762043
4042437,253124721332926,253124721332926,253124737932926,253124725127480,0,-12.805446
4042444,253124738037841,253124738037841,253124754637841,253124741659503,0,-12.978338
4042451,253124754744341,253124754744341,253124771344341,253124759035806,0,-12.308535
4042458,253124771448741,253124771448741,253124788048741,253124774845621,0,-13.203120
4042465,253124788153878,253124788153878,253124804753878,253124791369465,0,-13.384413
4042472,253124804860032,253124804860032,253124821460032,253124807673094,0,-13.786938
4042479,253124821564017,253124821564017,253124838164017,253124824907387,0,-13.256630
4042486,253124838268727,253124838268727,253124854868727,253124840981240,0,-13.887487
4042493,253124854974494,253124854974494,253124871574494,253124858938679,0,-12.635815
4042500,253124871681352,253124871681352,253124888281352,253124875705809,0,-12.575543
4042507,253124888416496,253124888416496,253124905016496,253124892289468,0,-12.727028
4042514,253124905140619,253124905140619,253124921740619,253124908537922,0,-13.202697
4042521,253124921841212,253124921841212,253124938441212,253124924675495,0,-13.765717
4042528,253124938543591,253124938543591,253124955143591,253124941995888,0,-13.147703
4042535,253124955245546,253124955245546,253124971845546,253124958418699,0,-13.426847
4042542,253124971950459,253124971950459,253124988550459,253124976240762,0,-12.309697
4042549,253124988654350,253124988654350,253125005254350,253124994842447,0,-10.411903
4042556,253125005394574,253125005394574,253125021994574,253125011329507,0,-10.665067
4042563,253125022102265,253125022102265,253125038702265,253125025514769,0,-13.187496
4042570,253125038809366,253125038809366,253125055409366,253125042145181,0,-13.264185
4042577,253125055514864,253125055514864,253125072114864,253125059125202,0,-12.989662
4042584,253125072218325,253125072218325,253125088818325,253125075397663,0,-13.420662
4042591,253125088924257,253125088924257,253125105524257,253125092502969,0,-13.021288
4042598,253125105629593,253125105629593,253125122229593,253125109264810,0,-12.964783
4042605,253125122333862,253125122333862,253125138933862,253125126868081,0,-12.065781
4042612,253125139040014,253125139040014,253125155640014,253125142083373,0,-13.556641
4042619,253125155744827,253125155744827,253125172344827,253125159015421,0,-13.329406
4042626,253125172450049,253125172450049,253125189050049,253125175362426,0,-13.687623
4042633,253125189156188,253125189156188,253125205756188,253125192928913,0,-12.827275
4042640,253125205862298,253125205862298,253125222462298,253125209745074,0,-12.717224
4042647,253125222588255,253125222588255,253125239188255,253125226173379,0,-13.014876
4042654,253125239411077,253125239411077,253125256011077,253125242994220,0,-13.016857
4042661,253125256111065,253125256111065,253125272711065,253125258939818,0,-13.771247
4042746,253125473330814,253125473330814,253125489930814,253125476349772,0,-13.581042
4042759,253125490043162,253125490043162,253125506643162,253125493322752,0,-13.320410
4042772,253125506755390,253125506755390,253125523355390,253125510213867,0,-13.141523
4042785,253125523436572,253125523436572,253125540036572,253125527516112,0,-12.520460
4042798,253125540115004,253125540115004,253125556715004,253125543147093,0,-13.567911
4042811,253125556792159,253125556792159,253125573392159,253125560029214,0,-13.362945
4042824,253125573483036,253125573483036,253125590083036,253125576715697,0,-13.367339
4042837,253125590178929,253125590178929,253125606778929,253125593553140,0,-13.225789
4042850,253125606874278,253125606874278,253125623474278,253125610288817,0,-13.185461
4042863,253125623578241,253125623578241,253125640178241,253125626985065,0,-13.193176
4042876,253125640284868,253125640284868,253125656884868,253125644130492,0,-12.754376
4042889,253125656989185,253125656989185,253125673589185,253125660127684,0,-13.461501
4042902,253125673693733,253125673693733,253125690293733,253125676878011,0,-13.415722
4042915,253125690402689,253125690402689,253125707002689,253125693761962,0,-13.240727
4042928,253125707108785,253125707108785,253125723708785,253125710356607,0,-13.352178
4042941,253125723814838,253125723814838,253125740414838,253125727144530,0,-13.270308
4042954,253125740519895,253125740519895,253125757119895,253125743649331,0,-13.470564
4042967,253125757225363,253125757225363,253125773825363,253125761219643,0,-12.605720
4042980,253125773971603,253125773971603,253125790571603,253125777124021,0,-13.447582
4042993,253125790684865,253125790684865,253125807284865,253125793888955,0,-13.395910
4043006,253125807399831,253125807399831,253125823999831,253125810689290,0,-13.310541
4043019,253125824114812,253125824114812,253125840714812,253125827505939,0,-13.208873
4043032,253125840833520,253125840833520,253125857433520,253125844761514,0,-12.672006
4043045,253125857558068,253125857558068,253125874158068,253125860718260,0,-13.439808
4043058,253125874266717,253125874266717,253125890866717,253125877392536,0,-13.474181
4043071,253125890973189,253125890973189,253125907573189,253125894384439,0,-13.188750
4043090,253125907678072,253125907678072,253125924278072,253125911362588,0,-12.915484
4043097,253125924388629,253125924388629,253125940988629,253125927497964,0,-13.490665
4043104,253125941092945,253125941092945,253125957692945,253125944215779,0,-13.477166
4043111,253125957798720,253125957798720,253125974398720,253125961386555,0,-13.012165
4043118,253125974504836,253125974504836,253125991104836,253125977810464,0,-13.294372
4043125,253125991206886,253125991206886,253126007806886,253125995183999,0,-12.622887
4043132,253126007910837,253126007910837,253126024510837,253126011234496,0,-13.276341
4043139,253126024615640,253126024615640,253126041215640,253126027572997,0,-13.642643
4043146,253126041317623,253126041317623,253126057917623,253126045207885,0,-12.709738
4043153,253126058019901,253126058019901,253126074619901,253126061250081,0,-13.369820
4043160,253126074722356,253126074722356,253126091322356,253126077754475,0,-13.567881
4043167,253126091425129,253126091425129,253126108025129,253126094786946,0,-13.238183
4043174,253126108128207,253126108128207,253126124728207,253126111386026,0,-13.342181
4043181,253126124832589,253126124832589,253126141432589,253126128897907,0,-12.534682
4043188,253126141538215,253126141538215,253126158138215,253126144349853,0,-13.788362
4043195,253126158241991,253126158241991,253126174841991,253126161426798,0,-13.415193
4043202,253126174946006,253126174946006,253126191546006,253126178980061,0,-12.565945
4043209,253126191652351,253126191652351,253126208252351,253126194778360,0,-13.473991
4043222,253126208359884,253126208359884,253126224959884,253126211923624,0,-13.036260
4043235,253126225062486,253126225062486,253126241662486,253126228163492,0,-13.498994
4043242,253126241767628,253126241767628,253126258367628,253126245254760,0,-13.112868
4043249,253126258471314,253126258471314,253126275071314,253126262097126,0,-12.974188
4043256,253126275178349,253126275178349,253126291778349,253126279481119,0,-12.297230
4043263,253126291884738,253126291884738,253126308484738,253126295196939,0,-13.287799
4043270,253126308590813,253126308590813,253126325190813,253126311890381,0,-13.300432
4043277,253126325294893,253126325294893,253126341894893,253126329215168,0,-12.679725
4043284,253126341998518,253126341998518,253126358598518,253126345385741,0,-13.212777
4043291,253126358703193,253126358703193,253126375303193,253126362376871,0,-12.926322
4043298,253126375404728,253126375404728,253126392004728,253126379117025,0,-12.887703
4043305,253126392108302,253126392108302,253126408708302,253126395974893,0,-12.733409
4043312,253126408818463,253126408818463,253126425418463,253126412491129,0,-12.927334
4043319,253126425529221,253126425529221,253126442129221,253126429200479,0,-12.928742
4043326,253126442235271,253126442235271,253126458835271,253126445826375,0,-13.008896
4043333,253126458944186,253126458944186,253126475544186,253126462257771,0,-13.286415
4043340,253126475647692,253126475647692,253126492247692,253126478805867,0,-13.441825
4043347,253126492353213,253126492353213,253126508953213,253126496605793,0,-12.347420
4043354,253126509056684,253126509056684,253126525656684,253126513053222,0,-12.603462
4043361,253126525763260,253126525763260,253126542363260,253126528760782,0,-13.602478
4043368,253126542472763,253126542472763,253126559072763,253126545489745,0,-13.583018
4043375,253126559178529,253126559178529,253126575778529,253126564184935,0,-11.593594
4043454,253126759696501,253126759696501,253126776296501,253126762969116,0,-13.327385
4043467,253126776404224,253126776404224,253126793004224,253126779694214,0,-13.310010
4043480,253126793111988,253126793111988,253126809711988,253126796881388,0,-12.830600
4043493,253126809819493,253126809819493,253126826419493,253126812780109,0,-13.639384
4043506,253126826496190,253126826496190,253126843096190,253126830395222,0,-12.700968
4043519,253126843193500,253126843193500,253126859793500,253126846034789,0,-13.758711
4043532,253126859926984,253126859926984,253126876526984,253126863508788,0,-13.018196
4043545,253126876623196,253126876623196,253126893223196,253126880206827,0,-13.016369
4043558,253126893319088,253126893319088,253126909919088,253126896535644,0,-13.383444
4043571,253126910016879,253126910016879,253126926616879,253126913216470,0,-13.400409
4043584,253126926715214,253126926715214,253126943315214,253126929918375,0,-13.396839
4043597,253126943414033,253126943414033,253126960014033,253126946463134,0,-13.550899
4043610,253126960113518,253126960113518,253126976713518,253126964167805,0,-12.545713
4043623,253126976812907,253126976812907,253126993412907,253126979977661,0,-13.435246
4043636,253126993510807,253126993510807,253127010110807,253126996916381,0,-13.194426
4043649,253127010208618,253127010208618,253127026808618,253127013964069,0,-12.844549
4043662,253127026907945,253127026907945,253127043507945,253127030701659,0,-12.806286
4043675,253127043605546,253127043605546,253127060205546,253127046905720,0,-13.299826
4043688,253127060304640,253127060304640,253127076904640,253127064037069,0,-12.867571
4043701,253127077001837,253127077001837,253127093601837,253127080333902,0,-13.267935
4043714,253127093700565,253127093700565,253127110300565,253127097334960,0,-12.965605
4043727,253127110397112,253127110397112,253127126997112,253127113564697,0,-13.432415
4043740,253127127111981,253127127111981,253127143711981,253127131124632,0,-12.587349
4043753,253127143806651,253127143806651,253127160406651,253127147012328,0,-13.394323
4043766,253127160509103,253127160509103,253127177109103,253127164485473,0,-12.623630
4043779,253127177216444,253127177216444,253127193816444,253127180857910,0,-12.958534
4043792,253127193944284,253127193944284,253127210544284,253127197293944,0,-13.250340
4043811,253127210656273,253127210656273,253127227256273,253127214866414,0,-12.389859
4043818,253127227367362,253127227367362,253127243967362,253127232006957,0,-11.960405
4043825,253127244079934,253127244079934,253127260679934,253127247896200,0,-12.783734
4043832,253127260791090,253127260791090,253127277391090,253127264599120,0,-12.791970
4043839,253127277504844,253127277504844,253127294104844,253127280814778,0,-13.290066
4043846,253127294222670,253127294222670,253127310822670,253127297316162,0,-13.506508
4043853,253127310936155,253127310936155,253127327536155,253127314049357,0,-13.486798
4043860,253127327649496,253127327649496,253127344249496,253127330995483,0,-13.254013
4043867,253127344361853,253127344361853,253127360961853,253127347401611,0,-13.560242
4043874,253127361074617,253127361074617,253127377674617,253127364513224,0,-13.161393
4043881,253127377786719,253127377786719,253127394386719,253127382120890,0,-12.265829
4043888,253127394499429,253127394499429,253127411099429,253127397919473,0,-13.179956
4043895,253127411210471,253127411210471,253127427810471,253127414552449,0,-13.258022
4043902,253127427926456,253127427926456,253127444526456,253127430870523,0,-13.655933
4043909,253127444636698,253127444636698,253127461236698,253127449416015,0,-11.820683
4043916,253127461345888,253127461345888,253127477945888,253127465291706,0,-12.654182
4043923,253127478076890,253127478076890,253127494676890,253127481256673,0,-13.420217
4043930,253127494785278,253127494785278,253127511385278,253127498180867,0,-13.204411
4043937,253127511491428,253127511491428,253127528091428,253127515048746,0,-13.042682
4043944,253127528200655,253127528200655,253127544800655,253127531512084,0,-13.288571
4043951,253127544909196,253127544909196,253127561509196,253127547793823,0,-13.715373
4043958,253127561638306,253127561638306,253127578238306,253127565474039,0,-12.764267
4043965,253127578339645,253127578339645,253127594939645,253127582708089,0,-12.231556
4043972,253127595039655,253127595039655,253127611639655,253127598696654,0,-12.943001
4043979,253127611741952,253127611741952,253127628341952,253127615302937,0,-13.039015
4043986,253127628445688,253127628445688,253127645045688,253127632034668,0,-13.011020
4043993,253127645144913,253127645144913,253127661744913,253127649359741,0,-12.385172
4044000,253127661844053,253127661844053,253127678444053,253127665824381,0,-12.619672
4044007,253127678542683,253127678542683,253127695142683,253127681675496,0,-13.467187
4044014,253127695242608,253127695242608,253127711842608,253127699006307,0,-12.836301
4044021,253127711945938,253127711945938,253127728545938,253127715896444,0,-12.649494
4044028,253127728647657,253127728647657,253127745247657,253127732336060,0,-12.911597
4044035,253127745352240,253127745352240,253127761952240,253127749503214,0,-12.449026
4044042,253127762058563,253127762058563,253127778658563,253127765464559,0,-13.194004
4044049,253127778762910,253127778762910,253127795362910,253127781991984,0,-13.370926
4044056,253127795469546,253127795469546,253127812069546,253127798861532,0,-13.208014
4044063,253127812188479,253127812188479,253127828788479,253127815291870,0,-13.496609
4044070,253127828899052,253127828899052,253127845499052,253127832135660,0,-13.363392
4044077,253127845610318,253127845610318,253127862210318,253127849801026,0,-12.409292
4044156,253128046154460,253128046154460,253128062754460,253128049378377,0,-13.376083
4044169,253128062864123,253128062864123,253128079464123,253128066072022,0,-13.392101
4044182,253128079573744,253128079573744,253128096173744,253128082603515,0,-13.570229
4044195,253128096292088,253128096292088,253128112892088,253128100426025,0,-12.466063
4044208,253128113012692,253128113012692,253128129612692,253128116272868,0,-13.339824
4044221,253128129727609,253128129727609,253128146327609,253128132689168,0,-13.638441
4044234,253128146442447,253128146442447,253128163042447,253128149501953,0,-13.540494
4044247,253128163151659,253128163151659,253128179751659,253128166251994,0,-13.499665
4044260,253128179866252,253128179866252,253128196466252,253128183140747,0,-13.325505
4044273,253128196593315,253128196593315,253128213193315,253128200200318,0,-12.992997
4044286,253128213302967,253128213302967,253128229902967,253128216929200,0,-12.973767
4044299,253128230013620,253128230013620,253128246613620,253128233721720,0,-12.891900
4044312,253128246723266,253128246723266,253128263323266,253128249734619,0,-13.588647
4044325,253128263434984,253128263434984,253128280034984,253128266754801,0,-13.280183
4044338,253128280144969,253128280144969,253128296744969,253128283280884,0,-13.464085
4044351,253128296867322,253128296867322,253128313467322,253128300300700,0,-13.166622
4044364,253128313577855,253128313577855,253128330177855,253128316585246,0,-13.592609
4044377,253128330287688,253128330287688,253128346887688,253128333272014,0,-13.615674
4044390,253128346997145,253128346997145,253128363597145,253128350242146,0,-13.354999
4044403,253128363707723,253128363707723,253128380307723,253128366918864,0,-13.388859
4044416,253128380417826,253128380417826,253128397017826,253128383638754,0,-13.379072
4044429,253128397129817,253128397129817,253128413729817,253128400525391,0,-13.204426
4044442,253128413841978,253128413841978,253128430441978,253128417682413,0,-12.759565
4044455,253128430553537,253128430553537,253128447153537,253128433566366,0,-13.587171
4044468,253128447262257,253128447262257,253128463862257,253128450711670,0,-13.150587
4044481,253128463967804,253128463967804,253128480567804,253128467032755,0,-13.535049
4044494,253128480674884,253128480674884,253128497274884,253128484333863,0,-12.941021
4044513,253128497382674,253128497382674,253128513982674,253128501465250,0,-12.517424
4044520,253128514092885,253128514092885,253128530692885,253128517582357,0,-13.110528
4044527,253128530812581,253128530812581,253128547412581,253128535473714,0,-11.938867
4044534,253128547522529,253128547522529,253128564122529,253128550929036,0,-13.193493
4044541,253128564230898,253128564230898,253128580830898,253128567861287,0,-12.969611
4044548,253128580964391,253128580964391,253128597564391,253128583847778,0,-13.716613
4044555,253128597694715,253128597694715,253128614294715,253128601437012,0,-12.857703
4044562,253128614397218,253128614397218,253128630997218,253128617522665,0,-13.474553
4044569,253128631141260,253128631141260,253128647741260,253128634112631,0,-13.628629
4044576,253128647846517,253128647846517,253128664446517,253128651136434,0,-13.310083
4044583,253128664550337,253128664550337,253128681150337,253128668143799,0,-13.006538
4044590,253128681252094,253128681252094,253128697852094,253128684493652,0,-13.358442
4044597,253128697956526,253128697956526,253128714556526,253128702823446,0,-11.733080
4044604,253128714661520,253128714661520,253128731261520,253128717691854,0,-13.569666
4044611,253128731367915,253128731367915,253128747967915,253128736451457,0,-11.516458
4044618,253128748073298,253128748073298,253128764673298,253128751823690,0,-12.849608
4044625,253128764780232,253128764780232,253128781380232,253128768043905,0,-13.336327
4044638,253128781486685,253128781486685,253128798086685,253128785332397,0,-12.754288
4044651,253128798190860,253128798190860,253128814790860,253128803086873,0,-11.703987
4044658,253128814896195,253128814896195,253128831496195,253128817860026,0,-13.636169
4044665,253128831605017,253128831605017,253128848205017,253128835057455,0,-13.147562
4044672,253128848304280,253128848304280,253128864904280,253128852048870,0,-12.855410
4044679,253128865007653,253128865007653,253128881607653,253128869298055,0,-12.309598
4044686,253128881737583,253128881737583,253128898337583,253128885426351,0,-12.911232
4044693,253128898467180,253128898467180,253128915067180,253128902348511,0,-12.718669
4044700,253128915185061,253128915185061,253128931785061,253128918558432,0,-13.226629
4044707,253128931900793,253128931900793,253128948500793,253128935435547,0,-13.065246
4044714,253128948604810,253128948604810,253128965204810,253128952357138,0,-12.847672
4044721,253128965326073,253128965326073,253128981926073,253128968736898,0,-13.189175
4044728,253128982056498,253128982056498,253128998656498,253128985540731,0,-13.115767
4044735,253128998758006,253128998758006,253129015358006,253129001657390,0,-13.700616
4044742,253129015458600,253129015458600,253129032058600,253129018751384,0,-13.307216
4044749,253129032183926,253129032183926,253129048783926,253129036061483,0,-12.722443
4044756,253129048883437,253129048883437,253129065483437,253129052785929,0,-12.697508
4044763,253129065584682,253129065584682,253129082184682,253129069569174,0,-12.615508
4044770,253129082307478,253129082307478,253129098907478,253129085228882,0,-13.678596
4044777,253129099009173,253129099009173,253129115609173,253129102133139,0,-13.476034
4044784,253129115713450,253129115713450,253129132313450,253129119465413,0,-12.848037
4044791,253129132441389,253129132441389,253129149041389,253129136467489,0,-12.573900
4044864,253129332935965,253129332935965,253129349535965,253129340907756,0,-8.628209
4044877,253129349645697,253129349645697,253129366245697,253129352985921,0,-13.259776
4044890,253129366355471,253129366355471,253129382955471,253129369617717,0,-13.337754
4044903,253129383046658,253129383046658,253129399646658,253129386405396,0,-13.241262
4044916,253129399820913,253129399820913,253129416420913,253129402837932,0,-13.582981
4044929,253129416529397,253129416529397,253129433129397,253129419551596,0,-13.577801
4044942,253129433226880,253129433226880,253129449826880,253129436423747,0,-13.403133
4044955,253129449925958,253129449925958,253129466525958,253129453231121,0,-13.294837
4044968,253129466626665,253129466626665,253129483226665,253129470080445,0,-13.146220
4044981,253129483331169,253129483331169,253129499931169,253129486361451,0,-13.569718
4044994,253129500045843,253129500045843,253129516645843,253129503370402,0,-13.275441
4045007,253129516750123,253129516750123,253129533350123,253129520125286,0,-13.224837
4045020,253129533456088,253129533456088,253129550056088,253129536972860,0,-13.083228
4045033,253129550168250,253129550168250,253129566768250,253129553572144,0,-13.196106
4045046,253129566873141,253129566873141,253129583473141,253129570412598,0,-13.060543
4045059,253129583582087,253129583582087,253129600182087,253129586611533,0,-13.570554
4045072,253129600297086,253129600297086,253129616897086,253129603672609,0,-13.224477
4045085,253129617004617,253129617004617,253129633604617,253129620298708,0,-13.305909
4045098,253129633712282,253129633712282,253129650312282,253129637603069,0,-12.709213
4045111,253129650431800,253129650431800,253129667031800,253129653703166,0,-13.328634
4045124,253129667139432,253129667139432,253129683739432,253129670256958,0,-13.482474
4045137,253129683848565,253129683848565,253129700448565,253129687145793,0,-13.302772
4045150,253129700555843,253129700555843,253129717155843,253129703621501,0,-13.534342
4045163,253129717258256,253129717258256,253129733858256,253129720375570,0,-13.482686
4045176,253129733977396,253129733977396,253129750577396,253129737042603,0,-13.534793
4045189,253129750683766,253129750683766,253129767283766,253129754483358,0,-12.800408
4045202,253129767392859,253129767392859,253129783992859,253129770382285,0,-13.610574
4045221,253129784097441,253129784097441,253129800697441,253129787419393,0,-13.278048
4045228,253129800806998,253129800806998,253129817406998,253129803871584,0,-13.535414
4045235,253129817513141,253129817513141,253129834113141,253129820583782,0,-13.529359
4045242,253129834217253,253129834217253,253129850817253,253129837488364,0,-13.328889
4045249,253129850920821,253129850920821,253129867520821,253129854941529,0,-12.579292
4045256,253129867626402,253129867626402,253129884226402,253129871833944,0,-12.392458
4045263,253129884333705,253129884333705,253129900933705,253129887884726,0,-13.048979
4045270,253129901038767,253129901038767,253129917638767,253129904504517,0,-13.134250
4045277,253129917745126,253129917745126,253129934345126,253129921738364,0,-12.606762
4045284,253129934481480,253129934481480,253129951081480,253129938471315,0,-12.610165
4045291,253129951182747,253129951182747,253129967782747,253129954500326,0,-13.282421
4045298,253129967886205,253129967886205,253129984486205,253129971354981,0,-13.131224
4045305,253129984591420,253129984591420,253130001191420,253129988173992,0,-13.017428
4045312,253130001294575,253130001294575,253130017894575,253130004776408,0,-13.118167
4045319,253130017995973,253130017995973,253130034595973,253130021047812,0,-13.548161
4045326,253130034699109,253130034699109,253130051299109,253130038902630,0,-12.396479
4045333,253130051401477,253130051401477,253130068001477,253130055620077,0,-12.381400
4045340,253130068102937,253130068102937,253130084702937,253130071664633,0,-13.038304
4045347,253130084802825,253130084802825,253130101402825,253130087793417,0,-13.609408
4045354,253130101503320,253130101503320,253130118103320,253130105303183,0,-12.800137
4045361,253130118205849,253130118205849,253130134805849,253130121345215,0,-13.460634
4045368,253130134909868,253130134909868,253130151509868,253130137827353,0,-13.682515
4045375,253130151613885,253130151613885,253130168213885,253130154440023,0,-13.773862
4045382,253130168315271,253130168315271,253130184915271,253130172079590,0,-12.835681
4045389,253130185017963,253130185017963,253130201617963,253130188169231,0,-13.448732
4045396,253130201724184,253130201724184,253130218324184,253130205287192,0,-13.036992
4045403,253130218431816,253130218431816,253130235031816,253130221493695,0,-13.538121
4045410,253130235138406,253130235138406,253130251738406,253130238171266,0,-13.567140
4045417,253130251844076,253130251844076,253130268444076,253130255203289,0,-13.240787
4045424,253130268571023,253130268571023,253130285171023,253130272075074,0,-13.095949
4045431,253130285278093,253130285278093,253130301878093,253130288601198,0,-13.276895
4045438,253130301987561,253130301987561,253130318587561,253130305983156,0,-12.604405
4045445,253130318698217,253130318698217,253130335298217,253130321302207,0,-13.996010
4045452,253130335407558,253130335407558,253130352007558,253130339716228,0,-12.291330
4045459,253130352112837,253130352112837,253130368712837,253130356441325,0,-12.271512
4045466,253130368820581,253130368820581,253130385420581,253130372847535,0,-12.573046
4045473,253130385549930,253130385549930,253130402149930,253130389001141,0,-13.148789
4045480,253130402273935,253130402273935,253130418873935,253130406049520,0,-12.824415
4045487,253130419032987,253130419032987,253130435632987,253130421702761,0,-13.930226
4045494,253130435729781,253130435729781,253130452329781,253130438927043,0,-13.402738
4045561,253130619536733,253130619536733,253130636136733,253130625961590,0,-10.175143
4045574,253130636247953,253130636247953,253130652847953,253130639978394,0,-12.869559
4045587,253130652959133,253130652959133,253130669559133,253130656239788,0,-13.319345
4045600,253130669647385,253130669647385,253130686247385,253130672719606,0,-13.527779
4045613,253130686291199,253130686291199,253130702891199,253130690096315,0,-12.794884
4045626,253130702971241,253130702971241,253130719571241,253130706285239,0,-13.286002
4045639,253130719667030,253130719667030,253130736267030,253130722881268,0,-13.385762
4045652,253130736366728,253130736366728,253130752966728,253130739891685,0,-13.075043
4045665,253130753067939,253130753067939,253130769667939,253130756664430,0,-13.003509
4045678,253130769770508,253130769770508,253130786370508,253130772844931,0,-13.525577
4045691,253130786473226,253130786473226,253130803073226,253130789713055,0,-13.360171
4045704,253130803178020,253130803178020,253130819778020,253130806730023,0,-13.047997
4045717,253130819883703,253130819883703,253130836483703,253130823314658,0,-13.169045
4045730,253130836588048,253130836588048,253130853188048,253130840242961,0,-12.945087
4045743,253130853292079,253130853292079,253130869892079,253130856401694,0,-13.490385
4045756,253130869995796,253130869995796,253130886595796,253130873281821,0,-13.313975
4045769,253130886707775,253130886707775,253130903307775,253130889724285,0,-13.583490
4045782,253130903420052,253130903420052,253130920020052,253130906452720,0,-13.567332
4045795,253130920151144,253130920151144,253130936751144,253130923328207,0,-13.422937
4045808,253130936860026,253130936860026,253130953460026,253130940135743,0,-13.324283
4045821,253130953567055,253130953567055,253130970167055,253130956500449,0,-13.666606
4045834,253130970297199,253130970297199,253130986897199,253130973546836,0,-13.350363
4045847,253130987012088,253130987012088,253131003612088,253130990001832,0,-13.610256
4045860,253131003735801,253131003735801,253131020335801,253131007368612,0,-12.967189
4045873,253131020442336,253131020442336,253131037042336,253131023770306,0,-13.272030
4045886,253131037150454,253131037150454,253131053750454,253131040785198,0,-12.965256
4045899,253131053860816,253131053860816,253131070460816,253131057330202,0,-13.130614
4045918,253131070577095,253131070577095,253131087177095,253131074493694,0,-12.683401
4045925,253131087286968,253131087286968,253131103886968,253131090737184,0,-13.149784
4045932,253131104003304,253131104003304,253131120603304,253131107586183,0,-13.017121
4045939,253131120713442,253131120713442,253131137313442,253131125051719,0,-12.261723
4045946,253131137425985,253131137425985,253131154025985,253131140422325,0,-13.603660
4045953,253131154137604,253131154137604,253131170737604,253131157685914,0,-13.051690
4045960,253131170850301,253131170850301,253131187450301,253131173758668,0,-13.691633
4045967,253131187561249,253131187561249,253131204161249,253131190902792,0,-13.258457
4045974,253131204273936,253131204273936,253131220873936,253131207646079,0,-13.227857
4045981,253131220984466,253131220984466,253131237584466,253131223803427,0,-13.781039
4045988,253131237722365,253131237722365,253131254322365,253131240524416,0,-13.797949
4045995,253131254432993,253131254432993,253131271032993,253131257428101,0,-13.604892
4046002,253131271141425,253131271141425,253131287741425,253131274597698,0,-13.143727
4046009,253131287850849,253131287850849,253131304450849,253131290684368,0,-13.766481
4046016,253131304561243,253131304561243,253131321161243,253131308054648,0,-13.106595
4046023,253131321268284,253131321268284,253131337868284,253131324817750,0,-13.050534
4046030,253131338002718,253131338002718,253131354602718,253131341298260,0,-13.304458
4046037,253131354733139,253131354733139,253131371333139,253131358082358,0,-13.250781
4046050,253131371438348,253131371438348,253131388038348,253131375014854,0,-13.023494
4046063,253131388142457,253131388142457,253131404742457,253131391512779,0,-13.229678
4046070,253131404849824,253131404849824,253131421449824,253131408288250,0,-13.161574
4046077,253131421556816,253131421556816,253131438156816,253131425123415,0,-13.033401
4046084,253131438266149,253131438266149,253131454866149,253131441478762,0,-13.387387
4046091,253131454974138,253131454974138,253131471574138,253131458181561,0,-13.392577
4046098,253131471682706,253131471682706,253131488282706,253131475763551,0,-12.519155
4046105,253131488392800,253131488392800,253131504992800,253131492036012,0,-12.956788
4046112,253131505103460,253131505103460,253131521703460,253131508318809,0,-13.384651
4046119,253131521814749,253131521814749,253131538414749,253131525676393,0,-12.738356
4046126,253131538548382,253131538548382,253131555148382,253131541808677,0,-13.339705
4046133,253131555275747,253131555275747,253131571875747,253131559288332,0,-12.587415
4046140,253131571998206,253131571998206,253131588598206,253131575386680,0,-13.211526
4046147,253131588705509,253131588705509,253131605305509,253131592128583,0,-13.176926
4046154,253131605411498,253131605411498,253131622011498,253131609287396,0,-12.724102
4046161,253131622118147,253131622118147,253131638718147,253131624937705,0,-13.780442
4046168,253131638824219,253131638824219,253131655424219,253131642803916,0,-12.620303
4046175,253131655528727,253131655528727,253131672128727,253131659060549,0,-13.068178
4046182,253131672252022,253131672252022,253131688852022,253131675982179,0,-12.869843
4046189,253131688973775,253131688973775,253131705573775,253131692159670,0,-13.414105
4046196,253131705709447,253131705709447,253131722309447,253131709309613,0,-12.999834
4046203,253131722414238,253131722414238,253131739014238,253131726276207,0,-12.738031
4046270,253131906237065,253131906237065,253131922837065,253131913762901,0,-9.074164
4046283,253131922949892,253131922949892,253131939549892,253131926518068,0,-13.031824
4046296,253131939662882,253131939662882,253131956262882,253131943062908,0,-13.199974
4046309,253131956363344,253131956363344,253131972963344,253131960327556,0,-12.635788
4046322,253131973056237,253131973056237,253131989656237,253131977044557,0,-12.611680
4046335,253131989764394,253131989764394,253132006364394,253131993090416,0,-13.273978
4046348,253132006469815,253132006469815,253132023069815,253132009897829,0,-13.171986
4046361,253132023176310,253132023176310,253132039776310,253132026316408,0,-13.459902
4046374,253132039890188,253132039890188,253132056490188,253132043027304,0,-13.462884
4046387,253132056605122,253132056605122,253132073205122,253132060192465,0,-13.012657
4046400,253132073313473,253132073313473,253132089913473,253132076597699,0,-13.315774
4046413,253132090024369,253132090024369,253132106624369,253132093260459,0,-13.363910
4046426,253132106732041,253132106732041,253132123332041,253132109556520,0,-13.775521
4046439,253132123439460,253132123439460,253132140039460,253132127502321,0,-12.537139
4046452,253132140146469,253132140146469,253132156746469,253132143491660,0,-13.254809
4046465,253132156852765,253132156852765,253132173452765,253132160217531,0,-13.235234
4046478,253132173577108,253132173577108,253132190177108,253132176577435,0,-13.599673
4046491,253132190281124,253132190281124,253132206881124,253132193428387,0,-13.452737
4046504,253132206998472,253132206998472,253132223598472,253132210716554,0,-12.881918
4046517,253132223706581,253132223706581,253132240306581,253132226759849,0,-13.546732
4046530,253132240414529,253132240414529,253132257014529,253132243670616,0,-13.343913
4046543,253132257138583,253132257138583,253132273738583,253132260230471,0,-13.508112
4046556,253132273846847,253132273846847,253132290446847,253132277098839,0,-13.348008
4046569,253132290556351,253132290556351,253132307156351,253132294594689,0,-12.561662
4046582,253132307263785,253132307263785,253132323863785,253132310204021,0,-13.659764
4046595,253132323975086,253132323975086,253132340575086,253132327120812,0,-13.454274
4046608,253132340709600,253132340709600,253132357309600,253132344337486,0,-12.972114
4046627,253132357461904,253132357461904,253132374061904,253132361632286,0,-12.429618
4046634,253132374176713,253132374176713,253132390776713,253132377089601,0,-13.687112
4046641,253132390882050,253132390882050,253132407482050,253132394364463,0,-13.117587
4046648,253132407581636,253132407581636,253132424181636,253132410642702,0,-13.538934
4046655,253132424307677,253132424307677,253132440907677,253132427691490,0,-13.216187
4046662,253132441005447,253132441005447,253132457605447,253132444400230,0,-13.205217
4046669,253132457726554,253132457726554,253132474326554,253132461318035,0,-13.008519
4046676,253132474420405,253132474420405,253132491020405,253132477548545,0,-13.471860
4046683,253132491113629,253132491113629,253132507713629,253132494602663,0,-13.110966
4046690,253132507826130,253132507826130,253132524426130,253132511771852,0,-12.654278
4046697,253132524518759,253132524518759,253132541118759,253132527991417,0,-13.127342
4046704,253132541213278,253132541213278,253132557813278,253132544786501,0,-13.026777
4046711,253132557910440,253132557910440,253132574510440,253132561246544,0,-13.263896
4046718,253132574606905,253132574606905,253132591206905,253132577950971,0,-13.255934
4046725,253132591318161,253132591318161,253132607918161,253132594599815,0,-13.318346
4046732,253132608042831,253132608042831,253132624642831,253132612261843,0,-12.380988
4046739,253132624740262,253132624740262,253132641340262,253132629300213,0,-12.040049
4046746,253132641438265,253132641438265,253132658038265,253132645446698,0,-12.591567
4046753,253132658160558,253132658160558,253132674760558,253132661944745,0,-12.815813
4046760,253132674875798,253132674875798,253132691475798,253132678204186,0,-13.271612
4046767,253132691617712,253132691617712,253132708217712,253132695298342,0,-12.919370
4046774,253132708353309,253132708353309,253132724953309,253132711358075,0,-13.595234
4046781,253132725062138,253132725062138,253132741662138,253132728340252,0,-13.321886
4046788,253132741768538,253132741768538,253132758368538,253132745972089,0,-12.396449
4046795,253132758491578,253132758491578,253132775091578,253132762164879,0,-12.926699
4046802,253132775202319,253132775202319,253132791802319,253132779857099,0,-11.945220
4046809,253132791930191,253132791930191,253132808530191,253132795224490,0,-13.305701
4046816,253132808641408,253132808641408,253132825241408,253132812277713,0,-12.963695
4046823,253132825349729,253132825349729,253132841949729,253132829411990,0,-12.537739
4046830,253132842060595,253132842060595,253132858660595,253132845600711,0,-13.059884
4046837,253132858766596,253132858766596,253132875366596,253132862588503,0,-12.778093
4046844,253132875472041,253132875472041,253132892072041,253132878923057,0,-13.148984
4046851,253132892177845,253132892177845,253132908777845,253132895728314,0,-13.049531
4046858,253132908882528,253132908882528,253132925482528,253132912562706,0,-12.919822
4046865,253132925613870,253132925613870,253132942213870,253132928430748,0,-13.783122
4046872,253132942329400,253132942329400,253132958929400,253132945776613,0,-13.152787
4046879,253132959029694,253132959029694,253132975629694,253132962114220,0,-13.515474
4046886,253132975732615,253132975732615,253132992332615,253132979080568,0,-13.252047
4046893,253132992478627,253132992478627,253133009078627,253132996334393,0,-12.744234
4046900,253133009181115,253133009181115,253133025781115,253133013556032,0,-12.225083
4046979,253133209746315,253133209746315,253133226346315,253133213129396,0,-13.216919
4046992,253133226459760,253133226459760,253133243059760,253133229993533,0,-13.066227
4047005,253133243173163,253133243173163,253133259773163,253133246603233,0,-13.169930
4047018,253133259869396,253133259869396,253133276469396,253133263692264,0,-12.777132
4047031,253133276544270,253133276544270,253133293144270,253133279830894,0,-13.313376
4047044,253133293247216,253133293247216,253133309847216,253133296805219,0,-13.041997
4047057,253133309956953,253133309956953,253133326556953,253133313813438,0,-12.743515
4047070,253133326665266,253133326665266,253133343265266,253133330213992,0,-13.051274
4047083,253133343375398,253133343375398,253133359975398,253133346632164,0,-13.343234
4047096,253133360102028,253133360102028,253133376702028,253133363359785,0,-13.342243
4047109,253133376809039,253133376809039,253133393409039,253133380158369,0,-13.250670
4047122,253133393516224,253133393516224,253133410116224,253133396894046,0,-13.222178
4047135,253133410225644,253133410225644,253133426825644,253133413259524,0,-13.566120
4047148,253133426934614,253133426934614,253133443534614,253133430137982,0,-13.396632
4047161,253133443651752,253133443651752,253133460251752,253133446655520,0,-13.596232
4047174,253133460359843,253133460359843,253133476959843,253133463954145,0,-13.005698
4047187,253133477069152,253133477069152,253133493669152,253133480409996,0,-13.259156
4047200,253133493789900,253133493789900,253133510389900,253133496849043,0,-13.540857
4047213,253133510509266,253133510509266,253133527109266,253133513528486,0,-13.580780
4047226,253133527217815,253133527217815,253133543817815,253133530279015,0,-13.538800
4047239,253133543925614,253133543925614,253133560525614,253133547034222,0,-13.491392
4047252,253133560649933,253133560649933,253133577249933,253133564051476,0,-13.198457
4047265,253133577377024,253133577377024,253133593977024,253133581285607,0,-12.691417
4047278,253133594091606,253133594091606,253133610691606,253133597411909,0,-13.279697
4047291,253133610795870,253133610795870,253133627395870,253133614210777,0,-13.185093
4047304,253133627504401,253133627504401,253133644104401,253133630722578,0,-13.381823
4047317,253133644215148,253133644215148,253133660815148,253133647551110,0,-13.264038
4047336,253133660918370,253133660918370,253133677518370,253133664736371,0,-12.781999
4047343,253133677629930,253133677629930,253133694229930,253133681968713,0,-12.261217
4047350,253133694351820,253133694351820,253133710951820,253133697270835,0,-13.680985
4047357,253133711057485,253133711057485,253133727657485,253133714688764,0,-12.968721
4047364,253133727764604,253133727764604,253133744364604,253133731348025,0,-13.016579
4047371,253133744476502,253133744476502,253133761076502,253133748029788,0,-13.046714
4047378,253133761182585,253133761182585,253133777782585,253133765241173,0,-12.541412
4047385,253133777891071,253133777891071,253133794491071,253133781447187,0,-13.043884
4047392,253133794601057,253133794601057,253133811201057,253133797489057,0,-13.712000
4047399,253133811311238,253133811311238,253133827911238,253133814692955,0,-13.218283
4047406,253133828033162,253133828033162,253133844633162,253133831414391,0,-13.218771
4047413,253133844742568,253133844742568,253133861342568,253133848392744,0,-12.949824
4047420,253133861451215,253133861451215,253133878051215,253133864508629,0,-13.542586
4047427,253133878159306,253133878159306,253133894759306,253133880850100,0,-13.909206
4047434,253133894885366,253133894885366,253133911485366,253133898438927,0,-13.046439
4047441,253133911613827,253133911613827,253133928213827,253133915479983,0,-12.733844
4047448,253133928350555,253133928350555,253133944950555,253133931330651,0,-13.619904
4047455,253133945057851,253133945057851,253133961657851,253133948619509,0,-13.038342
4047462,253133961792160,253133961792160,253133978392160,253133965569868,0,-12.822292
4047469,253133978504882,253133978504882,253133995104882,253133983177249,0,-11.927633
4047476,253133995214096,253133995214096,253134011814096,253133998687788,0,-13.126308
4047483,253134011924508,253134011924508,253134028524508,253134015285199,0,-13.239309
4047490,253134028631614,253134028631614,253134045231614,253134031758386,0,-13.473228
4047497,253134045337100,253134045337100,253134061937100,253134049165611,0,-12.771489
4047504,253134062041230,253134062041230,253134078641230,253134065817426,0,-12.823804
4047511,253134078749781,253134078749781,253134095349781,253134083379926,0,-11.969855
4047518,253134095458691,253134095458691,253134112058691,253134098413576,0,-13.645115
4047525,253134112165230,253134112165230,253134128765230,253134116477786,0,-12.287444
4047532,253134128874995,253134128874995,253134145474995,253134132047814,0,-13.427181
4047539,253134145608609,253134145608609,253134162208609,253134148594445,0,-13.614164
4047546,253134162335690,253134162335690,253134178935690,253134167008141,0,-11.927549
4047553,253134179037980,253134179037980,253134195637980,253134181994917,0,-13.643063
4047560,253134195740721,253134195740721,253134212340721,253134199047570,0,-13.293151
4047567,253134212441386,253134212441386,253134229041386,253134216334272,0,-12.707114
4047574,253134229141950,253134229141950,253134245741950,253134232158613,0,-13.583337
4047581,253134245853705,253134245853705,253134262453705,253134249795209,0,-12.658496
4047588,253134262573199,253134262573199,253134279173199,253134266312625,0,-12.860574
4047595,253134279277201,253134279277201,253134295877201,253134282473799,0,-13.403402
4047602,253134296026694,253134296026694,253134312626694,253134299294965,0,-13.331729
4047675,253134479845405,253134479845405,253134496445405,253134483059330,0,-13.386075
4047688,253134496557943,253134496557943,253134513157943,253134499600590,0,-13.557353
4047701,253134513270683,253134513270683,253134529870683,253134516288170,0,-13.582513
4047714,253134529964176,253134529964176,253134546564176,253134533349775,0,-13.214401
4047727,253134546653181,253134546653181,253134563253181,253134549547285,0,-13.705896
4047740,253134563351432,253134563351432,253134579951432,253134566321536,0,-13.629896
4047753,253134580056186,253134580056186,253134596656186,253134583458825,0,-13.197361
4047766,253134596764894,253134596764894,253134613364894,253134600281578,0,-13.083316
4047779,253134613470196,253134613470196,253134630070196,253134616859948,0,-13.210248
4047792,253134630175890,253134630175890,253134646775890,253134633532515,0,-13.243375
4047805,253134646894263,253134646894263,253134663494263,253134650470300,0,-13.023963
4047818,253134663611238,253134663611238,253134680211238,253134667090742,0,-13.120496
4047831,253134680322870,253134680322870,253134696922870,253134683495772,0,-13.427098
4047844,253134697033692,253134697033692,253134713633692,253134700815352,0,-12.818340
4047857,253134713758947,253134713758947,253134730358947,253134716872317,0,-13.486630
4047870,253134730466817,253134730466817,253134747066817,253134733957563,0,-13.109254
4047883,253134747175642,253134747175642,253134763775642,253134750433557,0,-13.342085
4047896,253134763885313,253134763885313,253134780485313,253134767019128,0,-13.466185
4047909,253134780594246,253134780594246,253134797194246,253134783680748,0,-13.513498
4047922,253134797317762,253134797317762,253134813917762,253134800437463,0,-13.480299
4047935,253134814031419,253134814031419,253134830631419,253134817432905,0,-13.198514
4047948,253134830743628,253134830743628,253134847343628,253134834060265,0,-13.283363
4047961,253134847456916,253134847456916,253134864056916,253134851046145,0,-13.010771
4047974,253134864171008,253134864171008,253134880771008,253134867873376,0,-12.897632
4047987,253134880879841,253134880879841,253134897479841,253134884225142,0,-13.254699
4048000,253134897619381,253134897619381,253134914219381,253134901567875,0,-12.651506
4048013,253134914325823,253134914325823,253134930925823,253134917587324,0,-13.338499
4048032,253134931035792,253134931035792,253134947635792,253134934425540,0,-13.210252
4048039,253134947748806,253134947748806,253134964348806,253134951688195,0,-12.660611
4048046,253134964452614,253134964452614,253134981052614,253134967998295,0,-13.054319
4048053,253134981155714,253134981155714,253134997755714,253134984734337,0,-13.021377
4048060,253134997859034,253134997859034,253135014459034,253135001664025,0,-12.795009
4048067,253135014563290,253135014563290,253135031163290,253135017518803,0,-13.644487
4048074,253135031266014,253135031266014,253135047866014,253135035494632,0,-12.371382
4048081,253135047984494,253135047984494,253135064584494,253135051787764,0,-12.796730
4048088,253135064698984,253135064698984,253135081298984,253135069296472,0,-12.002512
4048095,253135081402918,253135081402918,253135098002918,253135085102624,0,-12.900294
4048102,253135098108668,253135098108668,253135114708668,253135101335737,0,-13.372931
4048109,253135114811839,253135114811839,253135131411839,253135118070031,0,-13.341808
4048116,253135131513303,253135131513303,253135148113303,253135136028812,0,-12.084491
4048123,253135148242312,253135148242312,253135164842312,253135152229943,0,-12.612369
4048130,253135164938810,253135164938810,253135181538810,253135170439700,0,-11.099110
4048137,253135181634019,253135181634019,253135198234019,253135184556237,0,-13.677782
4048144,253135198349602,253135198349602,253135214949602,253135201920902,0,-13.028700
4048151,253135215067676,253135215067676,253135231667676,253135218226199,0,-13.441477
4048158,253135231779619,253135231779619,253135248379619,253135235297733,0,-13.081886
4048165,253135248473069,253135248473069,253135265073069,253135252032636,0,-13.040433
4048172,253135265174129,253135265174129,253135281774129,253135269053226,0,-12.720903
4048179,253135281890225,253135281890225,253135298490225,253135285986617,0,-12.503608
4048186,253135298612462,253135298612462,253135315212462,253135302326785,0,-12.885677
4048193,253135315327405,253135315327405,253135331927405,253135318458581,0,-13.468824
4048200,253135332019130,253135332019130,253135348619130,253135335391117,0,-13.228013
4048207,253135348709204,253135348709204,253135365309204,253135351976240,0,-13.332964
4048214,253135365421965,253135365421965,253135382021965,253135368423872,0,-13.598093
4048221,253135382108344,253135382108344,253135398708344,253135385293012,0,-13.415332
4048228,253135398804214,253135398804214,253135415404214,253135402540653,0,-12.863561
4048235,253135415520905,253135415520905,253135432120905,253135419375045,0,-12.745860
4048242,253135432211533,253135432211533,253135448811533,253135435542769,0,-13.268764
4048249,253135448902363,253135448902363,253135465502363,253135452889163,0,-12.613200
4048256,253135465591150,253135465591150,253135482191150,253135469756392,0,-12.434758
4048263,253135482319623,253135482319623,253135498919623,253135486440027,0,-12.479596
4048270,253135499008587,253135499008587,253135515608587,253135502385583,0,-13.223004
4048277,253135515697308,253135515697308,253135532297308,253135519493533,0,-12.803775
4048284,253135532401419,253135532401419,253135549001419,253135535828942,0,-13.172477
4048291,253135549108638,253135549108638,253135565708638,253135552417892,0,-13.290746
4048298,253135565828603,253135565828603,253135582428603,253135569716515,0,-12.712088
4048383,253135782967889,253135782967889,253135799567889,253135786448856,0,-13.119033
4048396,253135799671216,253135799671216,253135816271216,253135803351688,0,-12.919528
4048409,253135816374624,253135816374624,253135832974624,253135819613854,0,-13.360770
4048422,253135833092507,253135833092507,253135849692507,253135836070967,0,-13.621540
4048435,253135849795528,253135849795528,253135866395528,253135853594852,0,-12.800676
4048448,253135866491183,253135866491183,253135883091183,253135869414230,0,-13.676953
4048461,253135883192407,253135883192407,253135899792407,253135886353886,0,-13.438521
4048474,253135899938683,253135899938683,253135916538683,253135903213180,0,-13.325503
4048487,253135916663415,253135916663415,253135933263415,253135920089522,0,-13.173893
4048500,253135933359224,253135933359224,253135949959224,253135936325157,0,-13.634067
4048513,253135950065672,253135950065672,253135966665672,253135953657882,0,-13.007790
4048526,253135966765063,253135966765063,253135983365063,253135969955855,0,-13.409208
4048539,253135983466988,253135983466988,253136000066988,253135986491581,0,-13.575407
4048552,253136000170006,253136000170006,253136016770006,253136003661666,0,-13.108340
4048565,253136016879119,253136016879119,253136033479119,253136020729333,0,-12.749786
4048578,253136033584115,253136033584115,253136050184115,253136037315800,0,-12.868315
4048591,253136050288277,253136050288277,253136066888277,253136053458011,0,-13.430266
4048604,253136066991823,253136066991823,253136083591823,253136070091923,0,-13.499900
4048617,253136083700098,253136083700098,253136100300098,253136086565433,0,-13.734665
4048630,253136100414535,253136100414535,253136117014535,253136104062057,0,-12.952478
4048643,253136117118184,253136117118184,253136133718184,253136120616825,0,-13.101359
4048656,253136133837207,253136133837207,253136150437207,253136137161666,0,-13.275541
4048669,253136150562403,253136150562403,253136167162403,253136153951746,0,-13.210657
4048682,253136167270873,253136167270873,253136183870873,253136170679976,0,-13.190897
4048695,253136183970328,253136183970328,253136200570328,253136187156498,0,-13.413830
4048708,253136200673571,253136200673571,253136217273571,253136204214116,0,-13.059455
4048727,253136217410412,253136217410412,253136234010412,253136220565800,0,-13.444612
4048734,253136234119202,253136234119202,253136250719202,253136237445521,0,-13.273681
4048741,253136250840586,253136250840586,253136267440586,253136255141850,0,-12.298736
4048748,253136267547407,253136267547407,253136284147407,253136271458744,0,-12.688663
4048755,253136284252052,253136284252052,253136300852052,253136287460331,0,-13.391721
4048762,253136300957080,253136300957080,253136317557080,253136303983606,0,-13.573474
4048769,253136317683481,253136317683481,253136334283481,253136320875290,0,-13.408191
4048776,253136334388844,253136334388844,253136350988844,253136339227665,0,-11.761179
4048783,253136351095321,253136351095321,253136367695321,253136354744999,0,-12.950322
4048790,253136367805668,253136367805668,253136384405668,253136371558598,0,-12.847070
4048797,253136384517750,253136384517750,253136401117750,253136388191695,0,-12.926055
4048804,253136401224308,253136401224308,253136417824308,253136405416631,0,-12.407677
4048811,253136417937311,253136417937311,253136434537311,253136421526615,0,-13.010696
4048818,253136434645244,253136434645244,253136451245244,253136438265507,0,-12.979737
4048825,253136451355581,253136451355581,253136467955581,253136454851486,0,-13.104095
4048832,253136468082674,253136468082674,253136484682674,253136471914921,0,-12.767753
4048839,253136484794142,253136484794142,253136501394142,253136488626510,0,-12.767632
4048846,253136501502784,253136501502784,253136518102784,253136504761275,0,-13.341509
4048853,253136518211155,253136518211155,253136534811155,253136521878910,0,-12.932245
4048860,253136534921353,253136534921353,253136551521353,253136539193078,0,-12.328275
4048867,253136551624383,253136551624383,253136568224383,253136556048222,0,-12.176161
4048874,253136568345792,253136568345792,253136584945792,253136572182093,0,-12.763699
4048881,253136585054424,253136585054424,253136601654424,253136588458175,0,-13.196249
4048888,253136601758407,253136601758407,253136618358407,253136604954594,0,-13.403813
4048895,253136618459636,253136618459636,253136635059636,253136621904341,0,-13.155295
4048902,253136635182861,253136635182861,253136651782861,253136639100468,0,-12.682393
4048909,253136651895217,253136651895217,253136668495217,253136655838791,0,-12.656426
4048916,253136668594599,253136668594599,253136685194599,253136672905277,0,-12.289322
4048923,253136685294063,253136685294063,253136701894063,253136688747847,0,-13.146216
4048930,253136702015974,253136702015974,253136718615974,253136705199385,0,-13.416589
4048937,253136718716935,253136718716935,253136735316935,253136722406457,0,-12.910478
4048944,253136735414510,253136735414510,253136752014510,253136739481002,0,-12.533508
4048951,253136752114054,253136752114054,253136768714054,253136755452153,0,-13.261901
4048958,253136768812958,253136768812958,253136785412958,253136772218754,0,-13.194204
4048965,253136785512969,253136785512969,253136802112969,253136790022139,0,-12.090830
4048972,253136802214989,253136802214989,253136818814989,253136806325810,0,-12.489179
4048979,253136818914532,253136818914532,253136835514532,253136823041182,0,-12.473350
4048986,253136835616649,253136835616649,253136852216649,253136839157394,0,-13.059255
4048993,253136852323673,253136852323673,253136868923673,253136855887048,0,-13.036625
4049000,253136869028557,253136869028557,253136885628557,253136873237716,0,-12.390841
4049079,253137069516897,253137069516897,253137086116897,253137073813237,0,-12.303660
4049092,253137086223320,253137086223320,253137102823320,253137089378219,0,-13.445101
4049105,253137102929499,253137102929499,253137119529499,253137105660770,0,-13.868729
4049118,253137119626585,253137119626585,253137136226585,253137123707646,0,-12.518939
4049131,253137136323381,253137136323381,253137152923381,253137139915207,0,-13.008174
4049144,253137153076134,253137153076134,253137169676134,253137156804855,0,-12.871279
4049157,253137169802557,253137169802557,253137186402557,253137173288294,0,-13.114263
4049170,253137186525529,253137186525529,253137203125529,253137189873132,0,-13.252397
4049183,253137203217695,253137203217695,253137219817695,253137206433964,0,-13.383731
4049196,253137219922545,253137219922545,253137236522545,253137223416997,0,-13.105548
4049209,253137236621997,253137236621997,253137253221997,253137240381800,0,-12.840197
4049222,253137253322811,253137253322811,253137269922811,253137256729456,0,-13.193355
4049235,253137270024187,253137270024187,253137286624187,253137274039596,0,-12.584591
4049248,253137286727113,253137286727113,253137303327113,253137290159836,0,-13.167277
4049261,253137303430407,253137303430407,253137320030407,253137306466273,0,-13.564134
4049274,253137320134670,253137320134670,253137336734670,253137323707972,0,-13.026698
4049287,253137336838377,253137336838377,253137353438377,253137340861657,0,-12.576720
4049300,253137353552919,253137353552919,253137370152919,253137356595423,0,-13.557496
4049313,253137370256255,253137370256255,253137386856255,253137373528162,0,-13.328093
4049326,253137386958447,253137386958447,253137403558447,253137390506067,0,-13.052380
4049339,253137403656829,253137403656829,253137420256829,253137407349817,0,-12.907012
4049352,253137420384799,253137420384799,253137436984799,253137424213466,0,-12.771333
4049365,253137437086993,253137437086993,253137453686993,253137440506027,0,-13.180966
4049378,253137453811394,253137453811394,253137470411394,253137457005091,0,-13.406303
4049391,253137470506061,253137470506061,253137487106061,253137473861657,0,-13.244404
4049404,253137487213358,253137487213358,253137503813358,253137491056401,0,-12.756957
4049417,253137503927221,253137503927221,253137520527221,253137507107873,0,-13.419348
4049436,253137520633867,253137520633867,253137537233867,253137524609990,0,-12.623877
4049443,253137537342159,253137537342159,253137553942159,253137540606450,0,-13.335709
4049450,253137554044958,253137554044958,253137570644958,253137557647628,0,-12.997330
4049457,253137570744962,253137570744962,253137587344962,253137574289433,0,-13.055529
4049464,253137587444971,253137587444971,253137604044971,253137590441452,0,-13.603519
4049471,253137604146650,253137604146650,253137620746650,253137607683151,0,-13.063499
4049478,253137620848060,253137620848060,253137637448060,253137624772792,0,-12.675268
4049485,253137637548798,253137637548798,253137654148798,253137640851526,0,-13.297272
4049492,253137654251940,253137654251940,253137670851940,253137658049280,0,-12.802660
4049499,253137670951744,253137670951744,253137687551744,253137674182744,0,-13.369000
4049506,253137687665698,253137687665698,253137704265698,253137691725671,0,-12.540027
4049513,253137704367533,253137704367533,253137720967533,253137708205612,0,-12.761921
4049520,253137721068487,253137721068487,253137737668487,253137724527592,0,-13.140895
4049527,253137737767786,253137737767786,253137754367786,253137740858607,0,-13.509179
4049534,253137754477542,253137754477542,253137771077542,253137757614222,0,-13.463320
4049541,253137771180348,253137771180348,253137787780348,253137774247563,0,-13.532785
4049548,253137787898412,253137787898412,253137804498412,253137790874069,0,-13.624343
4049555,253137804601105,253137804601105,253137821201105,253137808476120,0,-12.724985
4049562,253137821303077,253137821303077,253137837903077,253137825394780,0,-12.508297
4049569,253137838006548,253137838006548,253137854606548,253137841501592,0,-13.104956
4049576,253137854708001,253137854708001,253137871308001,253137858353235,0,-12.954766
4049583,253137871413265,253137871413265,253137888013265,253137875613163,0,-12.400102
4049590,253137888119066,253137888119066,253137904719066,253137892103398,0,-12.615668
4049597,253137904824868,253137904824868,253137921424868,253137908606735,0,-12.818133
4049604,253137921555920,253137921555920,253137938155920,253137925543258,0,-12.612662
4049611,253137938262763,253137938262763,253137954862763,253137942193853,0,-12.668910
4049618,253137954968844,253137954968844,253137971568844,253137958643926,0,-12.924918
4049625,253137971677147,253137971677147,253137988277147,253137975215947,0,-13.061200
4049632,253137988387704,253137988387704,253138004987704,253137991871749,0,-13.115955
4049639,253138005096849,253138005096849,253138021696849,253138008779017,0,-12.917832
4049646,253138021799958,253138021799958,253138038399958,253138025665776,0,-12.734182
4049653,253138038507132,253138038507132,253138055107132,253138042157436,0,-12.949696
4049660,253138055210996,253138055210996,253138071810996,253138059367681,0,-12.443315
4049667,253138071916411,253138071916411,253138088516411,253138075577112,0,-12.939299
4049674,253138088618213,253138088618213,253138105218213,253138092309697,0,-12.908516
4049681,253138105321547,253138105321547,253138121921547,253138110157109,0,-11.764438
4049688,253138122025960,253138122025960,253138138625960,253138125986902,0,-12.639058
4049695,253138138729177,253138138729177,253138155329177,253138142586553,0,-12.742624
4049702,253138155435739,253138155435739,253138172035739,253138159236943,0,-12.798796
4049787,253138372616438,253138372616438,253138389216438,253138382203415,0,-7.013023
4049800,253138389322487,253138389322487,253138405922487,253138395012660,0,-10.909827
4049813,253138406028413,253138406028413,253138422628413,253138410426559,0,-12.201854
4049826,253138422734222,253138422734222,253138439334222,253138426308803,0,-13.025419
4049839,253138439486446,253138439486446,253138456086446,253138442530848,0,-13.555598
4049852,253138456227126,253138456227126,253138472827126,253138459867763,0,-12.959363
4049865,253138472943771,253138472943771,253138489543771,253138476209682,0,-13.334089
4049878,253138489660919,253138489660919,253138506260919,253138492842290,0,-13.418629
4049891,253138506373864,253138506373864,253138522973864,253138509647100,0,-13.326764
4049904,253138523082739,253138523082739,253138539682739,253138526059006,0,-13.623733
4049917,253138539791798,253138539791798,253138556391798,253138543010626,0,-13.381172
4049930,253138556499234,253138556499234,253138573099234,253138560245774,0,-12.853460
4049943,253138573204860,253138573204860,253138589804860,253138576918300,0,-12.886560
4049956,253138589923505,253138589923505,253138606523505,253138593957769,0,-12.565736
4049969,253138606639895,253138606639895,253138623239895,253138610027512,0,-13.212383
4049982,253138623343063,253138623343063,253138639943063,253138626935145,0,-13.007918
4049995,253138640083722,253138640083722,253138656683722,253138644206711,0,-12.477011
4050008,253138656786091,253138656786091,253138673386091,253138660125616,0,-13.260475
4050021,253138673488115,253138673488115,253138690088115,253138677642054,0,-12.446061
4050034,253138690189408,253138690189408,253138706789408,253138693685593,0,-13.103815
4050047,253138706890365,253138706890365,253138723490365,253138710208786,0,-13.281579
4050060,253138723608348,253138723608348,253138740208348,253138727759324,0,-12.449024
4050073,253138740311250,253138740311250,253138756911250,253138744143642,0,-12.767608
4050086,253138757006235,253138757006235,253138773606235,253138760178025,0,-13.428210
4050099,253138773723827,253138773723827,253138790323827,253138777397629,0,-12.926198
4050112,253138790422285,253138790422285,253138807022285,253138793809046,0,-13.213239
4050125,253138807125918,253138807125918,253138823725918,253138810495407,0,-13.230511
4050144,253138823827801,253138823827801,253138840427801,253138827312464,0,-13.115337
4050151,253138840535571,253138840535571,253138857135571,253138843939011,0,-13.196560
4050158,253138857238322,253138857238322,253138873838322,253138862061448,0,-11.776874
4050165,253138873938001,253138873938001,253138890538001,253138878002202,0,-12.535799
4050172,253138890657715,253138890657715,253138907257715,253138893858240,0,-13.399475
4050179,253138907356520,253138907356520,253138923956520,253138911096157,0,-12.860363
4050186,253138924069415,253138924069415,253138940669415,253138927850835,0,-12.818580
4050193,253138940783521,253138940783521,253138957383521,253138944069422,0,-13.314099
4050200,253138957486804,253138957486804,253138974086804,253138960903651,0,-13.183153
4050207,253138974227513,253138974227513,253138990827513,253138977602870,0,-13.224643
4050214,253138990931905,253138990931905,253139007531905,253138994831792,0,-12.700113
4050221,253139007635316,253139007635316,253139024235316,253139010980515,0,-13.254801
4050228,253139024339254,253139024339254,253139040939254,253139027179205,0,-13.760049
4050235,253139041040344,253139041040344,253139057640344,253139044433721,0,-13.206623
4050242,253139057756788,253139057756788,253139074356788,253139061939377,0,-12.417411
4050249,253139074460939,253139074460939,253139091060939,253139077691126,0,-13.369813
4050256,253139091161984,253139091161984,253139107761984,253139094566941,0,-13.195043
4050263,253139107874259,253139107874259,253139124474259,253139111737758,0,-12.736501
4050270,253139124577905,253139124577905,253139141177905,253139128471156,0,-12.706749
4050277,253139141282427,253139141282427,253139157882427,253139145077357,0,-12.805070
4050284,253139157985291,253139157985291,253139174585291,253139161386765,0,-13.198526
4050291,253139174687992,253139174687992,253139191287992,253139179356207,0,-11.931785
4050298,253139191391136,253139191391136,253139207991136,253139195092250,0,-12.898886
4050305,253139208335732,253139208335732,253139224935732,253139212022385,0,-12.913347
4050312,253139225060525,253139225060525,253139241660525,253139228877894,0,-12.782631
4050319,253139241741332,253139241741332,253139258341332,253139245355719,0,-12.985613
4050326,253139258425618,253139258425618,253139275025618,253139261812221,0,-13.213397
4050333,253139275111955,253139275111955,253139291711955,253139278453904,0,-13.258051
4050340,253139291827569,253139291827569,253139308427569,253139295387172,0,-13.040397
4050347,253139308535982,253139308535982,253139325135982,253139312670944,0,-12.465038
4050354,253139325248569,253139325248569,253139341848569,253139329221644,0,-12.626925
4050361,253139341931078,253139341931078,253139358531078,253139345968063,0,-12.563015
4050368,253139358611548,253139358611548,253139375211548,253139361903366,0,-13.308182
4050375,253139375318359,253139375318359,253139391918359,253139379059739,0,-12.858620
4050382,253139392007426,253139392007426,253139408607426,253139396219122,0,-12.388304
4050389,253139408687162,253139408687162,253139425287162,253139412054246,0,-13.232916
4050396,253139425361524,253139425361524,253139441961524,253139428986537,0,-12.974987
4050403,253139442040924,253139442040924,253139458640924,253139445395310,0,-13.245614
4050410,253139458723495,253139458723495,253139475323495,253139462795335,0,-12.528160
4050489,253139659011414,253139659011414,253139675611414,253139662615159,0,-12.996255
4050502,253139675706024,253139675706024,253139692306024,253139679926071,0,-12.379953
4050515,253139692400759,253139692400759,253139709000759,253139695540818,0,-13.459941
4050528,253139709100314,253139709100314,253139725700314,253139712145636,0,-13.554678
4050541,253139726115761,253139726115761,253139742715761,253139729856126,0,-12.859635
4050554,253139742827745,253139742827745,253139759427745,253139746406743,0,-13.021002
4050567,253139759526568,253139759526568,253139776126568,253139763460495,0,-12.666073
4050580,253139776260919,253139776260919,253139792860919,253139779623988,0,-13.236931
4050593,253139792967083,253139792967083,253139809567083,253139796778937,0,-12.788146
4050606,253139809679819,253139809679819,253139826279819,253139812878993,0,-13.400826
4050619,253139826389786,253139826389786,253139842989786,253139829220261,0,-13.769525
4050632,253139843101970,253139843101970,253139859701970,253139847238857,0,-12.463113
4050645,253139859808680,253139859808680,253139876408680,253139863310675,0,-13.098005
4050658,253139876515437,253139876515437,253139893115437,253139880280605,0,-12.834832
4050671,253139893249474,253139893249474,253139909849474,253139896397507,0,-13.451967
4050684,253139909959733,253139909959733,253139926559733,253139913202520,0,-13.357213
4050697,253139926666748,253139926666748,253139943266748,253139929776901,0,-13.489847
4050710,253139943373278,253139943373278,253139959973278,253139946740892,0,-13.232386
4050723,253139960080373,253139960080373,253139976680373,253139963226771,0,-13.453602
4050736,253139976788931,253139976788931,253139993388931,253139980247402,0,-13.141529
4050749,253139993493260,253139993493260,253140010093260,253139996684291,0,-13.408969
4050762,253140010199167,253140010199167,253140026799167,253140013648403,0,-13.150764
4050775,253140026895820,253140026895820,253140043495820,253140030391933,0,-13.103887
4050788,253140043626788,253140043626788,253140060226788,253140047542486,0,-12.684302
4050801,253140060336129,253140060336129,253140076936129,253140064143764,0,-12.792365
4050814,253140077038487,253140077038487,253140093638487,253140080068731,0,-13.569756
4050833,253140093778278,253140093778278,253140110378278,253140097238978,0,-13.139300
4050840,253140110489736,253140110489736,253140127089736,253140113445888,0,-13.643848
4050847,253140127197822,253140127197822,253140143797822,253140130461717,0,-13.336105
4050854,253140143902394,253140143902394,253140160502394,253140147084235,0,-13.418159
4050861,253140160627073,253140160627073,253140177227073,253140163778611,0,-13.448462
4050868,253140177358036,253140177358036,253140193958036,253140181556483,0,-12.401553
4050875,253140194057959,253140194057959,253140210657959,253140197346156,0,-13.311803
4050882,253140210763117,253140210763117,253140227363117,253140213664027,0,-13.699090
4050889,253140227484335,253140227484335,253140244084335,253140231746914,0,-12.337421
4050896,253140244189612,253140244189612,253140260789612,253140247333950,0,-13.455662
4050903,253140260915602,253140260915602,253140277515602,253140264617885,0,-12.897717
4050910,253140277621250,253140277621250,253140294221250,253140281381801,0,-12.839449
4050917,253140294326875,253140294326875,253140310926875,253140297518764,0,-13.408111
4050924,253140311033003,253140311033003,253140327633003,253140313953782,0,-13.679221
4050931,253140327738124,253140327738124,253140344338124,253140331329555,0,-13.008569
4050938,253140344443174,253140344443174,253140361043174,253140347416876,0,-13.626298
4050945,253140361166462,253140361166462,253140377766462,253140364818976,0,-12.947486
4050952,253140377866659,253140377866659,253140394466659,253140381545010,0,-12.921649
4050959,253140394566683,253140394566683,253140411166683,253140398087286,0,-13.079397
4050966,253140411265404,253140411265404,253140427865404,253140414870042,0,-12.995362
4050973,253140427983462,253140427983462,253140444583462,253140431695277,0,-12.888185
4050980,253140444684526,253140444684526,253140461284526,253140448256110,0,-13.028416
4050987,253140461411520,253140461411520,253140478011520,253140465314174,0,-12.697346
4050994,253140478141083,253140478141083,253140494741083,253140482675258,0,-12.065825
4051001,253140494883710,253140494883710,253140511483710,253140498243902,0,-13.239808
4051008,253140511623615,253140511623615,253140528223615,253140514979172,0,-13.244443
4051015,253140528322155,253140528322155,253140544922155,253140531836879,0,-13.085276
4051022,253140545026616,253140545026616,253140561626616,253140548350552,0,-13.276064
4051029,253140561753256,253140561753256,253140578353256,253140564921270,0,-13.431986
4051036,253140578452087,253140578452087,253140595052087,253140581757615,0,-13.294472
4051043,253140595164913,253140595164913,253140611764913,253140598267992,0,-13.496921
4051050,253140611867928,253140611867928,253140628467928,253140615138637,0,-13.329291
4051057,253140628573851,253140628573851,253140645173851,253140631796799,0,-13.377052
4051064,253140645277787,253140645277787,253140661877787,253140648373664,0,-13.504123
4051071,253140661981577,253140661981577,253140678581577,253140665666998,0,-12.914579
4051078,253140678684780,253140678684780,253140695284780,253140681992275,0,-13.292505
4051085,253140695431455,253140695431455,253140712031455,253140698484422,0,-13.547033
4051092,253140712193394,253140712193394,253140728793394,253140716474046,0,-12.319348
4051099,253140728891919,253140728891919,253140745491919,253140732505784,0,-12.986135
4051106,253140745615940,253140745615940,253140762215940,253140748547899,0,-13.668041
4051185,253140946113990,253140946113990,253140962713990,253140949302863,0,-13.411127
4051210,253140979537954,253140979537954,253140996137954,253140983430915,0,-12.707039
4051223,253140996288678,253140996288678,253141012888678,253140999763475,0,-13.125203
4051236,253141013002389,253141013002389,253141029602389,253141016838711,0,-12.763678
4051249,253141029681198,253141029681198,253141046281198,253141032814541,0,-13.466657
4051262,253141046381844,253141046381844,253141062981844,253141049659023,0,-13.322821
4051275,253141063080650,253141063080650,253141079680650,253141066320278,0,-13.360372
4051288,253141079782419,253141079782419,253141096382419,253141083010667,0,-13.371752
4051301,253141096498988,253141096498988,253141113098988,253141099918139,0,-13.180849
4051314,253141113205975,253141113205975,253141129805975,253141116440720,0,-13.365255
4051327,253141129912440,253141129912440,253141146512440,253141133695319,0,-12.817121
4051340,253141146635861,253141146635861,253141163235861,253141150292080,0,-12.943781
4051353,253141163342289,253141163342289,253141179942289,253141167138190,0,-12.804099
4051366,253141180048823,253141180048823,253141196648823,253141183581224,0,-13.067599
4051379,253141196755672,253141196755672,253141213355672,253141200568324,0,-12.787348
4051392,253141213461180,253141213461180,253141230061180,253141216387865,0,-13.673315
4051405,253141230182816,253141230182816,253141246782816,253141233595710,0,-13.187106
4051418,253141246911348,253141246911348,253141263511348,253141249888068,0,-13.623280
4051431,253141263623648,253141263623648,253141280223648,253141267050014,0,-13.173634
4051444,253141280346216,253141280346216,253141296946216,253141283751389,0,-13.194827
4051457,253141297058725,253141297058725,253141313658725,253141300311367,0,-13.347358
4051470,253141313768721,253141313768721,253141330368721,253141316918138,0,-13.450583
4051483,253141330476774,253141330476774,253141347076774,253141333621262,0,-13.455512
4051496,253141347216488,253141347216488,253141363816488,253141350696458,0,-13.120030
4051509,253141363925597,253141363925597,253141380525597,253141367521247,0,-13.004350
4051522,253141380640377,253141380640377,253141397240377,253141383887986,0,-13.352391
4051541,253141397352522,253141397352522,253141413952522,253141401002937,0,-12.949585
4051548,253141414065757,253141414065757,253141430665757,253141416903042,0,-13.762715
4051555,253141430781291,253141430781291,253141447381291,253141434688443,0,-12.692848
4051562,253141447494076,253141447494076,253141464094076,253141450640753,0,-13.453323
4051569,253141464225969,253141464225969,253141480825969,253141467473029,0,-13.352940
4051576,253141480947734,253141480947734,253141497547734,253141484102138,0,-13.445596
4051583,253141497656899,253141497656899,253141514256899,253141501310878,0,-12.946021
4051590,253141514391672,253141514391672,253141530991672,253141518300137,0,-12.691535
4051597,253141531117438,253141531117438,253141547717438,253141534562303,0,-13.155135
4051604,253141547819732,253141547819732,253141564419732,253141551543546,0,-12.876186
4051611,253141564526639,253141564526639,253141581126639,253141568336635,0,-12.790004
4051618,253141581227421,253141581227421,253141597827421,253141584630704,0,-13.196717
4051625,253141597931820,253141597931820,253141614531820,253141600970669,0,-13.561151
4051632,253141614632534,253141614632534,253141631232534,253141617318732,0,-13.913802
4051639,253141631333809,253141631333809,253141647933809,253141634921923,0,-13.011886
4051646,253141648035137,253141648035137,253141664635137,253141652059007,0,-12.576130
4051653,253141664759701,253141664759701,253141681359701,253141668419155,0,-12.940546
4051660,253141681460666,253141681460666,253141698060666,253141685172288,0,-12.888378
4051667,253141698162641,253141698162641,253141714762641,253141701298794,0,-13.463847
4051674,253141714866457,253141714866457,253141731466457,253141717786221,0,-13.680236
4051681,253141731565876,253141731565876,253141748165876,253141735635505,0,-12.530371
4051688,253141748296882,253141748296882,253141764896882,253141752010464,0,-12.886418
4051695,253141764999559,253141764999559,253141781599559,253141769001635,0,-12.597924
4051702,253141781702458,253141781702458,253141798302458,253141785205573,0,-13.096885
4051709,253141798418145,253141798418145,253141815018145,253141801561041,0,-13.457104
4051716,253141815121485,253141815121485,253141831721485,253141817900641,0,-13.820844
4051723,253141831826584,253141831826584,253141848426584,253141836040738,0,-12.385846
4051730,253141848549194,253141848549194,253141865149194,253141852024949,0,-13.124245
4051737,253141865298352,253141865298352,253141881898352,253141868483446,0,-13.414906
4051744,253141882007199,253141882007199,253141898607199,253141885536791,0,-13.070408
4051751,253141898714796,253141898714796,253141915314796,253141902269253,0,-13.045543
4051758,253141915420494,253141915420494,253141932020494,253141918952603,0,-13.067891
4051765,253141932149978,253141932149978,253141948749978,253141936637458,0,-12.112520
4051772,253141948856102,253141948856102,253141965456102,253141952296923,0,-13.159179
4051779,253141965562707,253141965562707,253141982162707,253141969950039,0,-12.212668
4051786,253141982269079,253141982269079,253141998869079,253141985577033,0,-13.292046
4051793,253141998994470,253141998994470,253142015594470,253142003037442,0,-12.557028
4051800,253142015705222,253142015705222,253142032305222,253142019234788,0,-13.070434
4051807,253142032416590,253142032416590,253142049016590,253142035847786,0,-13.168804
4051880,253142232984106,253142232984106,253142249584106,253142241216886,0,-8.367220
4051893,253142249697688,253142249697688,253142266297688,253142252858893,0,-13.438795
4051906,253142266411109,253142266411109,253142283011109,253142269611295,0,-13.399814
4051919,253142283118376,253142283118376,253142299718376,253142286585090,0,-13.133286
4051932,253142299877885,253142299877885,253142316477885,253142303488858,0,-12.989027
4051945,253142316609230,253142316609230,253142333209230,253142319677497,0,-13.531733
4051958,253142333331185,253142333331185,253142349931185,253142336614346,0,-13.316839
4051971,253142350029716,253142350029716,253142366629716,253142353064745,0,-13.564971
4051984,253142366734092,253142366734092,253142383334092,253142369750007,0,-13.584085
4051997,253142383450217,253142383450217,253142400050217,253142386352343,0,-13.697874
4052010,253142400158658,253142400158658,253142416758658,253142403597135,0,-13.161523
4052023,253142416865179,253142416865179,253142433465179,253142420430915,0,-13.034264
4052036,253142433589198,253142433589198,253142450189198,253142436636237,0,-13.552961
4052049,253142450303432,253142450303432,253142466903432,253142453408821,0,-13.494611
4052062,253142467012842,253142467012842,253142483612842,253142470279873,0,-13.332969
4052075,253142483722513,253142483722513,253142500322513,253142487172329,0,-13.150184
4052088,253142500433340,253142500433340,253142517033340,253142504237678,0,-12.795662
4052101,253142517155051,253142517155051,253142533755051,253142520269823,0,-13.485228
4052114,253142533864743,253142533864743,253142550464743,253142536827969,0,-13.636774
4052127,253142550573034,253142550573034,253142567173034,253142553890143,0,-13.282891
4052140,253142567279086,253142567279086,253142583879086,253142570653531,0,-13.225555
4052153,253142583985115,253142583985115,253142600585115,253142587601814,0,-12.983301
4052166,253142600707111,253142600707111,253142617307111,253142603926196,0,-13.380915
4052179,253142617403375,253142617403375,253142634003375,253142620857918,0,-13.145457
4052192,253142634123033,253142634123033,253142650723033,253142637661181,0,-13.061852
4052205,253142650842521,253142650842521,253142667442521,253142655064745,0,-12.377776
4052218,253142667565133,253142667565133,253142684165133,253142670885180,0,-13.279953
4052237,253142684272474,253142684272474,253142700872474,253142687561123,0,-13.311351
4052244,253142700986315,253142700986315,253142717586315,253142704170295,0,-13.416020
4052251,253142717696639,253142717696639,253142734296639,253142720987841,0,-13.308798
4052258,253142734401540,253142734401540,253142751001540,253142737080817,0,-13.920723
4052265,253142751132814,253142751132814,253142767732814,253142755402513,0,-12.330301
4052272,253142767850124,253142767850124,253142784450124,253142771777758,0,-12.672366
4052279,253142784555407,253142784555407,253142801155407,253142789242968,0,-11.912439
4052286,253142801264110,253142801264110,253142817864110,253142804692674,0,-13.171436
4052293,253142817970298,253142817970298,253142834570298,253142821302823,0,-13.267475
4052300,253142834679171,253142834679171,253142851279171,253142838902759,0,-12.376412
4052307,253142851397345,253142851397345,253142867997345,253142854605558,0,-13.391787
4052314,253142868106082,253142868106082,253142884706082,253142871232998,0,-13.473084
4052321,253142884810560,253142884810560,253142901410560,253142888035368,0,-13.375192
4052328,253142901514808,253142901514808,253142918114808,253142904909756,0,-13.205052
4052335,253142918220336,253142918220336,253142934820336,253142921123786,0,-13.696550
4052342,253142934940966,253142934940966,253142951540966,253142938151781,0,-13.389185
4052349,253142951649585,253142951649585,253142968249585,253142955192430,0,-13.057155
4052356,253142968379989,253142968379989,253142984979989,253142972138637,0,-12.841352
4052363,253142985089826,253142985089826,253143001689826,253142989080655,0,-12.609171
4052370,253143001799681,253143001799681,253143018399681,253143004977139,0,-13.422542
4052377,253143018509532,253143018509532,253143035109532,253143021741666,0,-13.367866
4052384,253143035218213,253143035218213,253143051818213,253143038014859,0,-13.803354
4052391,253143051928604,253143051928604,253143068528604,253143060631680,0,-7.896924
4052398,253143068656639,253143068656639,253143085256639,253143073221036,0,-12.035603
4052405,253143085422553,253143085422553,253143102022553,253143090331916,0,-11.690637
4052412,253143102129880,253143102129880,253143118729880,253143107187507,0,-11.542373
4052419,253143118838502,253143118838502,253143135438502,253143123781665,0,-11.656837
4052426,253143135549033,253143135549033,253143152149033,253143139271411,0,-12.877622
4052433,253143152259692,253143152259692,253143168859692,253143160420458,0,-8.439234
4052440,253143168968326,253143168968326,253143185568326,253143173086311,0,-12.482015
4052447,253143185719649,253143185719649,253143202319649,253143189095710,0,-13.223939
4052454,253143202421897,253143202421897,253143219021897,253143205575366,0,-13.446531
4052461,253143219121338,253143219121338,253143235721338,253143222057137,0,-13.664201
4052468,253143235820067,253143235820067,253143252420067,253143239045255,0,-13.374812
4052475,253143252516961,253143252516961,253143269116961,253143257067878,0,-12.049083
4052482,253143269220421,253143269220421,253143285820421,253143273225350,0,-12.595071
4052489,253143285932606,253143285932606,253143302532606,253143289023730,0,-13.508876
4052496,253143302640921,253143302640921,253143319240921,253143305964892,0,-13.276029
4052503,253143319337008,253143319337008,253143335937008,253143322995573,0,-12.941435
4052510,253143336032146,253143336032146,253143352632146,253143340093960,0,-12.538186
4052589,253143536516418,253143536516418,253143553116418,253143539790738,0,-13.325680
4052602,253143553224381,253143553224381,253143569824381,253143556718350,0,-13.106031
4052615,253143569932304,253143569932304,253143586532304,253143573439460,0,-13.092844
4052628,253143586640892,253143586640892,253143603240892,253143589812100,0,-13.428792
4052641,253143603390629,253143603390629,253143619990629,253143606901049,0,-13.089580
4052654,253143620105797,253143620105797,253143636705797,253143623212857,0,-13.492940
4052667,253143636821621,253143636821621,253143653421621,253143640151212,0,-13.270409
4052680,253143653533218,253143653533218,253143670133218,253143661598152,0,-8.535066
4052693,253143670249236,253143670249236,253143686849236,253143673477465,0,-13.371771
4052706,253143686961435,253143686961435,253143703561435,253143689964647,0,-13.596788
4052719,253143703690684,253143703690684,253143720290684,253143706722867,0,-13.567817
4052732,253143720403256,253143720403256,253143737003256,253143723383390,0,-13.619866
4052745,253143737114140,253143737114140,253143753714140,253143740060107,0,-13.654033
4052758,253143753823029,253143753823029,253143770423029,253143757340787,0,-13.082242
4052771,253143770533025,253143770533025,253143787133025,253143773861214,0,-13.271811
4052784,253143787242822,253143787242822,253143803842822,253143790814583,0,-13.028239
4052797,253143803974173,253143803974173,253143820574173,253143807068855,0,-13.505318
4052810,253143820684848,253143820684848,253143837284848,253143823626839,0,-13.658009
4052823,253143837394536,253143837394536,253143853994536,253143840383715,0,-13.610821
4052836,253143854100672,253143854100672,253143870700672,253143857239143,0,-13.461529
4052849,253143870826654,253143870826654,253143887426654,253143874463630,0,-12.963024
4052862,253143887540072,253143887540072,253143904140072,253143890632128,0,-13.507944
4052875,253143904251520,253143904251520,253143920851520,253143908020516,0,-12.831004
4052888,253143920960282,253143920960282,253143937560282,253143924401538,0,-13.158744
4052901,253143937687329,253143937687329,253143954287329,253143941289071,0,-12.998258
4052914,253143954397946,253143954397946,253143970997946,253143958024911,0,-12.973035
4052927,253143971136530,253143971136530,253143987736530,253143974753752,0,-12.982778
4052946,253143987842588,253143987842588,253144004442588,253143992065519,0,-12.377069
4052953,253144004556864,253144004556864,253144021156864,253144008187997,0,-12.968867
4052960,253144021264206,253144021264206,253144037864206,253144024721036,0,-13.143170
4052967,253144037969337,253144037969337,253144054569337,253144041681445,0,-12.887892
4052974,253144054675370,253144054675370,253144071275370,253144058357592,0,-12.917778
4052981,253144071381144,253144071381144,253144087981144,253144074368335,0,-13.612809
4052988,253144088084485,253144088084485,253144104684485,253144091187183,0,-13.497302
4052995,253144104789684,253144104789684,253144121389684,253144108005704,0,-13.383980
4053002,253144121492153,253144121492153,253144138092153,253144125237557,0,-12.854596
4053009,253144138210629,253144138210629,253144154810629,253144141612435,0,-13.198194
4053016,253144154921675,253144154921675,253144171521675,253144159184009,0,-12.337666
4053023,253144171633138,253144171633138,253144188233138,253144174871386,0,-13.361752
4053030,253144188339469,253144188339469,253144204939469,253144191484831,0,-13.454638
4053037,253144205049753,253144205049753,253144221649753,253144208320402,0,-13.329351
4053044,253144221790701,253144221790701,253144238390701,253144225042447,0,-13.348254
4053051,253144238499826,253144238499826,253144255099826,253144242797493,0,-12.302333
4053058,253144255229587,253144255229587,253144271829587,253144258983773,0,-12.845814
4053065,253144271952502,253144271952502,253144288552502,253144275278329,0,-13.274173
4053072,253144288665660,253144288665660,253144305265660,253144292017179,0,-13.248481
4053079,253144305396577,253144305396577,253144321996577,253144309015755,0,-12.980822
4053086,253144322109788,253144322109788,253144338709788,253144325740568,0,-12.969220
4053093,253144338826568,253144338826568,253144355426568,253144342577563,0,-12.849005
4053100,253144355566538,253144355566538,253144372166538,253144359185269,0,-12.981269
4053107,253144372303633,253144372303633,253144388903633,253144375569385,0,-13.334248
4053114,253144389012573,253144389012573,253144405612573,253144392147835,0,-13.464738
4053121,253144405721924,253144405721924,253144422321924,253144408784758,0,-13.537166
4053128,253144422427965,253144422427965,253144439027965,253144425867765,0,-13.160200
4053135,253144439133869,253144439133869,253144455733869,253144442963020,0,-12.770849
4053142,253144455841133,253144455841133,253144472441133,253144459860726,0,-12.580407
4053149,253144472551030,253144472551030,253144489151030,253144476891244,0,-12.259786
4053156,253144489261253,253144489261253,253144505861253,253144494014332,0,-11.846921
4053163,253144505974568,253144505974568,253144522574568,253144509184497,0,-13.390071
4053170,253144522681619,253144522681619,253144539281619,253144526248747,0,-13.032872
4053177,253144539389593,253144539389593,253144555989593,253144542712004,0,-13.277589
4053184,253144556140319,253144556140319,253144572740319,253144559880297,0,-12.860022
4053191,253144572850081,253144572850081,253144589450081,253144577003222,0,-12.446859
4053198,253144589593611,253144589593611,253144606193611,253144593065032,0,-13.128579
4053205,253144606304359,253144606304359,253144622904359,253144609375497,0,-13.528862
4053212,253144623013524,253144623013524,253144639613524,253144625887175,0,-13.726349
4053285,253144823571025,253144823571025,253144840171025,253144829346891,0,-10.824134
4053298,253144840285649,253144840285649,253144856885649,253144843354053,0,-13.531596
4053311,253144857000477,253144857000477,253144873600477,253144860509734,0,-13.090743
4053324,253144873751587,253144873751587,253144890351587,253144877510628,0,-12.840959
4053337,253144890457375,253144890457375,253144907057375,253144893941496,0,-13.115879
4053350,253144907159498,253144907159498,253144923759498,253144910603930,0,-13.155568
4053363,253144923870238,253144923870238,253144940470238,253144927091195,0,-13.379043
4053376,253144940604702,253144940604702,253144957204702,253144943502084,0,-13.702618
4053389,253144957338943,253144957338943,253144973938943,253144961048754,0,-12.890189
4053402,253144974063462,253144974063462,253144990663462,253144977222299,0,-13.441163
4053415,253144990771235,253144990771235,253145007371235,253144994189299,0,-13.181936
4053428,253145007478584,253145007478584,253145024078584,253145010354745,0,-13.723839
4053441,253145024189750,253145024189750,253145040789750,253145028582812,0,-12.206938
4053454,253145040898942,253145040898942,253145057498942,253145044062549,0,-13.436393
4053467,253145057608072,253145057608072,253145074208072,253145060989999,0,-13.218073
4053480,253145074324974,253145074324974,253145090924974,253145077883391,0,-13.041583
4053493,253145091035316,253145091035316,253145107635316,253145094510954,0,-13.124362
4053506,253145107754995,253145107754995,253145124354995,253145110833871,0,-13.521124
4053519,253145124467124,253145124467124,253145141067124,253145127757942,0,-13.309182
4053532,253145141178602,253145141178602,253145157778602,253145144739184,0,-13.039418
4053545,253145157889535,253145157889535,253145174489535,253145161118579,0,-13.370956
4053558,253145174597717,253145174597717,253145191197717,253145178640715,0,-12.557002
4053571,253145191304772,253145191304772,253145207904772,253145195090747,0,-12.814025
4053584,253145208042905,253145208042905,253145224642905,253145211482512,0,-13.160393
4053597,253145224747372,253145224747372,253145241347372,253145228721078,0,-12.626294
4053610,253145241481910,253145241481910,253145258081910,253145244866910,0,-13.215000
4053623,253145258187513,253145258187513,253145274787513,253145261322355,0,-13.465158
4053642,253145274916715,253145274916715,253145291516715,253145278233976,0,-13.282739
4053649,253145291632914,253145291632914,253145308232914,253145295038908,0,-13.194006
4053656,253145308356850,253145308356850,253145324956850,253145311481576,0,-13.475274
4053663,253145325090858,253145325090858,253145341690858,253145328385547,0,-13.305311
4053670,253145341824805,253145341824805,253145358424805,253145346334115,0,-12.090690
4053677,253145358531343,253145358531343,253145375131343,253145361601367,0,-13.529976
4053684,253145375271627,253145375271627,253145391871627,253145378058277,0,-13.813350
4053691,253145391975696,253145391975696,253145408575696,253145395839608,0,-12.736088
4053698,253145408678415,253145408678415,253145425278415,253145411990325,0,-13.288090
4053705,253145425381755,253145425381755,253145441981755,253145428515593,0,-13.466162
4053712,253145442085875,253145442085875,253145458685875,253145445567269,0,-13.118606
4053719,253145458788425,253145458788425,253145475388425,253145462214038,0,-13.174387
4053726,253145475490328,253145475490328,253145492090328,253145479246183,0,-12.844145
4053733,253145492193000,253145492193000,253145508793000,253145495353687,0,-13.439313
4053740,253145508895579,253145508895579,253145525495579,253145512698495,0,-12.797084
4053747,253145525598156,253145525598156,253145542198156,253145528401864,0,-13.796292
4053754,253145542342415,253145542342415,253145558942415,253145545122851,0,-13.819564
4053761,253145559043448,253145559043448,253145575643448,253145562400033,0,-13.243415
4053768,253145575793872,253145575793872,253145592393872,253145579776010,0,-12.617862
4053775,253145592522582,253145592522582,253145609122582,253145595433033,0,-13.689549
4053782,253145609225194,253145609225194,253145625825194,253145613085905,0,-12.739289
4053789,253145625930199,253145625930199,253145642530199,253145629729298,0,-12.800901
4053796,253145642635584,253145642635584,253145659235584,253145646016122,0,-13.219462
4053803,253145659358245,253145659358245,253145675958245,253145663368010,0,-12.590235
4053810,253145676083875,253145676083875,253145692683875,253145679569589,0,-13.114286
4053817,253145692792957,253145692792957,253145709392957,253145696476327,0,-12.916630
4053824,253145709524033,253145709524033,253145726124033,253145713095468,0,-13.028565
4053831,253145726258431,253145726258431,253145742858431,253145729501513,0,-13.356918
4053838,253145742961709,253145742961709,253145759561709,253145746052295,0,-13.509414
4053845,253145759666538,253145759666538,253145776266538,253145764652760,0,-11.613778
4053852,253145776391116,253145776391116,253145792991116,253145779895598,0,-13.095518
4053859,253145793093410,253145793093410,253145809693410,253145796263314,0,-13.430096
4053866,253145809813196,253145809813196,253145826413196,253145813269662,0,-13.143534
4053873,253145826508039,253145826508039,253145843108039,253145829184701,0,-13.923338
4053880,253145843204149,253145843204149,253145859804149,253145846576546,0,-13.227603
4053887,253145859898531,253145859898531,253145876498531,253145863139006,0,-13.359525
4053894,253145876607517,253145876607517,253145893207517,253145880473031,0,-12.734486
4053901,253145893303411,253145893303411,253145909903411,253145897245696,0,-12.657715
4053908,253145910018912,253145910018912,253145926618912,253145913377328,0,-13.241584
4053993,253146127280299,253146127280299,253146143880299,253146130832121,0,-13.048178
4054006,253146143991873,253146143991873,253146160591873,253146148160938,0,-12.430935
4054019,253146160703202,253146160703202,253146177303202,253146164369393,0,-12.933809
4054032,253146177448501,253146177448501,253146194048501,253146180456307,0,-13.592194
4054045,253146194158933,253146194158933,253146210758933,253146197115244,0,-13.643689
4054058,253146210876769,253146210876769,253146227476769,253146214328826,0,-13.147943
4054071,253146227597520,253146227597520,253146244197520,253146231260385,0,-12.937135
4054084,253146244318269,253146244318269,253146260918269,253146247328906,0,-13.589363
4054097,253146261047031,253146261047031,253146277647031,253146264229582,0,-13.417449
4054110,253146277763615,253146277763615,253146294363615,253146280999561,0,-13.364054
4054123,253146294481561,253146294481561,253146311081561,253146297567920,0,-13.513641
4054136,253146311203930,253146311203930,253146327803930,253146314474985,0,-13.328945
4054149,253146327944785,253146327944785,253146344544785,253146331375822,0,-13.168963
4054162,253146344666488,253146344666488,253146361266488,253146347559783,0,-13.706705
4054175,253146361381148,253146361381148,253146377981148,253146364614185,0,-13.366963
4054188,253146378108290,253146378108290,253146394708290,253146381222380,0,-13.485910
4054201,253146394821305,253146394821305,253146411421305,253146398001270,0,-13.420035
4054214,253146411533967,253146411533967,253146428133967,253146414636037,0,-13.497930
4054227,253146428262646,253146428262646,253146444862646,253146432149423,0,-12.713223
4054240,253146444972923,253146444972923,253146461572923,253146448452035,0,-13.120888
4054253,253146461699551,253146461699551,253146478299551,253146464766366,0,-13.533185
4054266,253146478405135,253146478405135,253146495005135,253146481974455,0,-13.030680
4054279,253146495128249,253146495128249,253146511728249,253146498588428,0,-13.139821
4054292,253146511876193,253146511876193,253146528476193,253146515472991,0,-13.003202
4054305,253146528578884,253146528578884,253146545178884,253146531652190,0,-13.526694
4054318,253146545283134,253146545283134,253146561883134,253146548815235,0,-13.067899
4054337,253146561985559,253146561985559,253146578585559,253146565229216,0,-13.356343
4054344,253146578701460,253146578701460,253146595301460,253146581880908,0,-13.420552
4054351,253146595413650,253146595413650,253146612013650,253146598802174,0,-13.211476
4054358,253146612124215,253146612124215,253146628724215,253146615783659,0,-12.940556
4054365,253146628835609,253146628835609,253146645435609,253146633495940,0,-11.939669
4054372,253146645545602,253146645545602,253146662145602,253146649180592,0,-12.965010
4054379,253146662277075,253146662277075,253146678877075,253146666279224,0,-12.597851
4054386,253146678990358,253146678990358,253146695590358,253146682122568,0,-13.467790
4054393,253146695706035,253146695706035,253146712306035,253146698521128,0,-13.784907
4054400,253146712433826,253146712433826,253146729033826,253146716146209,0,-12.887617
4054407,253146729146685,253146729146685,253146745746685,253146732670664,0,-13.076021
4054414,253146745882860,253146745882860,253146762482860,253146749533212,0,-12.949648
4054421,253146762641692,253146762641692,253146779241692,253146766412362,0,-12.829330
4054428,253146779350893,253146779350893,253146795950893,253146782644907,0,-13.305986
4054435,253146796082124,253146796082124,253146812682124,253146799051766,0,-13.630358
4054442,253146812793357,253146812793357,253146829393357,253146816646493,0,-12.746864
4054449,253146829503663,253146829503663,253146846103663,253146832851246,0,-13.252417
4054456,253146846215002,253146846215002,253146862815002,253146849574309,0,-13.240693
4054463,253146862924302,253146862924302,253146879524302,253146866113006,0,-13.411296
4054470,253146879632722,253146879632722,253146896232722,253146883046314,0,-13.186408
4054477,253146896342913,253146896342913,253146912942913,253146901056935,0,-11.885978
4054484,253146913051862,253146913051862,253146929651862,253146916050750,0,-13.601112
4054491,253146929761094,253146929761094,253146946361094,253146933027719,0,-13.333375
4054498,253146946467975,253146946467975,253146963067975,253146950398650,0,-12.669325
4054505,253146963175139,253146963175139,253146979775139,253146966413461,0,-13.361678
4054512,253146979884489,253146979884489,253146996484489,253146983289031,0,-13.195458
4054519,253146996594446,253146996594446,253147013194446,253147000142954,0,-13.051492
4054526,253147013302327,253147013302327,253147029902327,253147016642914,0,-13.259413
4054533,253147030036985,253147030036985,253147046636985,253147033677947,0,-12.959038
4054540,253147046743925,253147046743925,253147063343925,253147050374277,0,-12.969648
4054547,253147063449782,253147063449782,253147080049782,253147067020721,0,-13.029061
4054554,253147080171458,253147080171458,253147096771458,253147083762664,0,-13.008794
4054561,253147096902021,253147096902021,253147113502021,253147101266407,0,-12.235614
4054568,253147113613119,253147113613119,253147130213119,253147116875252,0,-13.337867
4054575,253147130325880,253147130325880,253147146925880,253147134160165,0,-12.765715
4054582,253147147040949,253147147040949,253147163640949,253147150646900,0,-12.994049
4054589,253147163752477,253147163752477,253147180352477,253147167227182,0,-13.125295
4054596,253147180465148,253147180465148,253147197065148,253147183579518,0,-13.485630
4054603,253147197182300,253147197182300,253147213782300,253147200463510,0,-13.318790
4054610,253147213895236,253147213895236,253147230495236,253147216989227,0,-13.506009
4054677,253147397738971,253147397738971,253147414338971,253147402079844,0,-12.259127
4054690,253147414453180,253147414453180,253147431053180,253147417786834,0,-13.266346
4054703,253147431167146,253147431167146,253147447767146,253147434725392,0,-13.041754
4054716,253147447870518,253147447870518,253147464470518,253147451093923,0,-13.376595
4054729,253147464572315,253147464572315,253147481172315,253147468493256,0,-12.679059
4054742,253147481274056,253147481274056,253147497874056,253147484784230,0,-13.089826
4054755,253147497982383,253147497982383,253147514582383,253147501502206,0,-13.080177
4054768,253147514689220,253147514689220,253147531289220,253147518433115,0,-12.856105
4054781,253147531406933,253147531406933,253147548006933,253147534760101,0,-13.246832
4054794,253147548115087,253147548115087,253147564715087,253147550987802,0,-13.727285
4054807,253147564823095,253147564823095,253147581423095,253147568025359,0,-13.397736
4054820,253147581531952,253147581531952,253147598131952,253147584532318,0,-13.599634
4054833,253147598261717,253147598261717,253147614861717,253147601504932,0,-13.356785
4054846,253147614987533,253147614987533,253147631587533,253147618526581,0,-13.060952
4054859,253147631693995,253147631693995,253147648293995,253147634836517,0,-13.457478
4054872,253147648402078,253147648402078,253147665002078,253147651684498,0,-13.317580
4054885,253147665109320,253147665109320,253147681709320,253147669074229,0,-12.635091
4054898,253147681817515,253147681817515,253147698417515,253147685230804,0,-13.186711
4054911,253147698527948,253147698527948,253147715127948,253147702046356,0,-13.081592
4054924,253147715236948,253147715236948,253147731836948,253147718220509,0,-13.616439
4054937,253147731945028,253147731945028,253147748545028,253147735837941,0,-12.707087
4054950,253147748652458,253147748652458,253147765252458,253147752516001,0,-12.736457
4054963,253147765363222,253147765363222,253147781963222,253147768842539,0,-13.120683
4054976,253147782070850,253147782070850,253147798670850,253147785733937,0,-12.936913
4054989,253147798784554,253147798784554,253147815384554,253147802267791,0,-13.116763
4055002,253147815493339,253147815493339,253147832093339,253147818921600,0,-13.171739
4055015,253147832204476,253147832204476,253147848804476,253147835440643,0,-13.363833
4055034,253147848916258,253147848916258,253147865516258,253147852448496,0,-13.067762
4055041,253147865627107,253147865627107,253147882227107,253147868977548,0,-13.249559
4055048,253147882341447,253147882341447,253147898941447,253147885753916,0,-13.187531
4055055,253147899052821,253147899052821,253147915652821,253147902714813,0,-12.938008
4055062,253147915793921,253147915793921,253147932393921,253147919203094,0,-13.190827
4055069,253147932546182,253147932546182,253147949146182,253147936153493,0,-12.992689
4055076,253147949294502,253147949294502,253147965894502,253147952676279,0,-13.218223
4055083,253147966005345,253147966005345,253147982605345,253147969317637,0,-13.287708
4055090,253147982717633,253147982717633,253147999317633,253147987065276,0,-12.252357
4055097,253147999426381,253147999426381,253148016026381,253148003050831,0,-12.975550
4055104,253148016160414,253148016160414,253148032760414,253148019674123,0,-13.086291
4055111,253148032954476,253148032954476,253148049554476,253148036077646,0,-13.476830
4055118,253148049674700,253148049674700,253148066274700,253148052368417,0,-13.906283
4055125,253148066393694,253148066393694,253148082993694,253148070653738,0,-12.339956
4055132,253148083086338,253148083086338,253148099686338,253148086111215,0,-13.575123
4055139,253148099782702,253148099782702,253148116382702,253148104290700,0,-12.092002
4055146,253148116474375,253148116474375,253148133074375,253148119629933,0,-13.444442
4055153,253148133166454,253148133166454,253148149766454,253148136373017,0,-13.393437
4055160,253148149858823,253148149858823,253148166458823,253148153112965,0,-13.345858
4055167,253148166546767,253148166546767,253148183146767,253148170301279,0,-12.845488
4055174,253148183231788,253148183231788,253148199831788,253148186983327,0,-12.848461
4055181,253148199942901,253148199942901,253148216542901,253148203119191,0,-13.423710
4055188,253148216661222,253148216661222,253148233261222,253148220029023,0,-13.232199
4055195,253148233368070,253148233368070,253148249968070,253148237081919,0,-12.886151
4055202,253148250099704,253148250099704,253148266699704,253148253530324,0,-13.169380
4055209,253148266805130,253148266805130,253148283405130,253148271380300,0,-12.024830
4055216,253148283510219,253148283510219,253148300110219,253148287223968,0,-12.886251
4055223,253148300202536,253148300202536,253148316802536,253148304149301,0,-12.653235
4055230,253148316896783,253148316896783,253148333496783,253148320618052,0,-12.878731
4055237,253148333589152,253148333589152,253148350189152,253148337078217,0,-13.110935
4055244,253148350299257,253148350299257,253148366899257,253148354416554,0,-12.482703
4055251,253148367056183,253148367056183,253148383656183,253148370060069,0,-13.596114
4055258,253148383777957,253148383777957,253148400377957,253148387417042,0,-12.960915
4055265,253148400504354,253148400504354,253148417104354,253148404026214,0,-13.078140
4055272,253148417241492,253148417241492,253148433841492,253148420529062,0,-13.312430
4055279,253148433973884,253148433973884,253148450573884,253148437122894,0,-13.450990
4055286,253148450678450,253148450678450,253148467278450,253148453996795,0,-13.281655
4055293,253148467384852,253148467384852,253148483984852,253148471791148,0,-12.193704
4055300,253148484113257,253148484113257,253148500713257,253148487716970,0,-12.996287
4055385,253148701336027,253148701336027,253148717936027,253148705567393,0,-12.368634
4055398,253148718048047,253148718048047,253148734648047,253148721528128,0,-13.119919
4055411,253148734760512,253148734760512,253148751360512,253148738679249,0,-12.681263
4055424,253148751509281,253148751509281,253148768109281,253148754950083,0,-13.159198
4055437,253148768157220,253148768157220,253148784757220,253148771211802,0,-13.545418
4055450,253148784853648,253148784853648,253148801453648,253148788492848,0,-12.960800
4055463,253148801543845,253148801543845,253148818143845,253148804427623,0,-13.716222
4055476,253148818241801,253148818241801,253148834841801,253148821467703,0,-13.374098
4055489,253148834967848,253148834967848,253148851567848,253148837807911,0,-13.759937
4055502,253148851667083,253148851667083,253148868267083,253148855615163,0,-12.651920
4055515,253148868369645,253148868369645,253148884969645,253148871967051,0,-13.002594
4055528,253148885074622,253148885074622,253148901674622,253148888578257,0,-13.096365
4055541,253148901781089,253148901781089,253148918381089,253148905667084,0,-12.714005
4055554,253148918504846,253148918504846,253148935104846,253148921623098,0,-13.481748
4055567,253148935222166,253148935222166,253148951822166,253148938443125,0,-13.379041
4055580,253148951935336,253148951935336,253148968535336,253148955807586,0,-12.727750
4055593,253148968647025,253148968647025,253148985247025,253148972143484,0,-13.103541
4055606,253148985353941,253148985353941,253149001953941,253148989240082,0,-12.713859
4055619,253149002077273,253149002077273,253149018677273,253149005196747,0,-13.480526
4055632,253149018793337,253149018793337,253149035393337,253149022022634,0,-13.370703
4055645,253149035502592,253149035502592,253149052102592,253149038963227,0,-13.139365
4055658,253149052208857,253149052208857,253149068808857,253149055272878,0,-13.535979
4055671,253149068911728,253149068911728,253149085511728,253149072147268,0,-13.364460
4055684,253149085637535,253149085637535,253149102237535,253149089517345,0,-12.720190
4055697,253149102335316,253149102335316,253149118935316,253149105285248,0,-13.650068
4055710,253149119036994,253149119036994,253149135636994,253149122138682,0,-13.498312
4055723,253149135737454,253149135737454,253149152337454,253149140231578,0,-12.105876
4055736,253149152442651,253149152442651,253149169042651,253149156617930,0,-12.424721
4055743,253149169158927,253149169158927,253149185758927,253149173786632,0,-11.972295
4055750,253149185861580,253149185861580,253149202461580,253149189263682,0,-13.197898
4055757,253149202564181,253149202564181,253149219164181,253149206089161,0,-13.075020
4055764,253149219268070,253149219268070,253149235868070,253149222756805,0,-13.111265
4055771,253149235993827,253149235993827,253149252593827,253149239744313,0,-12.849514
4055778,253149252712672,253149252712672,253149269312672,253149256494802,0,-12.817870
4055785,253149269447695,253149269447695,253149286047695,253149273233206,0,-12.814489
4055792,253149286171339,253149286171339,253149302771339,253149289859100,0,-12.912239
4055799,253149302878430,253149302878430,253149319478430,253149306113128,0,-13.365302
4055806,253149319579503,253149319579503,253149336179503,253149322903128,0,-13.276375
4055813,253149336296493,253149336296493,253149352896493,253149340080658,0,-12.815835
4055820,253149353017913,253149353017913,253149369617913,253149356875579,0,-12.742334
4055827,253149369749956,253149369749956,253149386349956,253149374175100,0,-12.174856
4055834,253149386445241,253149386445241,253149403045241,253149390403860,0,-12.641381
4055841,253149403140905,253149403140905,253149419740905,253149407148692,0,-12.592213
4055848,253149419834443,253149419834443,253149436434443,253149423327241,0,-13.107202
4055855,253149436529900,253149436529900,253149453129900,253149440215749,0,-12.914151
4055862,253149453226733,253149453226733,253149469826733,253149457467255,0,-12.359478
4055869,253149469923921,253149469923921,253149486523921,253149474410044,0,-12.113877
4055876,253149486623723,253149486623723,253149503223723,253149489940317,0,-13.283406
4055883,253149503323244,253149503323244,253149519923244,253149506834482,0,-13.088762
4055890,253149520019962,253149520019962,253149536619962,253149523437999,0,-13.181963
4055897,253149536718354,253149536718354,253149553318354,253149540736420,0,-12.581934
4055904,253149553415766,253149553415766,253149570015766,253149557910614,0,-12.105152
4055911,253149570129536,253149570129536,253149586729536,253149573863535,0,-12.866001
4055918,253149586848885,253149586848885,253149603448885,253149590307871,0,-13.141014
4055925,253149603583351,253149603583351,253149620183351,253149607104299,0,-13.079052
4055932,253149620296383,253149620296383,253149636896383,253149624585663,0,-12.310720
4055939,253149637002245,253149637002245,253149653602245,253149640735362,0,-12.866883
4055946,253149653730905,253149653730905,253149670330905,253149658872854,0,-11.458051
4055953,253149670431931,253149670431931,253149687031931,253149674606619,0,-12.425312
4055960,253149687145619,253149687145619,253149703745619,253149691622894,0,-12.122725
4055967,253149703868411,253149703868411,253149720468411,253149707957531,0,-12.510880
4055974,253149720571669,253149720571669,253149737171669,253149723944387,0,-13.227282
4055981,253149737273633,253149737273633,253149753873633,253149740386160,0,-13.487473
4055988,253149753976293,253149753976293,253149770576293,253149757270234,0,-13.306059
4055995,253149770678889,253149770678889,253149787278889,253149774400686,0,-12.878203
4056074,253149987873286,253149987873286,253150004473286,253149992711070,0,-11.762216
4056087,253150004581087,253150004581087,253150021181087,253150007656261,0,-13.524826
4056100,253150021289213,253150021289213,253150037889213,253150024604097,0,-13.285116
4056113,253150037991969,253150037991969,253150054591969,253150041493866,0,-13.098103
4056126,253150054705328,253150054705328,253150071305328,253150058170013,0,-13.135315
4056139,253150071416128,253150071416128,253150088016128,253150074419729,0,-13.596399
4056152,253150088153706,253150088153706,253150104753706,253150091680064,0,-13.073642
4056165,253150104885847,253150104885847,253150121485847,253150108319306,0,-13.166541
4056178,253150121592937,253150121592937,253150138192937,253150124529999,0,-13.662938
4056191,253150138315429,253150138315429,253150154915429,253150141479585,0,-13.435844
4056204,253150155016689,253150155016689,253150171616689,253150159089570,0,-12.527119
4056217,253150171718750,253150171718750,253150188318750,253150176539236,0,-11.779514
4056230,253150188430862,253150188430862,253150205030862,253150191750907,0,-13.279955
4056243,253150205136626,253150205136626,253150221736626,253150208272757,0,-13.463869
4056256,253150221843209,253150221843209,253150238443209,253150225199881,0,-13.243328
4056269,253150238546864,253150238546864,253150255146864,253150242128714,0,-13.018150
4056282,253150255251988,253150255251988,253150271851988,253150258161062,0,-13.690926
4056295,253150271956507,253150271956507,253150288556507,253150275671845,0,-12.884662
4056308,253150288660049,253150288660049,253150305260049,253150292282279,0,-12.977770
4056321,253150305362269,253150305362269,253150321962269,253150308407074,0,-13.555195
4056334,253150322065288,253150322065288,253150338665288,253150325488821,0,-13.176467
4056347,253150338765944,253150338765944,253150355365944,253150342122366,0,-13.243578
4056360,253150355462380,253150355462380,253150372062380,253150358499522,0,-13.562858
4056373,253150372146415,253150372146415,253150388746415,253150376022676,0,-12.723739
4056386,253150388847189,253150388847189,253150405447189,253150392863332,0,-12.583857
4056399,253150405571172,253150405571172,253150422171172,253150408805187,0,-13.365985
4056412,253150422281153,253150422281153,253150438881153,253150425408987,0,-13.472166
4056431,253150438991212,253150438991212,253150455591212,253150442349213,0,-13.241999
4056438,253150455697907,253150455697907,253150472297907,253150458810517,0,-13.487390
4056445,253150472407791,253150472407791,253150489007791,253150476768484,0,-12.239307
4056452,253150489108895,253150489108895,253150505708895,253150492507010,0,-13.201885
4056459,253150505808112,253150505808112,253150522408112,253150509062307,0,-13.345805
4056466,253150522508904,253150522508904,253150539108904,253150526042085,0,-13.066819
4056473,253150539211097,253150539211097,253150555811097,253150541991059,0,-13.820038
4056480,253150555915161,253150555915161,253150572515161,253150559300874,0,-13.214287
4056487,253150572643117,253150572643117,253150589243117,253150577229666,0,-12.013451
4056494,253150589357025,253150589357025,253150605957025,253150592431774,0,-13.525251
4056501,253150606055996,253150606055996,253150622655996,253150609903616,0,-12.752380
4056508,253150622754475,253150622754475,253150639354475,253150625706269,0,-13.648206
4056515,253150639453346,253150639453346,253150656053346,253150642661957,0,-13.391389
4056522,253150656152999,253150656152999,253150672752999,253150659374766,0,-13.378233
4056529,253150672852788,253150672852788,253150689452788,253150676969005,0,-12.483783
4056536,253150689579862,253150689579862,253150706179862,253150693499970,0,-12.679892
4056543,253150706279641,253150706279641,253150722879641,253150709779064,0,-13.100577
4056550,253150722979799,253150722979799,253150739579799,253150726794689,0,-12.785110
4056557,253150739698393,253150739698393,253150756298393,253150743611503,1,-12.686890
4056564,253150756403508,253150756403508,253150773003508,253150761025443,1,-11.978065
4056570,253150773143778,253150773143778,253150789743778,253150790828298,1,1.084520
4056578,253150789852287,253150789852287,253150806452287,253150807701387,1,1.249100
4056585,253150806960217,253150806960217,253150823560217,253150824344046,1,0.783829
4056592,253150823613194,253150823613194,253150840213194,253150841086680,1,0.873486
4056599,253150840267135,253150840267135,253150856867135,253150857857392,1,0.990257
4056606,253150856927786,253150856927786,253150873527786,253150874582734,1,1.054948
4056613,253150873590778,253150873590778,253150890190778,253150891332897,1,1.142119
4056620,253150890280880,253150890280880,253150906880880,253150907961438,1,1.080558
4056627,253150906946845,253150906946845,253150923546845,253150924861299,1,1.314454
4056634,253150923630094,253150923630094,253150940230094,253150941566824,1,1.336730
4056641,253150940308345,253150940308345,253150956908345,253150958435395,1,1.527050
4056648,253150956978474,253150956978474,253150973578474,253150974807995,1,1.229521
4056655,253150973668338,253150973668338,253150990268338,253150991592582,1,1.324244
4056662,253150990357136,253150990357136,253151006957136,253151008215832,1,1.258696
4056669,253151007021003,253151007021003,253151023621003,253151024900809,1,1.279806
4056676,253151023687912,253151023687912,253151040287912,253151041891491,1,1.603579
4056683,253151040371733,253151040371733,253151056971733,253151058860892,1,1.889159
4056690,253151057040296,253151057040296,253151073640296,253151075132091,1,1.491795
4056697,253151073725373,253151073725373,253151090325373,253151091888114,1,1.562741
4056777,253151274377838,253151274377838,253151290977838,253151277727103,0,-13.250735
4056790,253151291086837,253151291086837,253151307686837,253151294505178,0,-13.181659
4056803,253151307795715,253151307795715,253151324395715,253151311020234,0,-13.375481
4056816,253151324485022,253151324485022,253151341085022,253151328129446,0,-12.955576
4056829,253151341166937,253151341166937,253151357766937,253151345684866,0,-12.082071
4056842,253151357904903,253151357904903,253151374504903,253151361401582,0,-13.103321
4056855,253151374631889,253151374631889,253151391231889,253151378254895,0,-12.976994
4056868,253151391364447,253151391364447,253151407964447,253151395358329,0,-12.606118
4056881,253151408058709,253151408058709,253151424658709,253151411044688,0,-13.614021
4056894,253151424756995,253151424756995,253151441356995,253151427791312,0,-13.565683
4056907,253151441457592,253151441457592,253151458057592,253151445452486,0,-12.605106
4056920,253151458175172,253151458175172,253151474775172,253151461475678,0,-13.299494
4056933,253151474885707,253151474885707,253151491485707,253151478033296,0,-13.452411
4056946,253151491593607,253151491593607,253151508193607,253151495605114,0,-12.588493
4056959,253151508293760,253151508293760,253151524893760,253151511597220,0,-13.296540
4056972,253151524994705,253151524994705,253151541594705,253151528118135,0,-13.476570
4056985,253151541696832,253151541696832,253151558296832,253151545275565,0,-13.021267
4056998,253151558399268,253151558399268,253151574999268,253151562401989,0,-12.597279
4057011,253151575107525,253151575107525,253151591707525,253151578642386,0,-13.065139
4057024,253151591825223,253151591825223,253151608425223,253151595442923,0,-12.982300
4057037,253151608528559,253151608528559,253151625128559,253151611877942,0,-13.250617
4057050,253151625229916,253151625229916,253151641829916,253151628509492,0,-13.320424
4057063,253151641928459,253151641928459,253151658528459,253151645214652,0,-13.313807
4057076,253151658615634,253151658615634,253151675215634,253151662115531,0,-13.100103
4057089,253151675314305,253151675314305,253151691914305,253151679295218,0,-12.619087
4057102,253151692030840,253151692030840,253151708630840,253151695916922,0,-12.713918
4057115,253151708747548,253151708747548,253151725347548,253151712083996,0,-13.263552
4057134,253151725468232,253151725468232,253151742068232,253151728898001,0,-13.170231
4057141,253151742175733,253151742175733,253151758775733,253151745274750,0,-13.500983
4057148,253151758883463,253151758883463,253151775483463,253151762960257,0,-12.523206
4057155,253151775589198,253151775589198,253151792189198,253151778641775,0,-13.547423
4057162,253151792380929,253151792380929,253151808980929,253151796856050,0,-12.124879
4057169,253151809087589,253151809087589,253151825687589,253151812470552,0,-13.217037
4057176,253151825793350,253151825793350,253151842393350,253151828630179,0,-13.763171
4057183,253151842495449,253151842495449,253151859095449,253151845809460,0,-13.285989
4057190,253151859224035,253151859224035,253151875824035,253151863188570,0,-12.635465
4057197,253151875929002,253151875929002,253151892529002,253151879081107,0,-13.447895
4057204,253151892667286,253151892667286,253151909267286,253151895565115,0,-13.702171
4057211,253151909366846,253151909366846,253151925966846,253151912476126,0,-13.490720
4057218,253151926070496,253151926070496,253151942670496,253151928996675,0,-13.673821
4057225,253151942771376,253151942771376,253151959371376,253151947042858,0,-12.328518
4057232,253151959471442,253151959471442,253151976071442,253151963033134,0,-13.038308
4057239,253151976177226,253151976177226,253151992777226,253151979766614,0,-13.010612
4057246,253151992881165,253151992881165,253152009481165,253151996015515,0,-13.465650
4057253,253152009587962,253152009587962,253152026187962,253152013203015,0,-12.984947
4057260,253152026323048,253152026323048,253152042923048,253152029990326,0,-12.932722
4057267,253152043021623,253152043021623,253152059621623,253152047112601,0,-12.509022
4057274,253152059725080,253152059725080,253152076325080,253152063270642,0,-13.054438
4057281,253152076428661,253152076428661,253152093028661,253152080497896,0,-12.530765
4057288,253152093133265,253152093133265,253152109733265,253152096675345,0,-13.057920
4057295,253152109833976,253152109833976,253152126433976,253152113507660,0,-12.926316
4057302,253152126612461,253152126612461,253152143212461,253152130066703,0,-13.145758
4057309,253152143316247,253152143316247,253152159916247,253152146921764,0,-12.994483
4057316,253152160021071,253152160021071,253152176621071,253152163733044,0,-12.888027
4057323,253152176724537,253152176724537,253152193324537,253152181727754,0,-11.596783
4057330,253152193445878,253152193445878,253152210045878,253152196944877,0,-13.101001
4057337,253152210154602,253152210154602,253152226754602,253152213605481,0,-13.149121
4057344,253152226906601,253152226906601,253152243506601,253152230282442,0,-13.224159
4057351,253152243617434,253152243617434,253152260217434,253152246752128,0,-13.465306
4057358,253152260345469,253152260345469,253152276945469,253152263705131,0,-13.240338
4057365,253152277048712,253152277048712,253152293648712,253152281117728,0,-12.530984
4057372,253152293751654,253152293751654,253152310351654,253152296860079,0,-13.491575
4057379,253152310455417,253152310455417,253152327055417,253152313604138,0,-13.451279
4057386,253152327158495,253152327158495,253152343758495,253152330327323,0,-13.431172
4057393,253152343864374,253152343864374,253152360464374,253152346832002,0,-13.632372
4057400,253152360585141,253152360585141,253152377185141,253152364374198,0,-12.810943
4057485,253152577872570,253152577872570,253152594472570,253152580950370,0,-13.522200
4057498,253152594586201,253152594586201,253152611186201,253152598133313,0,-13.052888
4057511,253152611299669,253152611299669,253152627899669,253152614175590,0,-13.724079
4057524,253152628033701,253152628033701,253152644633701,253152631718071,0,-12.915630
4057537,253152644667709,253152644667709,253152661267709,253152649284680,0,-11.983029
4057550,253152661370367,253152661370367,253152677970367,253152664638237,0,-13.332130
4057563,253152678065583,253152678065583,253152694665583,253152681969047,0,-12.696536
4057576,253152694768474,253152694768474,253152711368474,253152697783581,0,-13.584893
4057589,253152711491297,253152711491297,253152728091297,253152714829073,0,-13.262224
4057602,253152728192801,253152728192801,253152744792801,253152731763235,0,-13.029566
4057615,253152744896188,253152744896188,253152761496188,253152747967134,0,-13.529054
4057628,253152761605401,253152761605401,253152778205401,253152765511527,0,-12.693874
4057641,253152778312059,253152778312059,253152794912059,253152781326021,0,-13.586038
4057654,253152795040136,253152795040136,253152811640136,253152798236055,0,-13.404081
4057667,253152811743499,253152811743499,253152828343499,253152814616996,0,-13.726503
4057680,253152828447340,253152828447340,253152845047340,253152831409436,0,-13.637904
4057693,253152845151223,253152845151223,253152861751223,253152848397188,0,-13.354035
4057706,253152861853798,253152861853798,253152878453798,253152865264213,0,-13.189585
4057719,253152878557209,253152878557209,253152895157209,253152882136608,0,-13.020601
4057732,253152895258438,253152895258438,253152911858438,253152898314547,0,-13.543891
4057745,253152911973549,253152911973549,253152928573549,253152915380017,0,-13.193532
4057758,253152928687643,253152928687643,253152945287643,253152931764213,0,-13.523430
4057771,253152945388432,253152945388432,253152961988432,253152948366875,0,-13.621557
4057784,253152962115601,253152962115601,253152978715601,253152965101616,0,-13.613985
4057797,253152978816267,253152978816267,253152995416267,253152982125175,0,-13.291092
4057810,253152995521183,253152995521183,253153012121183,253152999539807,0,-12.581376
4057829,253153012230355,253153012230355,253153028830355,253153016166964,0,-12.663391
4057836,253153028938560,253153028938560,253153045538560,253153032226656,0,-13.311904
4057843,253153045665743,253153045665743,253153062265743,253153048535453,0,-13.730290
4057850,253153062375409,253153062375409,253153078975409,253153065585543,0,-13.389866
4057857,253153079085449,253153079085449,253153095685449,253153082378675,0,-13.306774
4057864,253153095851027,253153095851027,253153112451027,253153099715670,0,-12.735357
4057871,253153112559442,253153112559442,253153129159442,253153117549247,0,-11.610195
4057878,253153129283942,253153129283942,253153145883942,253153132807995,0,-13.075947
4057885,253153145993944,253153145993944,253153162593944,253153149195081,0,-13.398863
4057892,253153162706126,253153162706126,253153179306126,253153166193127,0,-13.112999
4057899,253153179444493,253153179444493,253153196044493,253153183222995,0,-12.821498
4057906,253153196174329,253153196174329,253153212774329,253153199559502,0,-13.214827
4057913,253153212881795,253153212881795,253153229481795,253153216469048,0,-13.012747
4057920,253153229590261,253153229590261,253153246190261,253153233313692,0,-12.876569
4057927,253153246299609,253153246299609,253153262899609,253153249517672,0,-13.381937
4057934,253153263004413,253153263004413,253153279604413,253153266199882,0,-13.404531
4057941,253153279713072,253153279713072,253153296313072,253153283332979,0,-12.980093
4057948,253153296417572,253153296417572,253153313017572,253153299590833,0,-13.426739
4057955,253153313120269,253153313120269,253153329720269,253153316628267,0,-13.092002
4057962,253153329842462,253153329842462,253153346442462,253153332752942,0,-13.689520
4057969,253153346543932,253153346543932,253153363143932,253153350611218,0,-12.532714
4057976,253153363242126,253153363242126,253153379842126,253153366956636,0,-12.885490
4057983,253153379972995,253153379972995,253153396572995,253153383801607,0,-12.771388
4057990,253153396672017,253153396672017,253153413272017,253153400111992,0,-13.160025
4057997,253153413369130,253153413369130,253153429969130,253153417337577,0,-12.631553
4058004,253153430104691,253153430104691,253153446704691,253153433475314,0,-13.229377
4058011,253153446809647,253153446809647,253153463409647,253153449698010,0,-13.711637
4058018,253153463512982,253153463512982,253153480112982,253153467374280,0,-12.738702
4058025,253153480215310,253153480215310,253153496815310,253153484122653,0,-12.692657
4058032,253153496921688,253153496921688,253153513521688,253153500311251,0,-13.210437
4058039,253153513650490,253153513650490,253153530250490,253153517930189,0,-12.320301
4058046,253153530377172,253153530377172,253153546977172,253153536139295,0,-10.837877
4058053,253153547086381,253153547086381,253153563686381,253153552170666,0,-11.515715
4058060,253153563796827,253153563796827,253153580396827,253153567486707,0,-12.910120
4058067,253153580501935,253153580501935,253153597101935,253153584466606,0,-12.635329
4058074,253153597206730,253153597206730,253153613806730,253153600968721,0,-12.838009
4058081,253153613910881,253153613910881,253153630510881,253153617917655,0,-12.593226
4058088,253153630617147,253153630617147,253153647217147,253153634968681,0,-12.248466
4058095,253153647319876,253153647319876,253153663919876,253153653741305,0,-10.178571
4058102,253153664052153,253153664052153,253153680652153,253153668545463,0,-12.106690
4058223,253153998255749,253153998255749,253154014855749,253154002958672,0,-11.897077
4058236,253154014966590,253154014966590,253154031566590,253154020707207,0,-10.859383
4058249,253154031677390,253154031677390,253154048277390,253154035390475,0,-12.886915
4058262,253154048368218,253154048368218,253154064968218,253154052540418,0,-12.427800
4058275,253154065067130,253154065067130,253154081667130,253154069331841,0,-12.335289
4058288,253154081783857,253154081783857,253154098383857,253154086463025,0,-11.920832
4058301,253154098491671,253154098491671,253154115091671,253154103299126,0,-11.792545
4058314,253154115204116,253154115204116,253154131804116,253154119562675,0,-12.241441
4058327,253154131922542,253154131922542,253154148522542,253154136362968,0,-12.159574
4058340,253154148636955,253154148636955,253154165236955,253154153290540,0,-11.946415
4058353,253154165352266,253154165352266,253154181952266,253154169824557,0,-12.127709
4058366,253154182067688,253154182067688,253154198667688,253154186620455,0,-12.047233
4058379,253154198781530,253154198781530,253154215381530,253154204322563,0,-11.058967
4058392,253154215491958,253154215491958,253154232091958,253154219456678,0,-12.635280
4058405,253154232200837,253154232200837,253154248800837,253154236198051,0,-12.602786
4058418,253154248908458,253154248908458,253154265508458,253154252446017,0,-13.062441
4058431,253154265616106,253154265616106,253154282216106,253154269683851,0,-12.532255
4058444,253154282327040,253154282327040,253154298927040,253154286297904,0,-12.629136
4058457,253154299035864,253154299035864,253154315635864,253154303458305,0,-12.177559
4058470,253154315750883,253154315750883,253154332350883,253154320307142,0,-12.043741
4058483,253154332460125,253154332460125,253154349060125,253154338085625,0,-10.974500
4058496,253154349172452,253154349172452,253154365772452,253154354523044,0,-11.249408
4058509,253154365881387,253154365881387,253154382481387,253154371452162,0,-11.029225
4058522,253154382587813,253154382587813,253154399187813,253154389397107,0,-9.790706
4058535,253154399294131,253154399294131,253154415894131,253154403156426,0,-12.737705
4058548,253154416001906,253154416001906,253154432601906,253154419535251,0,-13.066655
4058567,253154432697392,253154432697392,253154449297392,253154436453056,0,-12.844336
4058574,253154449406233,253154449406233,253154466006233,253154455372490,0,-10.633743
4058581,253154466112402,253154466112402,253154482712402,253154469949394,0,-12.763008
4058588,253154482817005,253154482817005,253154499417005,253154486068495,0,-13.348510
4058595,253154499521461,253154499521461,253154516121461,253154503162529,0,-12.958932
4058602,253154516226471,253154516226471,253154532826471,253154520616061,0,-12.210410
4058609,253154532932625,253154532932625,253154549532625,253154536544609,0,-12.988016
4058616,253154549635922,253154549635922,253154566235922,253154553612074,0,-12.623848
4058623,253154566341030,253154566341030,253154582941030,253154570332247,0,-12.608783
4058630,253154583040936,253154583040936,253154599640936,253154587151625,0,-12.489311
4058637,253154599741727,253154599741727,253154616341727,253154603679701,0,-12.662026
4058644,253154616445562,253154616445562,253154633045562,253154620570610,0,-12.474952
4058651,253154633149980,253154633149980,253154649749980,253154643663750,0,-6.086230
4058658,253154649855943,253154649855943,253154666455943,253154653372816,0,-13.083127
4058665,253154666564367,253154666564367,253154683164367,253154670008599,0,-13.155768
4058672,253154683276126,253154683276126,253154699876126,253154688147067,0,-11.729059
4058679,253154699985416,253154699985416,253154716585416,253154703559583,0,-13.025833
4058686,253154716698583,253154716698583,253154733298583,253154720424817,0,-12.873766
4058693,253154733407109,253154733407109,253154750007109,253154736817191,0,-13.189918
4058700,253154750114768,253154750114768,253154766714768,253154753917046,0,-12.797722
4058707,253154766821191,253154766821191,253154783421191,253154770150566,0,-13.270625
4058714,253154783530924,253154783530924,253154800130924,253154787193942,0,-12.936982
4058721,253154800235123,253154800235123,253154816835123,253154804284965,0,-12.550158
4058728,253154816937632,253154816937632,253154833537632,253154821186658,0,-12.350974
4058735,253154833639273,253154833639273,253154850239273,253154838582614,0,-11.656659
4058742,253154850347246,253154850347246,253154866947246,253154855247328,0,-11.699918
4058749,253154867046840,253154867046840,253154883646840,253154871317803,0,-12.329037
4058756,253154883755212,253154883755212,253154900355212,253154888329928,0,-12.025284
4058763,253154900465368,253154900465368,253154917065368,253154906392143,0,-10.673225
4058770,253154917171224,253154917171224,253154933771224,253154921261285,0,-12.509939
4058777,253154933877195,253154933877195,253154950477195,253154939300470,0,-11.176725
4058784,253154950573615,253154950573615,253154967173615,253154956486585,0,-10.687030
4058791,253154967276697,253154967276697,253154983876697,253154973107394,0,-10.769303
4058798,253154983994955,253154983994955,253155000594955,253154988533380,0,-12.061575
4058805,253155000740712,253155000740712,253155017340712,253155007176934,0,-10.163778
4058812,253155017442284,253155017442284,253155034042284,253155021551974,0,-12.490310
4058819,253155034145150,253155034145150,253155050745150,253155038601616,0,-12.143534
4058826,253155050843069,253155050843069,253155067443069,253155055575859,0,-11.867210
4058839,253155067550748,253155067550748,253155084150748,253155072537611,0,-11.613137
4058852,253155084254753,253155084254753,253155100854753,253155091484876,0,-9.369877
4058919,253155268029512,253155268029512,253155284629512,253155273880018,0,-10.749494
4058932,253155284736552,253155284736552,253155301336552,253155288824191,0,-12.512361
4058945,253155301443958,253155301443958,253155318043958,253155305063612,0,-12.980346
4058958,253155318144639,253155318144639,253155334744639,253155321414972,0,-13.329667
4058971,253155334847547,253155334847547,253155351447547,253155338851250,0,-12.596297
4058984,253155351550139,253155351550139,253155368150139,253155355571222,0,-12.578917
4058997,253155368252682,253155368252682,253155384852682,253155372167331,0,-12.685351
4059010,253155384959654,253155384959654,253155401559654,253155388000827,0,-13.558827
4059023,253155401666006,253155401666006,253155418266006,253155405618544,0,-12.647462
4059036,253155418372976,253155418372976,253155434972976,253155421981622,0,-12.991354
4059049,253155435081313,253155435081313,253155451681313,253155438214980,0,-13.466333
4059074,253155451780698,253155451780698,253155468380698,253155455292819,0,-13.087879
4059099,253155468486314,253155468486314,253155485086314,253155473291029,0,-11.795285
4059124,253155485197954,253155485197954,253155501797954,253155489430393,0,-12.367561
4059143,253155501926807,253155501926807,253155518526807,253155505379245,0,-13.147562
4059162,253155518634900,253155518634900,253155535234900,253155522003146,0,-13.231754
4059181,253155535345035,253155535345035,253155551945035,253155539912083,0,-12.032952
4059200,253155552052363,253155552052363,253155568652363,253155556991590,0,-11.660773
4059219,253155568766476,253155568766476,253155585366476,253155573033501,0,-12.332975
4059238,253155585480804,253155585480804,253155602080804,253155589262342,0,-12.818462
4059257,253155602190832,253155602190832,253155618790832,253155605615777,0,-13.175055
4059276,253155618908048,253155618908048,253155635508048,253155623183119,0,-12.324929
4059295,253155635627578,253155635627578,253155652227578,253155639898776,0,-12.328802
4059333,253155669078556,253155669078556,253155685678556,253155673985935,0,-11.692621
4059352,253155685783260,253155685783260,253155702383260,253155691628472,0,-10.754788
4059371,253155702489151,253155702489151,253155719089151,253155707621921,0,-11.467230
4059396,253155719195880,253155719195880,253155735795880,253155723280327,0,-12.515553
4059409,253155735905920,253155735905920,253155752505920,253155740319187,0,-12.186733
4059422,253155752615423,253155752615423,253155769215423,253155757613660,0,-11.601763
4059435,253155769325807,253155769325807,253155785925807,253155773597670,0,-12.328137
4059448,253155786027880,253155786027880,253155802627880,253155789663751,0,-12.964129
4059461,253155802735070,253155802735070,253155819335070,253155807250502,0,-12.084568
4059468,253155819442982,253155819442982,253155836042982,253155823743015,0,-12.299967
4059475,253155836149939,253155836149939,253155852749939,253155840268446,0,-12.481493
4059482,253155852854724,253155852854724,253155869454724,253155857059705,0,-12.395019
4059489,253155869561558,253155869561558,253155886161558,253155874301771,0,-11.859787
4059496,253155886275487,253155886275487,253155902875487,253155890636407,0,-12.239080
4059503,253155902982115,253155902982115,253155919582115,253155907200656,0,-12.381459
4059510,253155919691524,253155919691524,253155936291524,253155924397800,0,-11.893724
4059517,253155936389484,253155936389484,253155952989484,253155940701795,0,-12.287689
4059524,253155953094864,253155953094864,253155969694864,253155958679701,0,-11.015163
4059531,253155969797357,253155969797357,253155986397357,253155975808445,0,-10.588912
4059538,253155986500912,253155986500912,253156003100912,253155993396946,0,-9.703966
4059545,253156003223328,253156003223328,253156019823328,253156007595839,0,-12.227489
4059552,253156019924557,253156019924557,253156036524557,253156024975803,0,-11.548754
4059559,253156036627563,253156036627563,253156053227563,253156041121108,0,-12.106455
4059566,253156053329551,253156053329551,253156069929551,253156058419895,0,-11.509656
