frame_index,frame_token,deadline_missed,frame_time_ms,cluster,sampled_time_ns,avg_freq_khz,min_freq_khz,max_freq_khz,sample_count
0,9420410,0,16.149,big,41200000,2529472.423883,2401000.000000,2630000.000000,6
0,9420410,0,16.149,little,82400000,1577471.989515,1401000.000000,1803000.000000,12
0,9420410,0,16.149,middle,41200000,1877962.760971,1491000.000000,1999000.000000,6
1,9420447,0,16.301,big,41200000,2486524.466699,2252000.000000,2630000.000000,6
1,9420447,0,16.301,little,82400000,1541475.689709,1401000.000000,1803000.000000,12
1,9420447,0,16.301,middle,41200000,1871466.192621,1663000.000000,1999000.000000,6
2,9420484,0,16.112,big,41207146,2373852.874790,2188000.000000,2401000.000000,6
2,9420484,0,16.112,little,82414292,1311303.880740,1197000.000000,1328000.000000,12
2,9420484,0,16.112,middle,41207146,1568320.281584,1197000.000000,1999000.000000,6
3,9420521,0,16.217,big,41212252,2630000.000000,2630000.000000,2630000.000000,6
3,9420521,0,16.217,little,82424504,1401000.000000,1401000.000000,1401000.000000,12
3,9420521,0,16.217,middle,41212252,1901064.156649,1197000.000000,2253000.000000,6
4,9420558,0,16.184,big,41209456,2439155.437820,2188000.000000,2630000.000000,6
4,9420558,0,16.184,little,82418912,1312917.894378,1197000.000000,1401000.000000,12
4,9420558,0,16.184,middle,41209456,1197000.000000,1197000.000000,1197000.000000,6
5,9420595,0,16.222,big,41200000,2244132.604272,2188000.000000,2252000.000000,6
5,9420595,0,16.222,little,82400000,1311896.424369,1197000.000000,1328000.000000,12
5,9420595,0,16.222,middle,41200000,2131239.758301,1197000.000000,2253000.000000,6
6,9420632,0,16.23,big,41200000,2462082.855049,2401000.000000,2507000.000000,6
6,9420632,0,16.23,little,82400000,1328000.000000,1328000.000000,1328000.000000,12
6,9420632,0,16.23,middle,41200000,2002989.476214,1663000.000000,2253000.000000,6
7,9420669,0,16.151,big,41200000,2453304.022524,2401000.000000,2507000.000000,6
7,9420669,0,16.151,little,82400000,1345760.407427,1328000.000000,1401000.000000,12
7,9420669,0,16.151,middle,41200000,1954126.163107,1663000.000000,2253000.000000,6
8,9420706,0,16.225,big,41200000,2608805.394126,2401000.000000,2630000.000000,6
8,9420706,0,16.225,little,82400000,1394243.640922,1328000.000000,1401000.000000,12
8,9420706,0,16.225,middle,41200000,1715394.086165,1328000.000000,2253000.000000,6
9,9420743,0,16.252,big,41200000,2630000.000000,2630000.000000,2630000.000000,6
9,9420743,0,16.252,little,82400000,1401000.000000,1401000.000000,1401000.000000,12
9,9420743,0,16.252,middle,41200000,2179586.836165,1328000.000000,2253000.000000,6
10,9420780,0,16.137,big,41200000,2630000.000000,2630000.000000,2630000.000000,6
10,9420780,0,16.137,little,82400000,1566628.429806,1401000.000000,1803000.000000,12
10,9420780,0,16.137,middle,41200000,1583316.684515,910000.000000,2253000.000000,6
11,9420817,0,16.186,big,41200000,2630000.000000,2630000.000000,2630000.000000,6
11,9420817,0,16.186,little,82400000,1415842.735485,1401000.000000,1598000.000000,12
11,9420817,0,16.186,middle,41200000,1738716.804320,1197000.000000,2253000.000000,6
12,9420854,0,16.225,big,41200000,2630000.000000,2630000.000000,2630000.000000,6
12,9420854,0,16.225,little,82400000,1752213.076311,1401000.000000,1803000.000000,12
12,9420854,0,16.225,middle,41200000,2056295.422427,696000.000000,2253000.000000,6
13,9420892,0,16.109,big,41200000,2630000.000000,2630000.000000,2630000.000000,6
13,9420892,0,16.109,little,82400000,1401000.000000,1401000.000000,1401000.000000,12
13,9420892,0,16.109,middle,41200000,1700809.808155,1197000.000000,2253000.000000,6
14,9420929,0,16.222,big,41216852,2630000.000000,2630000.000000,2630000.000000,6
14,9420929,0,16.222,little,82433704,1401000.000000,1401000.000000,1401000.000000,12
14,9420929,0,16.222,middle,41216852,2253000.000000,2253000.000000,2253000.000000,6
15,9420966,0,16.182,big,41200000,2630000.000000,2630000.000000,2630000.000000,6
15,9420966,0,16.182,little,82400000,1401000.000000,1401000.000000,1401000.000000,12
15,9420966,0,16.182,middle,41200000,1136513.956505,1024000.000000,1328000.000000,6
16,9421003,0,16.14,big,41200000,2590594.755704,2507000.000000,2630000.000000,10
16,9421003,0,16.14,little,82400000,1428550.294017,1328000.000000,1803000.000000,36
16,9421003,0,16.14,middle,41200000,1016366.065971,400000.000000,1328000.000000,14
17,9421040,0,16.198,big,41200000,2507000.000000,2507000.000000,2507000.000000,6
17,9421040,0,16.198,little,82400000,1489735.576663,1328000.000000,1803000.000000,24
17,9421040,0,16.198,middle,41200000,2247046.289490,2130000.000000,2253000.000000,8
18,9421077,0,16.173,big,41226960,2507000.000000,2507000.000000,2507000.000000,6
18,9421077,0,16.173,little,82453920,1328000.000000,1328000.000000,1328000.000000,12
18,9421077,0,16.173,middle,41226960,1972304.638930,1663000.000000,2253000.000000,12
19,9421114,0,16.157,big,41274126,2507000.000000,2507000.000000,2507000.000000,6
19,9421114,0,16.157,little,82548252,1328000.000000,1328000.000000,1328000.000000,12
19,9421114,0,16.157,middle,41274126,1732737.904420,1491000.000000,2253000.000000,10
20,9421151,0,16.466,big,41373106,2507000.000000,2507000.000000,2507000.000000,8
20,9421151,0,16.466,little,82746212,1328000.000000,1328000.000000,1328000.000000,16
20,9421151,0,16.466,middle,41373106,1384350.495537,1197000.000000,1999000.000000,16
21,9421176,0,16.294,big,41376546,2472566.340554,2401000.000000,2507000.000000,8
21,9421176,0,16.294,little,82753092,1328000.000000,1328000.000000,1328000.000000,12
21,9421176,0,16.294,middle,41376546,1676222.292262,1197000.000000,1836000.000000,10
22,9421189,0,16.178,big,41212198,2617376.975234,2507000.000000,2630000.000000,10
22,9421189,0,16.178,little,82424396,1432370.750427,1328000.000000,1704000.000000,24
22,9421189,0,16.178,middle,41212198,1253439.504755,1197000.000000,1328000.000000,8
23,9421202,0,16.355,big,41203862,2504147.777725,2401000.000000,2630000.000000,12
23,9421202,0,16.355,little,82407724,1422616.676296,1328000.000000,1598000.000000,32
23,9421202,0,16.355,middle,41203862,1914090.026415,799000.000000,2253000.000000,14
24,9421240,0,16.117,big,41251022,2521460.794959,2507000.000000,2630000.000000,10
24,9421240,0,16.117,little,82502044,1423146.903233,1328000.000000,1803000.000000,32
24,9421240,0,16.117,middle,41251022,2072176.539384,1836000.000000,2253000.000000,10
25,9421278,0,16.22,big,41232848,2486960.684986,2048000.000000,2507000.000000,10
25,9421278,0,16.22,little,82465696,1409036.446621,1328000.000000,1803000.000000,20
25,9421278,0,16.22,middle,41232848,1768412.945378,1197000.000000,2253000.000000,12
26,9421297,0,16.348,big,41200000,2486944.708010,2048000.000000,2507000.000000,10
26,9421297,0,16.348,little,82400000,1431879.382803,1328000.000000,1803000.000000,24
26,9421297,0,16.348,middle,41200000,1311111.281602,799000.000000,2253000.000000,10
27,9421353,0,16.311,big,41200000,2401000.000000,2401000.000000,2401000.000000,6
27,9421353,0,16.311,little,82400000,1328000.000000,1328000.000000,1328000.000000,12
27,9421353,0,16.311,middle,41200000,1234880.029951,1197000.000000,1328000.000000,8
28,9421372,0,16.222,big,41200000,2401000.000000,2401000.000000,2401000.000000,4
28,9421372,0,16.222,little,82400000,1328000.000000,1328000.000000,1328000.000000,8
28,9421372,0,16.222,middle,41200000,1306935.813665,1197000.000000,1328000.000000,6
29,9421409,0,16.127,big,41200000,2401000.000000,2401000.000000,2401000.000000,6
29,9421409,0,16.127,little,82400000,1377385.561153,1328000.000000,1803000.000000,24
29,9421409,0,16.127,middle,41200000,2087383.624223,1663000.000000,2253000.000000,12
30,9421446,0,16.174,big,41200000,2439423.388544,2048000.000000,2507000.000000,12
30,9421446,0,16.174,little,82400000,1371390.679308,1328000.000000,1803000.000000,20
30,9421446,0,16.174,middle,41200000,2215038.890291,1663000.000000,2253000.000000,10
31,9421483,0,16.092,big,41200000,2507000.000000,2507000.000000,2507000.000000,2
31,9421483,0,16.092,little,82400000,1328000.000000,1328000.000000,1328000.000000,4
31,9421483,0,16.092,middle,41200000,1767206.194782,1328000.000000,1836000.000000,8
32,9421520,0,16.14,big,41200000,2401000.000000,2401000.000000,2401000.000000,6
32,9421520,0,16.14,little,82400000,1328000.000000,1328000.000000,1328000.000000,12
32,9421520,0,16.14,middle,41200000,1204675.238350,799000.000000,1328000.000000,10
33,9421545,0,16.148,big,41200000,2401000.000000,2401000.000000,2401000.000000,6
33,9421545,0,16.148,little,82400000,1328000.000000,1328000.000000,1328000.000000,12
33,9421545,0,16.148,middle,41200000,2253000.000000,2253000.000000,2253000.000000,6
34,9421582,0,16.168,big,41200000,2391841.817694,2048000.000000,2401000.000000,6
34,9421582,0,16.168,little,82400000,1402158.008799,1328000.000000,1803000.000000,20
34,9421582,0,16.168,middle,41200000,1959225.155485,400000.000000,2253000.000000,8
35,9421619,0,16.144,big,41200000,2446076.209272,2401000.000000,2507000.000000,8
35,9421619,0,16.144,little,82400000,1328000.000000,1328000.000000,1328000.000000,12
35,9421619,0,16.144,middle,41200000,1073943.653252,696000.000000,2253000.000000,12
36,9421656,0,16.19,big,41200000,2456365.646845,1277000.000000,2507000.000000,10
36,9421656,0,16.19,little,82400000,1367981.337985,1328000.000000,1803000.000000,20
36,9421656,0,16.19,middle,41200000,1823581.482427,1197000.000000,2253000.000000,10
37,9421693,0,16.139,big,41200000,2404784.459854,2401000.000000,2507000.000000,4
37,9421693,0,16.139,little,82400000,1328000.000000,1328000.000000,1328000.000000,4
37,9421693,0,16.139,middle,41200000,1060021.357500,910000.000000,1197000.000000,4
38,9421730,0,16.295,big,41200000,2401000.000000,2401000.000000,2401000.000000,6
38,9421730,0,16.295,little,82400000,1343844.800607,1328000.000000,1401000.000000,20
38,9421730,0,16.295,middle,41200000,1334940.882039,910000.000000,2253000.000000,12
39,9421767,0,16.167,big,41200000,2500008.196262,2401000.000000,2507000.000000,10
39,9421767,0,16.167,little,82400000,1328000.000000,1328000.000000,1328000.000000,12
39,9421767,0,16.167,middle,41200000,2193851.252403,1836000.000000,2253000.000000,10
40,9421804,0,16.052,big,41200000,2422873.673738,2401000.000000,2507000.000000,4
40,9421804,0,16.052,little,82400000,1328000.000000,1328000.000000,1328000.000000,4
40,9421804,0,16.052,middle,41200000,1638332.958204,1491000.000000,2130000.000000,4
41,9421841,0,16.207,big,41238380,2401000.000000,2401000.000000,2401000.000000,6
41,9421841,0,16.207,little,82476760,1328000.000000,1328000.000000,1328000.000000,12
41,9421841,0,16.207,middle,41238380,1072919.764962,1024000.000000,1197000.000000,8
42,9421854,0,16.288,big,41430370,2604076.092755,2401000.000000,2630000.000000,10
42,9421854,0,16.288,little,82860740,1391833.581283,1328000.000000,1401000.000000,16
42,9421854,0,16.288,middle,41430370,793400.070528,696000.000000,910000.000000,8
43,9421867,0,16.243,big,41208848,2464768.257948,2401000.000000,2630000.000000,4
43,9421867,0,16.243,little,82417696,1490964.313198,1328000.000000,1704000.000000,20
43,9421867,0,16.243,middle,41208848,1308737.350168,910000.000000,1491000.000000,6
44,9421904,0,16.085,big,41200000,2507000.000000,2507000.000000,2507000.000000,6
44,9421904,0,16.085,little,82400000,1328000.000000,1328000.000000,1328000.000000,12
44,9421904,0,16.085,middle,41200000,1286420.351990,1197000.000000,1328000.000000,8
45,9421941,0,16.193,big,41214472,2328872.266567,2252000.000000,2401000.000000,8
45,9421941,0,16.193,little,82428944,1264800.639300,1197000.000000,1328000.000000,16
45,9421941,0,16.193,middle,41214472,1476496.279050,1328000.000000,1663000.000000,8
46,9421978,0,16.143,big,41217302,2249176.232059,2188000.000000,2252000.000000,6
46,9421978,0,16.143,little,82434604,1352530.460315,1197000.000000,1704000.000000,20
46,9421978,0,16.143,middle,41217302,1612850.175929,1491000.000000,1663000.000000,4
47,9422015,0,16.244,big,41226688,2401000.000000,2401000.000000,2401000.000000,6
47,9422015,0,16.244,little,82453376,1666712.747565,1328000.000000,1803000.000000,40
47,9422015,0,16.244,middle,41226688,1778784.361455,1491000.000000,1836000.000000,10
48,9422052,0,16.244,big,41244574,2479681.768952,2401000.000000,2507000.000000,8
48,9422052,0,16.244,little,82489148,1432949.242984,1328000.000000,1704000.000000,32
48,9422052,0,16.244,middle,41244574,1475817.407861,1328000.000000,1491000.000000,10
49,9422089,0,16.246,big,41260292,2430637.899678,851000.000000,2630000.000000,10
49,9422089,0,16.246,little,82520584,1396632.984481,1328000.000000,1598000.000000,24
49,9422089,0,16.246,middle,41260292,2034584.622765,1328000.000000,2130000.000000,12
50,9422126,0,16.22,big,41258644,2401000.000000,2401000.000000,2401000.000000,6
50,9422126,0,16.22,little,82517288,1339307.567379,1328000.000000,1401000.000000,20
50,9422126,0,16.22,middle,41258644,1766781.397905,1663000.000000,1836000.000000,8
51,9422163,0,16.163,big,41284194,2401000.000000,2401000.000000,2401000.000000,6
51,9422163,0,16.163,little,82568388,1329764.667793,1328000.000000,1803000.000000,16
51,9422163,0,16.163,middle,41284194,1367048.565996,910000.000000,1663000.000000,10
52,9422200,0,16.11,big,41290958,2401000.000000,2401000.000000,2401000.000000,6
52,9422200,0,16.11,little,82581916,1328000.000000,1328000.000000,1328000.000000,12
52,9422200,0,16.11,middle,41290958,1200630.956468,910000.000000,1328000.000000,10
53,9422237,0,16.229,big,41295910,2437447.677361,2401000.000000,2507000.000000,10
53,9422237,0,16.229,little,82591820,1328000.000000,1328000.000000,1328000.000000,12
53,9422237,0,16.229,middle,41295910,936756.524508,553000.000000,1024000.000000,10
54,9422274,0,16.241,big,41288812,2471878.721141,1277000.000000,2507000.000000,8
54,9422274,0,16.241,little,82577624,1340228.321864,1098000.000000,1803000.000000,20
54,9422274,0,16.241,middle,41288812,1984702.559957,1836000.000000,2253000.000000,10
55,9422311,0,16.244,big,41312232,2507000.000000,2507000.000000,2507000.000000,6
55,9422311,0,16.244,little,82624464,1328000.000000,1328000.000000,1328000.000000,12
55,9422311,0,16.244,middle,41312232,2194244.806163,2130000.000000,2253000.000000,8
56,9422348,0,16.176,big,41273844,2507000.000000,2507000.000000,2507000.000000,6
56,9422348,0,16.176,little,82547688,1328000.000000,1328000.000000,1328000.000000,12
56,9422348,0,16.176,middle,41273844,1816344.203632,1197000.000000,2253000.000000,16
57,9422385,0,16.161,big,41239772,2507000.000000,2507000.000000,2507000.000000,8
57,9422385,0,16.161,little,82479544,1328000.000000,1328000.000000,1328000.000000,16
57,9422385,0,16.161,middle,41239772,1201255.579759,799000.000000,1491000.000000,16
58,9422422,0,16.17,big,41220340,2507000.000000,2507000.000000,2507000.000000,4
58,9422422,0,16.17,little,82440680,1328000.000000,1328000.000000,1328000.000000,8
58,9422422,0,16.17,middle,41220340,1063690.055613,799000.000000,2253000.000000,10
59,9422459,0,16.268,big,41200000,2401000.000000,2401000.000000,2401000.000000,6
59,9422459,0,16.268,little,82400000,1328000.000000,1328000.000000,1328000.000000,12
59,9422459,0,16.268,middle,41200000,931570.804539,696000.000000,1197000.000000,12
60,9422496,0,16.335,big,41293878,2405789.250939,2401000.000000,2507000.000000,10
60,9422496,0,16.335,little,82587756,1328000.000000,1328000.000000,1328000.000000,16
60,9422496,0,16.335,middle,41293878,2228294.773186,1999000.000000,2253000.000000,12
61,9422534,0,16.211,big,41200000,2586709.221529,2507000.000000,2630000.000000,10
61,9422534,0,16.211,little,82400000,1479730.724466,1328000.000000,1598000.000000,24
61,9422534,0,16.211,middle,41200000,1300933.394684,553000.000000,2130000.000000,14
62,9422553,0,16.262,big,41200000,2282944.155922,984000.000000,2630000.000000,12
62,9422553,0,16.262,little,82400000,1381780.600170,1197000.000000,1803000.000000,32
62,9422553,0,16.262,middle,41200000,1666015.943544,910000.000000,2253000.000000,16
63,9422590,0,16.32,big,41200000,2321008.294612,2188000.000000,2401000.000000,8
63,9422590,0,16.32,little,82400000,1278950.647731,1197000.000000,1328000.000000,16
63,9422590,0,16.32,middle,41200000,1132349.690364,910000.000000,1197000.000000,8
64,9422627,0,16.194,big,41200000,2449529.339248,2252000.000000,2630000.000000,10
64,9422627,0,16.194,little,82400000,1395888.644405,1328000.000000,1803000.000000,28
64,9422627,0,16.194,middle,41200000,2253000.000000,2253000.000000,2253000.000000,6
65,9422664,0,16.136,big,41200000,2218927.602330,2188000.000000,2252000.000000,10
65,9422664,0,16.136,little,82400000,1457744.385667,1197000.000000,1598000.000000,28
65,9422664,0,16.136,middle,41200000,2053948.415388,1836000.000000,2130000.000000,10
66,9422701,0,16.147,big,41200000,2476123.672379,2401000.000000,2630000.000000,10
66,9422701,0,16.147,little,82400000,1383085.412549,1328000.000000,1803000.000000,24
66,9422701,0,16.147,middle,41200000,1465239.269029,910000.000000,2253000.000000,10
67,9422738,0,16.15,big,41200000,2630000.000000,2630000.000000,2630000.000000,6
67,9422738,0,16.15,little,82400000,1401000.000000,1401000.000000,1401000.000000,12
67,9422738,0,16.15,middle,41200000,2103367.170243,1197000.000000,2253000.000000,12
68,9422793,0,16.209,big,41247692,2507000.000000,2507000.000000,2507000.000000,6
68,9422793,0,16.209,little,82495384,1365219.651587,1328000.000000,1598000.000000,16
68,9422793,0,16.209,middle,41247692,2043487.259336,1836000.000000,2253000.000000,14
69,9422830,0,16.182,big,41228904,2507000.000000,2507000.000000,2507000.000000,6
69,9422830,0,16.182,little,82457808,1373546.235161,1328000.000000,1803000.000000,32
69,9422830,0,16.182,middle,41228904,2035172.594256,1836000.000000,2253000.000000,10
70,9422849,0,16.2,big,41243924,2507000.000000,2507000.000000,2507000.000000,6
70,9422849,0,16.2,little,82487848,1382969.805674,1328000.000000,1803000.000000,20
70,9422849,0,16.2,middle,41243924,2092042.232209,1999000.000000,2130000.000000,8
71,9422886,0,16.238,big,41228234,2507000.000000,2507000.000000,2507000.000000,6
71,9422886,0,16.238,little,82456468,1521617.231568,1328000.000000,1803000.000000,28
71,9422886,0,16.238,middle,41228234,1912734.682354,1663000.000000,2130000.000000,8
72,9422941,0,16.183,big,41200000,2456276.638155,2401000.000000,2507000.000000,8
72,9422941,0,16.183,little,82400000,1764273.731456,1328000.000000,1803000.000000,24
72,9422941,0,16.183,middle,41200000,1627996.305340,1328000.000000,1663000.000000,10
73,9422978,0,16.245,big,41238462,2401000.000000,2401000.000000,2401000.000000,6
73,9422978,0,16.245,little,82476924,1565700.307155,1328000.000000,1803000.000000,32
73,9422978,0,16.245,middle,41238462,1694100.033362,1491000.000000,1836000.000000,10
74,9422997,0,16.145,big,41210840,2401000.000000,2401000.000000,2401000.000000,6
74,9422997,0,16.145,little,82421680,1328000.000000,1328000.000000,1328000.000000,12
74,9422997,0,16.145,middle,41210840,1880234.163439,1663000.000000,1999000.000000,10
75,9423034,0,16.161,big,41252762,2401000.000000,2401000.000000,2401000.000000,6
75,9423034,0,16.161,little,82505524,1328000.000000,1328000.000000,1328000.000000,12
75,9423034,0,16.161,middle,41252762,1701442.289804,1328000.000000,1836000.000000,10
76,9423071,0,16.337,big,41230362,2246803.111285,2188000.000000,2401000.000000,8
76,9423071,0,16.337,little,82460724,1440686.837542,1197000.000000,1803000.000000,32
76,9423071,0,16.337,middle,41230362,2198597.271981,1663000.000000,2253000.000000,10
77,9423108,0,16.262,big,41201270,2188000.000000,2188000.000000,2188000.000000,6
77,9423108,0,16.262,little,82402540,1635112.973738,1197000.000000,1803000.000000,32
77,9423108,0,16.262,middle,41201270,1649683.623684,1328000.000000,1999000.000000,12
78,9423121,0,16.136,big,41200000,2188000.000000,2188000.000000,2188000.000000,6
78,9423121,0,16.136,little,82400000,1248778.764757,1197000.000000,1401000.000000,24
78,9423121,0,16.136,middle,41200000,1440616.893204,1197000.000000,2253000.000000,8
79,9423134,0,16.147,big,41200000,2197565.770874,2188000.000000,2252000.000000,8
79,9423134,0,16.147,little,82400000,1211381.939927,1197000.000000,1328000.000000,16
79,9423134,0,16.147,middle,41200000,1574570.575146,1491000.000000,1663000.000000,8
80,9423147,0,16.133,big,41200000,2252000.000000,2252000.000000,2252000.000000,8
80,9423147,0,16.133,little,82400000,1263788.034066,1197000.000000,1803000.000000,28
80,9423147,0,16.133,middle,41200000,1120281.745947,400000.000000,2253000.000000,12
81,9423160,0,16.065,big,41200000,2186728.685534,1426000.000000,2401000.000000,14
81,9423160,0,16.065,little,82400000,1361493.386917,1328000.000000,1401000.000000,28
81,9423160,0,16.065,middle,41200000,2167291.896578,1024000.000000,2253000.000000,10
82,9423185,0,16.159,big,41200000,2048000.000000,2048000.000000,2048000.000000,6
82,9423185,0,16.159,little,82400000,1533865.200607,1328000.000000,1598000.000000,20
82,9423185,0,16.159,middle,41200000,1117327.684660,799000.000000,1491000.000000,10
83,9423222,0,16.31,big,41208186,2239140.906469,2188000.000000,2401000.000000,10
83,9423222,0,16.31,little,82416372,1377653.389875,1197000.000000,1704000.000000,28
83,9423222,0,16.31,middle,41208186,1434092.096143,1197000.000000,1663000.000000,10
84,9423259,0,16.167,big,41200000,2272005.504369,2188000.000000,2401000.000000,10
84,9423259,0,16.167,little,82400000,1356670.808204,1197000.000000,1598000.000000,28
84,9423259,0,16.167,middle,41200000,1418440.534175,1328000.000000,1491000.000000,8
85,9423296,0,16.173,big,41215268,2248520.236336,2188000.000000,2252000.000000,8
85,9423296,0,16.173,little,82430536,1197000.000000,1197000.000000,1197000.000000,12
85,9423296,0,16.173,middle,41215268,1458169.276711,1328000.000000,1491000.000000,8
86,9423333,0,16.182,big,41202414,2401000.000000,2401000.000000,2401000.000000,6
86,9423333,0,16.182,little,82404828,1408830.769709,1328000.000000,1803000.000000,16
86,9423333,0,16.182,middle,41202414,1794495.786485,1197000.000000,2253000.000000,10
87,9423370,0,16.137,big,41231322,2343825.705104,2252000.000000,2401000.000000,8
87,9423370,0,16.137,little,82462644,1277947.594695,1197000.000000,1328000.000000,16
87,9423370,0,16.137,middle,41231322,1325647.039525,1024000.000000,1663000.000000,8
88,9423407,0,16.386,big,41280106,2396951.076167,2252000.000000,2401000.000000,10
88,9423407,0,16.386,little,82560212,1328000.000000,1328000.000000,1328000.000000,12
88,9423407,0,16.386,middle,41280106,1863037.920688,1491000.000000,2253000.000000,12
89,9423444,0,16.188,big,41227570,2390516.120839,2252000.000000,2401000.000000,10
89,9423444,0,16.188,little,82455140,1396124.204883,1197000.000000,1598000.000000,32
89,9423444,0,16.188,middle,41227570,1864685.179214,910000.000000,1999000.000000,10
90,9423481,0,16.17,big,41200960,2401000.000000,2401000.000000,2401000.000000,6
90,9423481,0,16.17,little,82401920,1328000.000000,1328000.000000,1328000.000000,12
90,9423481,0,16.17,middle,41200960,2208629.167379,1663000.000000,2253000.000000,10
91,9423518,0,16.194,big,41217920,2401000.000000,2401000.000000,2401000.000000,6
91,9423518,0,16.194,little,82435840,1328000.000000,1328000.000000,1328000.000000,12
91,9423518,0,16.194,middle,41217920,2098556.257084,1663000.000000,2253000.000000,8
92,9423555,0,16.166,big,41200000,2401000.000000,2401000.000000,2401000.000000,8
92,9423555,0,16.166,little,82400000,1432156.305340,1328000.000000,1704000.000000,28
92,9423555,0,16.166,middle,41200000,2132476.260194,1999000.000000,2253000.000000,12
93,9423592,0,16.152,big,41200000,2401000.000000,2401000.000000,2401000.000000,6
93,9423592,0,16.152,little,82400000,1442562.124612,1328000.000000,1803000.000000,32
93,9423592,0,16.152,middle,41200000,2221283.378228,2130000.000000,2253000.000000,10
94,9423629,0,16.209,big,41216240,2401000.000000,2401000.000000,2401000.000000,4
94,9423629,0,16.209,little,82432480,1337096.069207,1328000.000000,1401000.000000,12
94,9423629,0,16.209,middle,41216240,1502940.272960,1197000.000000,1663000.000000,8
95,9423666,0,16.358,big,41212694,2401000.000000,2401000.000000,2401000.000000,6
95,9423666,0,16.358,little,82425388,1328000.000000,1328000.000000,1328000.000000,12
95,9423666,0,16.358,middle,41212694,2128290.632032,1836000.000000,2253000.000000,10
96,9423704,0,16.205,big,41231214,2315891.057028,2252000.000000,2401000.000000,8
96,9423704,0,16.205,little,82462428,1277563.558788,1197000.000000,1328000.000000,28
96,9423704,0,16.205,middle,41231214,1645646.456638,1328000.000000,2253000.000000,10
97,9423741,0,16.236,big,41218858,2239317.922151,1826000.000000,2252000.000000,8
97,9423741,0,16.236,little,82437716,1399825.499957,1197000.000000,1803000.000000,28
97,9423741,0,16.236,middle,41218858,2076834.904402,1999000.000000,2253000.000000,8
98,9423778,0,16.257,big,41261450,2401000.000000,2401000.000000,2401000.000000,8
98,9423778,0,16.257,little,82522900,1328000.000000,1328000.000000,1328000.000000,16
98,9423778,0,16.257,middle,41261450,1210813.066361,696000.000000,1663000.000000,14
99,9423815,0,16.153,big,41275812,2401000.000000,2401000.000000,2401000.000000,6
99,9423815,0,16.153,little,82551624,1353637.475345,1328000.000000,1803000.000000,24
99,9423815,0,16.153,middle,41275812,1630704.244801,1328000.000000,2253000.000000,10
100,9423853,0,16.185,big,41270688,2401000.000000,2401000.000000,2401000.000000,4
100,9423853,0,16.185,little,82541376,1328000.000000,1328000.000000,1328000.000000,8
100,9423853,0,16.185,middle,41270688,2176651.766212,2130000.000000,2253000.000000,6
101,9423891,0,16.165,big,41248088,2358359.049467,1277000.000000,2401000.000000,8
101,9423891,0,16.165,little,82496176,1354060.781399,1328000.000000,1803000.000000,20
101,9423891,0,16.165,middle,41248088,1732480.738186,1491000.000000,2253000.000000,12
102,9423910,0,16.277,big,41240064,2316388.005993,1277000.000000,2401000.000000,10
102,9423910,0,16.277,little,82480128,1389322.082332,1328000.000000,1803000.000000,20
102,9423910,0,16.277,middle,41240064,1693895.327830,1197000.000000,1836000.000000,10
103,9423966,0,16.193,big,41230894,2396146.019172,2252000.000000,2401000.000000,8
103,9423966,0,16.193,little,82461788,1328000.000000,1328000.000000,1328000.000000,8
103,9423966,0,16.193,middle,41230894,2151947.829121,1836000.000000,2253000.000000,6
104,9423985,0,16.248,big,41239162,2401000.000000,2401000.000000,2401000.000000,4
104,9423985,0,16.248,little,82478324,1328000.000000,1328000.000000,1328000.000000,8
104,9423985,0,16.248,middle,41239162,1789141.991101,1491000.000000,1836000.000000,6
105,9424010,0,16.168,big,41236076,2470117.911656,2252000.000000,2507000.000000,12
105,9424010,0,16.168,little,82472152,1354779.634015,1197000.000000,1803000.000000,28
105,9424010,0,16.168,middle,41236076,2161102.986618,1999000.000000,2253000.000000,8
106,9424023,0,16.23,big,41232516,2507000.000000,2507000.000000,2507000.000000,6
106,9424023,0,16.23,little,82465032,1328000.000000,1328000.000000,1328000.000000,12
106,9424023,0,16.23,middle,41232516,1963685.103718,1663000.000000,2253000.000000,8
107,9424048,0,16.377,big,41293628,2252000.000000,2252000.000000,2252000.000000,4
107,9424048,0,16.377,little,82587256,1323059.948850,1197000.000000,1803000.000000,20
107,9424048,0,16.377,middle,41293628,2206165.971321,2130000.000000,2253000.000000,6
108,9424085,0,16.194,big,41255438,2277840.251557,2252000.000000,2401000.000000,8
108,9424085,0,16.194,little,82510876,1219812.929110,1197000.000000,1328000.000000,16
108,9424085,0,16.194,middle,41255438,1735382.504774,1328000.000000,1999000.000000,8
109,9424122,0,16.271,big,41215580,2401000.000000,2401000.000000,2401000.000000,6
109,9424122,0,16.271,little,82431160,1328000.000000,1328000.000000,1328000.000000,12
109,9424122,0,16.271,middle,41215580,1217887.446252,1024000.000000,1328000.000000,8
110,9424159,0,16.227,big,41200000,2284425.865146,2188000.000000,2401000.000000,6
110,9424159,0,16.227,little,82400000,1357981.786711,1328000.000000,1803000.000000,16
110,9424159,0,16.227,middle,41200000,2123615.520728,1328000.000000,2253000.000000,8
111,9424196,0,16.304,big,41200000,2181243.290777,2048000.000000,2188000.000000,10
111,9424196,0,16.304,little,82400000,1418480.884260,1197000.000000,1803000.000000,44
111,9424196,0,16.304,middle,41200000,1972889.423859,910000.000000,2253000.000000,14
112,9424233,0,16.131,big,41228268,2401000.000000,2401000.000000,2401000.000000,6
112,9424233,0,16.131,little,82456536,1439972.077022,1328000.000000,1803000.000000,24
112,9424233,0,16.131,middle,41228268,1299880.951778,696000.000000,2253000.000000,14
113,9424270,0,16.226,big,41215136,2395085.473283,2252000.000000,2401000.000000,10
113,9424270,0,16.226,little,82430272,1328000.000000,1328000.000000,1328000.000000,12
113,9424270,0,16.226,middle,41215136,2065859.503120,1663000.000000,2253000.000000,8
114,9424283,0,16.176,big,41200000,2448533.850146,2401000.000000,2507000.000000,8
114,9424283,0,16.176,little,82400000,1379367.376214,1328000.000000,1803000.000000,20
114,9424283,0,16.176,middle,41200000,1790787.113786,910000.000000,2253000.000000,12
115,9424308,0,16.203,big,41200000,2380448.525728,2252000.000000,2507000.000000,8
115,9424308,0,16.203,little,82400000,1263186.330303,1197000.000000,1328000.000000,16
115,9424308,0,16.203,middle,41200000,1249135.905316,1024000.000000,1491000.000000,8
116,9424333,0,16.271,big,41200000,2249176.270291,2188000.000000,2252000.000000,6
116,9424333,0,16.271,little,82400000,1300458.305000,1197000.000000,1598000.000000,24
116,9424333,0,16.271,middle,41200000,649899.541990,553000.000000,696000.000000,6
117,9424346,0,16.234,big,41200000,2208323.664466,2188000.000000,2252000.000000,8
117,9424346,0,16.234,little,82400000,1262695.360109,1197000.000000,1328000.000000,16
117,9424346,0,16.234,middle,41200000,1766514.306578,1197000.000000,2253000.000000,10
118,9424359,0,16.126,big,41200000,2373647.992864,2188000.000000,2401000.000000,10
118,9424359,0,16.126,little,82400000,1434683.890316,1197000.000000,1598000.000000,36
118,9424359,0,16.126,middle,41200000,1218007.188617,1197000.000000,1328000.000000,8
119,9424384,0,16.143,big,41200000,2381406.755558,2188000.000000,2401000.000000,6
119,9424384,0,16.143,little,82400000,1637960.051481,1328000.000000,1803000.000000,28
119,9424384,0,16.143,middle,41200000,1338103.992791,799000.000000,1491000.000000,8
120,9424421,0,16.123,big,41200000,2355665.247039,2252000.000000,2507000.000000,10
120,9424421,0,16.123,little,82400000,1357614.061723,1197000.000000,1598000.000000,24
120,9424421,0,16.123,middle,41200000,1643505.579175,1197000.000000,1836000.000000,10
121,9424458,0,16.116,big,41200000,2314783.197209,2252000.000000,2507000.000000,8
121,9424458,0,16.116,little,82400000,1357165.360437,1197000.000000,1598000.000000,28
121,9424458,0,16.116,middle,41200000,1336831.930340,1197000.000000,1491000.000000,8
122,9424495,0,16.099,big,41200000,2290168.830243,2188000.000000,2401000.000000,12
122,9424495,0,16.099,little,82400000,1281683.905498,1197000.000000,1328000.000000,24
122,9424495,0,16.099,middle,41200000,1727334.153277,910000.000000,2253000.000000,16
123,9424532,0,16.081,big,41200000,2489307.614612,2401000.000000,2507000.000000,8
123,9424532,0,16.081,little,82400000,1328000.000000,1328000.000000,1328000.000000,12
123,9424532,0,16.081,middle,41200000,1668991.564976,1328000.000000,1999000.000000,8
124,9424569,0,16.25,big,41200000,2401000.000000,2401000.000000,2401000.000000,6
124,9424569,0,16.25,little,82400000,1328000.000000,1328000.000000,1328000.000000,12
124,9424569,0,16.25,middle,41200000,1381482.713350,1328000.000000,1491000.000000,8
125,9424606,0,16.17,big,41200000,2506455.989684,2252000.000000,2507000.000000,6
125,9424606,0,16.17,little,82400000,1328000.000000,1328000.000000,1328000.000000,8
125,9424606,0,16.17,middle,41200000,2253000.000000,2253000.000000,2253000.000000,4
126,9424643,0,16.079,big,41200000,2428637.046189,2252000.000000,2507000.000000,10
126,9424643,0,16.079,little,82400000,1324871.300291,1197000.000000,1328000.000000,20
126,9424643,0,16.079,middle,41200000,2082352.054417,1663000.000000,2253000.000000,10
127,9424680,0,16.138,big,41202194,2405333.334822,2401000.000000,2507000.000000,8
127,9424680,0,16.138,little,82404388,1328000.000000,1328000.000000,1328000.000000,12
127,9424680,0,16.138,middle,41202194,990109.321290,799000.000000,1024000.000000,10
128,9424717,0,16.23,big,41246794,2627005.750362,2188000.000000,2630000.000000,10
128,9424717,0,16.23,little,82493588,1399032.484694,1328000.000000,1401000.000000,20
128,9424717,0,16.23,middle,41246794,2250371.653976,2130000.000000,2253000.000000,10
129,9424754,0,16.187,big,41234380,2507000.000000,2507000.000000,2507000.000000,6
129,9424754,0,16.187,little,82468760,1328000.000000,1328000.000000,1328000.000000,12
129,9424754,0,16.187,middle,41234380,1724456.102505,1491000.000000,2253000.000000,14
130,9424791,0,16.223,big,41239136,2464406.009767,2401000.000000,2507000.000000,8
130,9424791,0,16.223,little,82478272,1531134.780758,1328000.000000,1803000.000000,20
130,9424791,0,16.223,middle,41239136,1734337.051945,1024000.000000,2253000.000000,12
131,9424828,0,16.359,big,41252230,2401000.000000,2401000.000000,2401000.000000,6
131,9424828,0,16.359,little,82504460,1378881.368110,1328000.000000,1803000.000000,20
131,9424828,0,16.359,middle,41252230,1452364.963979,696000.000000,2253000.000000,18
132,9424865,0,16.2,big,41272078,2492614.050933,2401000.000000,2507000.000000,8
132,9424865,0,16.2,little,82544156,1328000.000000,1328000.000000,1328000.000000,12
132,9424865,0,16.2,middle,41272078,893228.982316,553000.000000,1491000.000000,12
133,9424902,0,16.261,big,41301224,2507000.000000,2507000.000000,2507000.000000,6
133,9424902,0,16.261,little,82602448,1328000.000000,1328000.000000,1328000.000000,12
133,9424902,0,16.261,middle,41301224,1508550.251102,1197000.000000,2253000.000000,10
134,9424939,0,16.359,big,41247820,2342610.786219,1277000.000000,2401000.000000,14
134,9424939,0,16.359,little,82495640,1392374.118135,1328000.000000,1803000.000000,28
134,9424939,0,16.359,middle,41247820,2178197.251006,2130000.000000,2253000.000000,10
135,9424977,0,16.232,big,41305278,2434354.984513,2401000.000000,2507000.000000,8
135,9424977,0,16.232,little,82610556,1328000.000000,1328000.000000,1328000.000000,12
135,9424977,0,16.232,middle,41305278,1279632.286024,553000.000000,2253000.000000,12
136,9425015,0,16.3,big,41265158,2245439.528040,2188000.000000,2252000.000000,8
136,9425015,0,16.3,little,82530316,1214560.875618,1197000.000000,1328000.000000,16
136,9425015,0,16.3,middle,41265158,1687927.578588,1491000.000000,1836000.000000,8
137,9425053,0,16.145,big,41276660,2188000.000000,2188000.000000,2188000.000000,4
137,9425053,0,16.145,little,82553320,1216329.595297,1197000.000000,1328000.000000,12
137,9425053,0,16.145,middle,41276660,1338857.024212,1024000.000000,1491000.000000,8
138,9425060,0,16.203,big,41223506,2188000.000000,2188000.000000,2188000.000000,6
138,9425060,0,16.203,little,82447012,1416125.291806,1197000.000000,1704000.000000,28
138,9425060,0,16.203,middle,41223506,1607022.153671,1491000.000000,1663000.000000,8
139,9425097,0,16.23,big,41254704,2452576.821688,2188000.000000,2507000.000000,12
139,9425097,0,16.23,little,82509408,1367283.717682,1328000.000000,1598000.000000,16
139,9425097,0,16.23,middle,41254704,1875621.717368,1197000.000000,1999000.000000,10
140,9425134,0,16.352,big,41421954,2188000.000000,2188000.000000,2188000.000000,4
140,9425134,0,16.352,little,82843908,1204015.085937,1197000.000000,1328000.000000,12
140,9425134,0,16.352,middle,41421954,1795107.233691,1328000.000000,2253000.000000,12
141,9425171,0,16.179,big,41213694,2476908.124372,2188000.000000,2507000.000000,8
141,9425171,0,16.179,little,82427388,1492127.122165,1197000.000000,1803000.000000,28
141,9425171,0,16.179,middle,41213694,2021619.706304,1663000.000000,2130000.000000,8
142,9425208,0,16.167,big,41221734,2173964.924717,2048000.000000,2188000.000000,8
142,9425208,0,16.167,little,82443468,1197000.000000,1197000.000000,1197000.000000,12
142,9425208,0,16.167,middle,41221734,1023362.928522,553000.000000,1328000.000000,10
143,9425245,0,16.106,big,41230012,2460027.267540,2188000.000000,2507000.000000,10
143,9425245,0,16.106,little,82460024,1310276.991964,1197000.000000,1328000.000000,20
143,9425245,0,16.106,middle,41230012,2153705.473333,1663000.000000,2253000.000000,10
144,9425282,0,16.205,big,41224766,2188000.000000,2188000.000000,2188000.000000,6
144,9425282,0,16.205,little,82449532,1263967.251227,1197000.000000,1328000.000000,16
144,9425282,0,16.205,middle,41224766,1903314.421093,1491000.000000,2253000.000000,10
145,9425319,0,16.236,big,41200000,2474940.516626,1826000.000000,2507000.000000,10
145,9425319,0,16.236,little,82400000,1475756.197415,1328000.000000,1803000.000000,32
145,9425319,0,16.236,middle,41200000,2110418.437621,1663000.000000,2253000.000000,10
146,9425356,0,16.176,big,41200000,2491052.850583,2401000.000000,2507000.000000,8
146,9425356,0,16.176,little,82400000,1503413.482027,1328000.000000,1803000.000000,32
146,9425356,0,16.176,middle,41200000,2249441.553277,2130000.000000,2253000.000000,10
147,9425393,0,16.162,big,41200000,2507000.000000,2507000.000000,2507000.000000,6
147,9425393,0,16.162,little,82400000,1395043.534891,1328000.000000,1803000.000000,20
147,9425393,0,16.162,middle,41200000,1445083.541917,553000.000000,2253000.000000,12
148,9425430,0,16.2,big,41200000,2496767.742063,2188000.000000,2507000.000000,10
148,9425430,0,16.2,little,82400000,1476469.389563,1328000.000000,1803000.000000,44
148,9425430,0,16.2,middle,41200000,1201262.487524,910000.000000,2253000.000000,10
149,9425467,0,16.12,big,41200000,2507000.000000,2507000.000000,2507000.000000,4
149,9425467,0,16.12,little,82400000,1473304.331650,1328000.000000,1704000.000000,20
149,9425467,0,16.12,middle,41200000,2029530.314709,1197000.000000,2253000.000000,8
150,9425504,0,16.181,big,41200000,2507000.000000,2507000.000000,2507000.000000,6
150,9425504,0,16.181,little,82400000,1445032.566177,1328000.000000,1598000.000000,24
150,9425504,0,16.181,middle,41200000,1493106.758374,1328000.000000,1663000.000000,8
151,9425541,0,16.157,big,41200000,2415534.766311,2401000.000000,2507000.000000,8
151,9425541,0,16.157,little,82400000,1328000.000000,1328000.000000,1328000.000000,12
151,9425541,0,16.157,middle,41200000,1411612.827621,1197000.000000,1663000.000000,8
152,9425578,0,16.234,big,41200000,2397529.327087,2252000.000000,2401000.000000,8
152,9425578,0,16.234,little,82400000,1349294.111650,1328000.000000,1803000.000000,16
152,9425578,0,16.234,middle,41200000,2253000.000000,2253000.000000,2253000.000000,4
153,9425615,0,16.057,big,41221872,2507000.000000,2507000.000000,2507000.000000,8
153,9425615,0,16.057,little,82443744,1413013.920207,1328000.000000,1803000.000000,32
153,9425615,0,16.057,middle,41221872,2001651.320251,1663000.000000,2253000.000000,14
154,9425652,0,16.143,big,41224666,2501015.735337,2401000.000000,2507000.000000,8
154,9425652,0,16.143,little,82449332,1404867.866292,1328000.000000,1598000.000000,24
154,9425652,0,16.143,middle,41224666,1906444.107952,1328000.000000,2253000.000000,8
155,9425689,0,16.187,big,41205650,2465766.586136,2401000.000000,2507000.000000,8
155,9425689,0,16.187,little,82411300,1328000.000000,1328000.000000,1328000.000000,12
155,9425689,0,16.187,middle,41205650,2134739.854268,1836000.000000,2253000.000000,10
156,9425726,0,16.297,big,41200000,2495879.154078,2401000.000000,2507000.000000,10
156,9425726,0,16.297,little,82400000,1430002.479575,1328000.000000,1803000.000000,32
156,9425726,0,16.297,middle,41200000,2163584.211165,1663000.000000,2253000.000000,10
157,9425763,0,16.152,big,41200000,2494884.983932,2188000.000000,2507000.000000,10
157,9425763,0,16.152,little,82400000,1367487.286104,1328000.000000,1803000.000000,16
157,9425763,0,16.152,middle,41200000,2120324.850874,1836000.000000,2253000.000000,8
158,9425800,0,16.218,big,41200000,2401000.000000,2401000.000000,2401000.000000,4
158,9425800,0,16.218,little,82400000,1358986.630765,1328000.000000,1803000.000000,16
158,9425800,0,16.218,middle,41200000,1425515.803908,696000.000000,2253000.000000,10
159,9425837,0,16.16,big,41200000,2401000.000000,2401000.000000,2401000.000000,8
159,9425837,0,16.16,little,82400000,1328000.000000,1328000.000000,1328000.000000,16
159,9425837,0,16.16,middle,41200000,1130995.677670,1024000.000000,1328000.000000,10
160,9425874,0,16.172,big,41241700,2401000.000000,2401000.000000,2401000.000000,6
160,9425874,0,16.172,little,82483400,1361709.771603,1328000.000000,1803000.000000,20
160,9425874,0,16.172,middle,41241700,996222.394470,910000.000000,1197000.000000,8
161,9425911,0,16.217,big,41262348,2376234.235337,1426000.000000,2401000.000000,8
161,9425911,0,16.217,little,82524696,1364308.155743,930000.000000,1803000.000000,24
161,9425911,0,16.217,middle,41262348,1528195.751221,910000.000000,2253000.000000,8
162,9425948,0,16.211,big,41242630,2348635.146570,1426000.000000,2401000.000000,12
162,9425948,0,16.211,little,82485260,1410435.018390,1328000.000000,1803000.000000,28
162,9425948,0,16.211,middle,41242630,2130803.293922,1197000.000000,2253000.000000,8
163,9425985,0,16.173,big,41252066,2507000.000000,2507000.000000,2507000.000000,6
163,9425985,0,16.173,little,82504132,1328000.000000,1328000.000000,1328000.000000,12
163,9425985,0,16.173,middle,41252066,2130878.101233,1999000.000000,2253000.000000,8
164,9426022,0,16.174,big,41263182,2454177.202669,1582000.000000,2507000.000000,8
164,9426022,0,16.174,little,82526364,1315756.922624,1098000.000000,1328000.000000,16
164,9426022,0,16.174,middle,41263182,960856.897076,696000.000000,2253000.000000,6
165,9426059,0,16.078,big,41232846,2232140.922797,2188000.000000,2252000.000000,8
165,9426059,0,16.078,little,82465692,1197000.000000,1197000.000000,1197000.000000,12
165,9426059,0,16.078,middle,41232846,938716.539188,696000.000000,1328000.000000,10
166,9426096,0,16.14,big,41223756,2335019.168074,2252000.000000,2401000.000000,8
166,9426096,0,16.14,little,82447512,1270154.870022,1197000.000000,1328000.000000,16
166,9426096,0,16.14,middle,41223756,899185.080928,696000.000000,1197000.000000,14
167,9426121,0,16.276,big,41220354,2393889.702985,2252000.000000,2401000.000000,6
167,9426121,0,16.276,little,82440708,1321909.272140,1197000.000000,1328000.000000,12
167,9426121,0,16.276,middle,41220354,776833.755285,553000.000000,1197000.000000,12
168,9426134,0,16.686,big,42256514,2275506.488609,2252000.000000,2507000.000000,8
168,9426134,0,16.686,little,84513028,1209265.224931,1197000.000000,1328000.000000,16
168,9426134,0,16.686,middle,42256514,793335.794287,553000.000000,1197000.000000,12
169,9426147,0,16.132,big,41200000,2241417.006820,2188000.000000,2507000.000000,8
169,9426147,0,16.132,little,82400000,1219050.312682,1197000.000000,1328000.000000,16
169,9426147,0,16.132,middle,41200000,673341.963447,553000.000000,1328000.000000,12
170,9426160,0,16.061,big,41200000,2323708.235049,2188000.000000,2401000.000000,6
170,9426160,0,16.061,little,82400000,1334798.231080,1197000.000000,1598000.000000,20
170,9426160,0,16.061,middle,41200000,935208.287233,696000.000000,1328000.000000,8
171,9426197,0,15.996,big,41200000,2234077.008155,2188000.000000,2252000.000000,8
171,9426197,0,15.996,little,82400000,1197000.000000,1197000.000000,1197000.000000,12
171,9426197,0,15.996,middle,41200000,923000.882379,696000.000000,1197000.000000,10
172,9426222,0,15.985,big,41200000,2188000.000000,2188000.000000,2188000.000000,6
172,9426222,0,15.985,little,82400000,1197000.000000,1197000.000000,1197000.000000,12
172,9426222,0,15.985,middle,41200000,944598.141068,696000.000000,1197000.000000,10
173,9426235,0,16.18,big,41200000,2286135.241845,2188000.000000,2401000.000000,6
173,9426235,0,16.18,little,82400000,1257587.519078,1197000.000000,1328000.000000,12
173,9426235,0,16.18,middle,41200000,776288.017500,696000.000000,799000.000000,6
174,9426272,0,16.194,big,41200000,2172050.724272,2048000.000000,2188000.000000,10
174,9426272,0,16.194,little,82400000,1197000.000000,1197000.000000,1197000.000000,12
174,9426272,0,16.194,middle,41200000,802576.063350,400000.000000,1024000.000000,14
175,9426310,0,16.083,big,41200000,2336300.960485,2188000.000000,2401000.000000,8
175,9426310,0,16.083,little,82400000,1288458.400388,1197000.000000,1328000.000000,16
175,9426310,0,16.083,middle,41200000,852663.487282,799000.000000,1197000.000000,10
176,9426348,0,16.251,big,41200000,2379182.298883,2252000.000000,2401000.000000,6
176,9426348,0,16.251,little,82400000,1450043.114575,1328000.000000,1598000.000000,36
176,9426348,0,16.251,middle,41200000,944585.325097,910000.000000,1197000.000000,6
177,9426367,0,16.181,big,41200000,2377696.678471,2252000.000000,2401000.000000,10
177,9426367,0,16.181,little,82400000,1320195.381371,1197000.000000,1401000.000000,28
177,9426367,0,16.181,middle,41200000,1191224.396311,910000.000000,1491000.000000,14
178,9426404,0,16.05,big,41200000,2244717.533204,2188000.000000,2252000.000000,8
178,9426404,0,16.05,little,82400000,1386131.483155,1197000.000000,1598000.000000,36
178,9426404,0,16.05,middle,41200000,1484660.213180,1197000.000000,1999000.000000,12
179,9426441,0,16.133,big,41200000,2188000.000000,2188000.000000,2188000.000000,6
179,9426441,0,16.133,little,82400000,1295805.724442,1197000.000000,1401000.000000,32
179,9426441,0,16.133,middle,41200000,1589774.651092,1328000.000000,1663000.000000,8
180,9426478,0,16.113,big,41200000,2277632.636262,2188000.000000,2401000.000000,10
180,9426478,0,16.113,little,82400000,1239277.381990,1197000.000000,1328000.000000,16
180,9426478,0,16.113,middle,41200000,1122101.270825,1024000.000000,1197000.000000,8
181,9426515,0,16.256,big,41270928,2489261.096770,2188000.000000,2507000.000000,12
181,9426515,0,16.256,little,82541856,1327148.100159,1197000.000000,1328000.000000,16
181,9426515,0,16.256,middle,41270928,1982602.414537,1491000.000000,2253000.000000,12
182,9426552,0,16.065,big,41200000,2444111.446772,2188000.000000,2507000.000000,10
182,9426552,0,16.065,little,82400000,1347843.161808,1197000.000000,1803000.000000,24
182,9426552,0,16.065,middle,41200000,1892841.745752,1663000.000000,2130000.000000,12
183,9426589,0,16.209,big,41200000,2461264.517039,2401000.000000,2507000.000000,8
183,9426589,0,16.209,little,82400000,1610286.900437,1328000.000000,1803000.000000,36
183,9426589,0,16.209,middle,41200000,1728332.450243,1491000.000000,1836000.000000,8
184,9426626,0,16.192,big,41200000,2492602.238689,2401000.000000,2507000.000000,10
184,9426626,0,16.192,little,82400000,1328000.000000,1328000.000000,1328000.000000,16
184,9426626,0,16.192,middle,41200000,2154779.577087,1836000.000000,2253000.000000,10
185,9426663,0,16.117,big,41200000,2483512.588592,1582000.000000,2507000.000000,10
185,9426663,0,16.117,little,82400000,1403096.012743,1328000.000000,1803000.000000,24
185,9426663,0,16.117,middle,41200000,2088453.220291,1197000.000000,2253000.000000,12
186,9426700,0,16.171,big,41200000,2478416.677184,1745000.000000,2507000.000000,10
186,9426700,0,16.171,little,82400000,1397055.784891,1098000.000000,1803000.000000,28
186,9426700,0,16.171,middle,41200000,2030644.370097,1491000.000000,2253000.000000,10
187,9426737,0,16.068,big,41215244,2457984.635102,2401000.000000,2507000.000000,10
187,9426737,0,16.068,little,82430488,1328000.000000,1328000.000000,1328000.000000,16
187,9426737,0,16.068,middle,41215244,1628890.273220,1328000.000000,1836000.000000,10
188,9426774,0,16.267,big,41254954,2496642.494766,2401000.000000,2507000.000000,8
188,9426774,0,16.267,little,82509908,1328000.000000,1328000.000000,1328000.000000,12
188,9426774,0,16.267,middle,41254954,1231601.267765,1024000.000000,1328000.000000,8
189,9426811,0,16.32,big,41265598,2479582.018707,2048000.000000,2507000.000000,10
189,9426811,0,16.32,little,82531196,1369159.203909,1328000.000000,1803000.000000,20
189,9426811,0,16.32,middle,41265598,2211771.987359,400000.000000,2253000.000000,10
190,9426848,0,16.164,big,41200000,2494688.151456,2401000.000000,2507000.000000,10
190,9426848,0,16.164,little,82400000,1398575.495995,1328000.000000,1803000.000000,28
190,9426848,0,16.164,middle,41200000,2253000.000000,2253000.000000,2253000.000000,6
191,9426885,0,16.133,big,41200000,2487179.296650,1826000.000000,2507000.000000,10
191,9426885,0,16.133,little,82400000,1358878.032160,1328000.000000,1803000.000000,20
191,9426885,0,16.133,middle,41200000,1900143.730194,1491000.000000,2253000.000000,8
192,9426922,0,16.143,big,41200000,2507000.000000,2507000.000000,2507000.000000,6
192,9426922,0,16.143,little,82400000,1328000.000000,1328000.000000,1328000.000000,12
192,9426922,0,16.143,middle,41200000,1283275.073058,1024000.000000,1663000.000000,10
193,9426959,0,16.124,big,41200000,2473412.997282,1106000.000000,2507000.000000,10
193,9426959,0,16.124,little,82400000,1370251.180825,1328000.000000,1803000.000000,20
193,9426959,0,16.124,middle,41200000,1488562.734515,799000.000000,2253000.000000,12
194,9426996,0,16.2,big,41265324,2416408.924815,2252000.000000,2507000.000000,10
194,9426996,0,16.2,little,82530648,1328000.000000,1328000.000000,1328000.000000,12
194,9426996,0,16.2,middle,41265324,1735537.614875,1328000.000000,2253000.000000,10
195,9427033,0,16.205,big,41236788,2507000.000000,2507000.000000,2507000.000000,6
195,9427033,0,16.205,little,82473576,1328000.000000,1328000.000000,1328000.000000,12
195,9427033,0,16.205,middle,41236788,1685482.838916,1197000.000000,1836000.000000,10
196,9427070,0,16.211,big,41200000,2507000.000000,2507000.000000,2507000.000000,6
196,9427070,0,16.211,little,82400000,1328000.000000,1328000.000000,1328000.000000,12
196,9427070,0,16.211,middle,41200000,1081363.108083,799000.000000,1328000.000000,10
197,9427107,0,16.212,big,41254730,2507000.000000,2507000.000000,2507000.000000,6
197,9427107,0,16.212,little,82509460,1328000.000000,1328000.000000,1328000.000000,12
197,9427107,0,16.212,middle,41254730,1292018.892670,1197000.000000,1328000.000000,8
198,9427144,0,16.299,big,41459476,2499942.931406,2401000.000000,2507000.000000,8
198,9427144,0,16.299,little,82918952,1328000.000000,1328000.000000,1328000.000000,12
198,9427144,0,16.299,middle,41459476,1425428.888802,799000.000000,1663000.000000,10
199,9427181,0,16.17,big,41234128,2474973.644404,2401000.000000,2507000.000000,8
199,9427181,0,16.17,little,82468256,1328000.000000,1328000.000000,1328000.000000,12
199,9427181,0,16.17,middle,41234128,1090932.827875,799000.000000,1836000.000000,10
200,9427218,0,16.121,big,41200000,2420562.016990,2401000.000000,2507000.000000,8
200,9427218,0,16.121,little,82400000,1523136.225558,1328000.000000,1803000.000000,24
200,9427218,0,16.121,middle,41200000,1001455.269854,696000.000000,1328000.000000,10
201,9427255,0,16.192,big,41200000,2462260.708155,851000.000000,2507000.000000,10
201,9427255,0,16.192,little,82400000,1499469.591687,1328000.000000,1803000.000000,28
201,9427255,0,16.192,middle,41200000,1276062.741602,1197000.000000,1328000.000000,8
202,9427292,0,16.153,big,41200000,2401000.000000,2401000.000000,2401000.000000,6
202,9427292,0,16.153,little,82400000,1328000.000000,1328000.000000,1328000.000000,12
202,9427292,0,16.153,middle,41200000,1278391.503956,1024000.000000,1328000.000000,10
203,9427329,0,16.192,big,41200000,2252000.000000,2252000.000000,2252000.000000,6
203,9427329,0,16.192,little,82400000,1627543.492949,1197000.000000,1704000.000000,40
203,9427329,0,16.192,middle,41200000,1172359.766141,910000.000000,1491000.000000,10
204,9427366,0,16.145,big,41200000,2401000.000000,2401000.000000,2401000.000000,6
204,9427366,0,16.145,little,82400000,1397686.954539,1328000.000000,1704000.000000,20
204,9427366,0,16.145,middle,41200000,1136536.834053,910000.000000,1197000.000000,10
205,9427403,0,16.185,big,41200000,2461792.179442,2188000.000000,2507000.000000,10
205,9427403,0,16.185,little,82400000,1654065.685158,1401000.000000,1803000.000000,32
205,9427403,0,16.185,middle,41200000,1705403.973010,1024000.000000,1999000.000000,14
206,9427440,0,16.106,big,41200000,2370670.305000,2252000.000000,2401000.000000,8
206,9427440,0,16.106,little,82400000,1301519.628204,1197000.000000,1328000.000000,16
206,9427440,0,16.106,middle,41200000,1156274.915218,910000.000000,1491000.000000,10
207,9427477,0,16.126,big,41200000,2390886.827524,2252000.000000,2401000.000000,10
207,9427477,0,16.126,little,82400000,1321294.750692,1197000.000000,1328000.000000,16
207,9427477,0,16.126,middle,41200000,1786131.514660,1491000.000000,2253000.000000,8
208,9427514,0,16.086,big,41200000,2489231.173689,2401000.000000,2507000.000000,8
208,9427514,0,16.086,little,82400000,1328000.000000,1328000.000000,1328000.000000,12
208,9427514,0,16.086,middle,41200000,1241071.537888,1024000.000000,1328000.000000,10
209,9427551,0,16.147,big,41200000,2376018.247718,2252000.000000,2401000.000000,8
209,9427551,0,16.147,little,82400000,1306264.855194,1197000.000000,1328000.000000,16
209,9427551,0,16.147,middle,41200000,1261714.130364,1197000.000000,1328000.000000,8
210,9427588,0,16.079,big,41200000,2386233.264587,2252000.000000,2401000.000000,8
210,9427588,0,16.079,little,82400000,1315216.535109,1197000.000000,1328000.000000,16
210,9427588,0,16.079,middle,41200000,1114991.951262,910000.000000,1197000.000000,10
211,9427625,0,16.185,big,41200000,2354064.839660,2252000.000000,2507000.000000,10
211,9427625,0,16.185,little,82400000,1494953.741978,1328000.000000,1704000.000000,28
211,9427625,0,16.185,middle,41200000,1783557.088641,1328000.000000,2253000.000000,12
212,9427662,0,16.116,big,41200000,2363338.301845,2252000.000000,2507000.000000,10
212,9427662,0,16.116,little,82400000,1311570.862488,1197000.000000,1401000.000000,24
212,9427662,0,16.116,middle,41200000,1349717.587864,1197000.000000,1836000.000000,8
213,9427699,0,16.186,big,41200000,2483533.004757,2401000.000000,2507000.000000,12
213,9427699,0,16.186,little,82400000,1328000.000000,1328000.000000,1328000.000000,16
213,9427699,0,16.186,middle,41200000,1032181.219563,799000.000000,1197000.000000,12
214,9427736,0,16.145,big,41205386,2404658.155975,2252000.000000,2507000.000000,10
214,9427736,0,16.145,little,82410772,1319416.846271,1197000.000000,1328000.000000,20
214,9427736,0,16.145,middle,41205386,855775.537305,799000.000000,1197000.000000,10
215,9427749,0,16.298,big,41246604,2499604.556196,2401000.000000,2507000.000000,8
215,9427749,0,16.298,little,82493208,1361753.568997,1328000.000000,1598000.000000,20
215,9427749,0,16.298,middle,41246604,1364042.136099,1024000.000000,1491000.000000,12
216,9427787,0,16.114,big,41252564,2370038.173894,2188000.000000,2401000.000000,10
216,9427787,0,16.114,little,82505128,1309594.907240,1197000.000000,1328000.000000,20
216,9427787,0,16.114,middle,41252564,1087749.217649,910000.000000,1197000.000000,14
217,9427825,0,16.147,big,41242464,2252000.000000,2252000.000000,2252000.000000,6
217,9427825,0,16.147,little,82484928,1197000.000000,1197000.000000,1197000.000000,12
217,9427825,0,16.147,middle,41242464,1084394.039697,799000.000000,1663000.000000,10
218,9427851,0,16.265,big,41303444,2264208.480726,2252000.000000,2507000.000000,8
218,9427851,0,16.265,little,82606888,1203441.514720,1197000.000000,1328000.000000,16
218,9427851,0,16.265,middle,41303444,1175044.460651,910000.000000,1328000.000000,8
219,9427877,0,16.278,big,41284808,2414989.115972,2188000.000000,2507000.000000,10
219,9427877,0,16.278,little,82569616,1322385.732265,1197000.000000,1598000.000000,28
219,9427877,0,16.278,middle,41284808,844244.488215,400000.000000,1328000.000000,14
220,9427915,0,16.265,big,41249204,2188000.000000,2188000.000000,2188000.000000,6
220,9427915,0,16.265,little,82498408,1207094.622893,1197000.000000,1328000.000000,16
220,9427915,0,16.265,middle,41249204,1075565.496682,1024000.000000,1197000.000000,8
221,9427934,0,16.364,big,41243838,2188000.000000,2188000.000000,2188000.000000,6
221,9427934,0,16.364,little,82487676,1223348.664811,1197000.000000,1328000.000000,20
221,9427934,0,16.364,middle,41243838,1094443.378742,910000.000000,1197000.000000,8
222,9427971,0,16.188,big,41244644,2188000.000000,2188000.000000,2188000.000000,2
222,9427971,0,16.188,little,82489288,1197000.000000,1197000.000000,1197000.000000,4
222,9427971,0,16.188,middle,41244644,1103132.851456,910000.000000,1197000.000000,6
223,9428008,0,16.203,big,41226844,2188000.000000,2188000.000000,2188000.000000,6
223,9428008,0,16.203,little,82453688,1197000.000000,1197000.000000,1197000.000000,12
223,9428008,0,16.203,middle,41226844,1193211.962526,1024000.000000,1197000.000000,10
224,9428045,0,16.292,big,41342292,2188000.000000,2188000.000000,2188000.000000,6
224,9428045,0,16.292,little,82684584,1197000.000000,1197000.000000,1197000.000000,12
224,9428045,0,16.292,middle,41342292,983707.502719,910000.000000,1024000.000000,8
225,9428082,0,16.098,big,41200000,2484484.138641,2401000.000000,2507000.000000,4
225,9428082,0,16.098,little,82400000,1328000.000000,1328000.000000,1328000.000000,4
225,9428082,0,16.098,middle,41200000,981981.437039,799000.000000,1197000.000000,4
226,9428119,0,16.128,big,41200000,2480176.802913,2401000.000000,2507000.000000,10
226,9428119,0,16.128,little,82400000,1328000.000000,1328000.000000,1328000.000000,12
226,9428119,0,16.128,middle,41200000,930337.054612,799000.000000,1024000.000000,8
227,9428156,0,16.039,big,41200000,2507000.000000,2507000.000000,2507000.000000,6
227,9428156,0,16.039,little,82400000,1328000.000000,1328000.000000,1328000.000000,12
227,9428156,0,16.039,middle,41200000,1162633.327913,799000.000000,1197000.000000,8
228,9428181,0,16.311,big,41200000,2507000.000000,2507000.000000,2507000.000000,6
228,9428181,0,16.311,little,82400000,1328000.000000,1328000.000000,1328000.000000,12
228,9428181,0,16.311,middle,41200000,898807.018204,799000.000000,1024000.000000,8
229,9428218,0,16.073,big,41200000,2507000.000000,2507000.000000,2507000.000000,6
229,9428218,0,16.073,little,82400000,1328000.000000,1328000.000000,1328000.000000,12
229,9428218,0,16.073,middle,41200000,838516.344005,696000.000000,910000.000000,10
230,9428255,0,16.125,big,41200000,2507000.000000,2507000.000000,2507000.000000,6
230,9428255,0,16.125,little,82400000,1355448.552379,1328000.000000,1704000.000000,20
230,9428255,0,16.125,middle,41200000,832079.884078,696000.000000,910000.000000,10
231,9428292,0,16.175,big,41200000,2507000.000000,2507000.000000,2507000.000000,6
231,9428292,0,16.175,little,82400000,1539104.155680,1328000.000000,1803000.000000,36
231,9428292,0,16.175,middle,41200000,1422627.344903,1197000.000000,1663000.000000,12
232,9428329,0,16.243,big,41200000,2507000.000000,2507000.000000,2507000.000000,6
232,9428329,0,16.243,little,82400000,1514997.797670,1328000.000000,1803000.000000,48
232,9428329,0,16.243,middle,41200000,1453036.454709,1197000.000000,1491000.000000,10
233,9428384,0,16.221,big,41200000,2507000.000000,2507000.000000,2507000.000000,6
233,9428384,0,16.221,little,82400000,1656339.845279,1401000.000000,1803000.000000,40
233,9428384,0,16.221,middle,41200000,2223656.397233,1999000.000000,2253000.000000,8
234,9428403,0,16.189,big,41200000,2507000.000000,2507000.000000,2507000.000000,2
234,9428403,0,16.189,little,82400000,1548208.978070,1328000.000000,1598000.000000,32
234,9428403,0,16.189,middle,41200000,2009128.643010,1836000.000000,2253000.000000,4
235,9428446,0,16.187,big,41200000,2507000.000000,2507000.000000,2507000.000000,6
235,9428446,0,16.187,little,82400000,1763242.838714,1598000.000000,1803000.000000,24
235,9428446,0,16.187,middle,41200000,2243948.791238,2130000.000000,2253000.000000,8
236,9428453,0,16.187,big,41200000,2507000.000000,2507000.000000,2507000.000000,6
236,9428453,0,16.187,little,82400000,1803000.000000,1803000.000000,1803000.000000,12
236,9428453,0,16.187,middle,41200000,2229185.384854,2130000.000000,2253000.000000,10
237,9428466,0,16.254,big,41200000,2507000.000000,2507000.000000,2507000.000000,4
237,9428466,0,16.254,little,82400000,1723287.963556,1328000.000000,1803000.000000,32
237,9428466,0,16.254,middle,41200000,2022688.656359,1197000.000000,2253000.000000,12
238,9428479,0,16.069,big,41200000,2487560.427791,2252000.000000,2507000.000000,8
238,9428479,0,16.069,little,82400000,1623613.690109,1401000.000000,1803000.000000,28
238,9428479,0,16.069,middle,41200000,2202789.347816,1999000.000000,2253000.000000,8
239,9428492,0,16.248,big,41200000,2401000.000000,2401000.000000,2401000.000000,6
239,9428492,0,16.248,little,82400000,1673901.311019,1401000.000000,1803000.000000,32
239,9428492,0,16.248,middle,41200000,1285900.258325,910000.000000,2253000.000000,16
240,9428505,0,16.233,big,41200000,2366166.888495,2252000.000000,2401000.000000,6
240,9428505,0,16.233,little,82400000,1758408.728301,1328000.000000,1803000.000000,24
240,9428505,0,16.233,middle,41200000,1755146.202379,1197000.000000,2253000.000000,8
241,9428518,0,16.197,big,41216610,2240144.887753,1826000.000000,2252000.000000,10
241,9428518,0,16.197,little,82433220,1550882.502103,1328000.000000,1803000.000000,36
241,9428518,0,16.197,middle,41216610,1805607.697795,1197000.000000,2253000.000000,14
242,9428531,0,16.153,big,41278844,2360106.674717,2252000.000000,2401000.000000,8
242,9428531,0,16.153,little,82557688,1502841.570079,1197000.000000,1704000.000000,40
242,9428531,0,16.153,middle,41278844,1724745.411354,1328000.000000,2253000.000000,10
243,9428544,0,16.264,big,41232502,2401000.000000,2401000.000000,2401000.000000,6
243,9428544,0,16.264,little,82465004,1523264.388261,1328000.000000,1598000.000000,28
243,9428544,0,16.264,middle,41232502,1769120.287801,910000.000000,2253000.000000,14
244,9428569,0,16.205,big,41215282,2188000.000000,2188000.000000,2188000.000000,8
244,9428569,0,16.205,little,82430564,1633979.007398,1401000.000000,1803000.000000,36
244,9428569,0,16.205,middle,41215282,1140730.755985,799000.000000,2253000.000000,14
245,9428606,0,16.127,big,41221520,2221732.308149,2188000.000000,2401000.000000,8
245,9428606,0,16.127,little,82443040,1395227.284693,1197000.000000,1598000.000000,32
245,9428606,0,16.127,middle,41221520,1082280.612166,799000.000000,1197000.000000,10
246,9428643,0,16.206,big,41231768,2401000.000000,2401000.000000,2401000.000000,6
246,9428643,0,16.206,little,82463536,1328000.000000,1328000.000000,1328000.000000,12
246,9428643,0,16.206,middle,41231768,1235466.508349,910000.000000,1999000.000000,12
247,9428680,0,16.304,big,41222222,2401521.591146,2401000.000000,2507000.000000,10
247,9428680,0,16.304,little,82444444,1364333.550142,1328000.000000,1598000.000000,24
247,9428680,0,16.304,middle,41222222,1583179.511260,696000.000000,1999000.000000,12
248,9428717,0,16.227,big,41214952,2461051.046426,2401000.000000,2507000.000000,10
248,9428717,0,16.227,little,82429904,1328000.000000,1328000.000000,1328000.000000,12
248,9428717,0,16.227,middle,41214952,1215518.558362,696000.000000,1836000.000000,16
249,9428754,0,16.354,big,41210520,2393528.885003,2252000.000000,2401000.000000,8
249,9428754,0,16.354,little,82421040,1503609.431815,1328000.000000,1598000.000000,16
249,9428754,0,16.354,middle,41210520,1452821.804287,696000.000000,1836000.000000,10
250,9428791,0,16.374,big,41262878,2309987.047268,984000.000000,2401000.000000,16
250,9428791,0,16.374,little,82525756,1442628.535448,1328000.000000,1803000.000000,28
250,9428791,0,16.374,middle,41262878,1808678.067487,1328000.000000,2253000.000000,16
251,9428828,0,16.24,big,41234112,2387234.044739,2252000.000000,2507000.000000,10
251,9428828,0,16.24,little,82468224,1634699.228178,1401000.000000,1803000.000000,40
251,9428828,0,16.24,middle,41234112,2063339.732016,1663000.000000,2253000.000000,12
252,9428865,0,16.427,big,41274096,2368919.645581,1277000.000000,2507000.000000,10
252,9428865,0,16.427,little,82548192,1439535.254158,1328000.000000,1803000.000000,24
252,9428865,0,16.427,middle,41274096,1510496.241420,910000.000000,2253000.000000,10
253,9428902,0,16.26,big,41244588,2388154.993790,2048000.000000,2401000.000000,10
253,9428902,0,16.26,little,82489176,1478150.989276,1328000.000000,1803000.000000,32
253,9428902,0,16.26,middle,41244588,2140643.571127,1999000.000000,2253000.000000,10
254,9428940,0,16.188,big,41257500,2391469.183954,2048000.000000,2401000.000000,10
254,9428940,0,16.188,little,82515000,1411111.636551,1197000.000000,1803000.000000,28
254,9428940,0,16.188,middle,41257500,2242514.705763,2130000.000000,2253000.000000,10
255,9428978,0,16.244,big,41249030,2357932.801959,1745000.000000,2401000.000000,6
255,9428978,0,16.244,little,82498060,1391426.059352,1328000.000000,1803000.000000,16
255,9428978,0,16.244,middle,41249030,2131595.398243,1663000.000000,2253000.000000,6
256,9429016,0,16.252,big,41241296,2495713.684919,2048000.000000,2507000.000000,10
256,9429016,0,16.252,little,82482592,1603811.533408,1328000.000000,1803000.000000,40
256,9429016,0,16.252,middle,41241296,1792908.140229,1197000.000000,2253000.000000,10
257,9429054,0,16.216,big,41200000,2460855.971942,2401000.000000,2507000.000000,8
257,9429054,0,16.216,little,82400000,1724889.596032,1598000.000000,1803000.000000,20
257,9429054,0,16.216,middle,41200000,1482454.076505,1197000.000000,1491000.000000,10
258,9429073,0,16.278,big,41200000,2401000.000000,2401000.000000,2401000.000000,4
258,9429073,0,16.278,little,82400000,1734511.305667,1401000.000000,1803000.000000,24
258,9429073,0,16.278,middle,41200000,1397424.374126,1197000.000000,1491000.000000,6
259,9429129,0,16.253,big,41224086,2303736.725321,851000.000000,2401000.000000,10
259,9429129,0,16.253,little,82448172,1541524.360819,1328000.000000,1803000.000000,48
259,9429129,0,16.253,middle,41224086,2253000.000000,2253000.000000,2253000.000000,6
260,9429148,0,16.348,big,41221476,2397716.453263,2252000.000000,2401000.000000,10
260,9429148,0,16.348,little,82442952,1394968.960985,1328000.000000,1598000.000000,32
260,9429148,0,16.348,middle,41221476,2196240.698028,1999000.000000,2253000.000000,8
261,9429185,0,16.146,big,41204830,2300200.268706,2252000.000000,2401000.000000,6
261,9429185,0,16.146,little,82409660,1361837.119944,1197000.000000,1598000.000000,28
261,9429185,0,16.146,middle,41204830,1964161.455223,1663000.000000,2253000.000000,8
262,9429222,0,16.204,big,41200000,2225810.911990,1826000.000000,2252000.000000,16
262,9429222,0,16.204,little,82400000,1598746.496820,1328000.000000,1803000.000000,44
262,9429222,0,16.204,middle,41200000,2249616.359563,2130000.000000,2253000.000000,10
263,9429259,0,16.233,big,41200000,2505998.642233,2252000.000000,2507000.000000,8
263,9429259,0,16.233,little,82400000,1512230.562512,1328000.000000,1803000.000000,36
263,9429259,0,16.233,middle,41200000,2249145.391966,2130000.000000,2253000.000000,10
264,9429297,0,16.199,big,41200000,2507000.000000,2507000.000000,2507000.000000,4
264,9429297,0,16.199,little,82400000,1690241.963568,1401000.000000,1803000.000000,20
264,9429297,0,16.199,middle,41200000,2253000.000000,2253000.000000,2253000.000000,4
265,9429334,0,16.325,big,41210704,2401000.000000,2401000.000000,2401000.000000,6
265,9429334,0,16.325,little,82421408,1753693.267373,1328000.000000,1803000.000000,40
265,9429334,0,16.325,middle,41210704,2209402.780113,696000.000000,2253000.000000,10
266,9429371,0,16.239,big,41200000,2353009.091626,1106000.000000,2401000.000000,10
266,9429371,0,16.239,little,82400000,1637445.454345,1328000.000000,1803000.000000,44
266,9429371,0,16.239,middle,41200000,2165326.350097,1663000.000000,2253000.000000,12
267,9429408,0,16.242,big,41200000,2369649.680388,1745000.000000,2401000.000000,8
267,9429408,0,16.242,little,82400000,1665489.179490,1598000.000000,1803000.000000,20
267,9429408,0,16.242,middle,41200000,2105331.405704,553000.000000,2253000.000000,10
268,9429445,0,16.274,big,41200000,2401000.000000,2401000.000000,2401000.000000,8
268,9429445,0,16.274,little,82400000,1505743.409745,1328000.000000,1803000.000000,40
268,9429445,0,16.274,middle,41200000,1947669.762670,1491000.000000,2253000.000000,10
269,9429482,0,16.231,big,41217110,2401000.000000,2401000.000000,2401000.000000,6
269,9429482,0,16.231,little,82434220,1370526.025600,1328000.000000,1803000.000000,20
269,9429482,0,16.231,middle,41217110,2253000.000000,2253000.000000,2253000.000000,6
270,9429519,0,16.132,big,41201044,2188000.000000,2188000.000000,2188000.000000,4
270,9429519,0,16.132,little,82402088,1324457.140661,1197000.000000,1401000.000000,16
270,9429519,0,16.132,middle,41201044,2225648.080422,1999000.000000,2253000.000000,6
271,9429556,0,16.14,big,41200000,2221661.873301,2048000.000000,2401000.000000,16
271,9429556,0,16.14,little,82400000,1506878.175607,1328000.000000,1803000.000000,40
271,9429556,0,16.14,middle,41200000,2253000.000000,2253000.000000,2253000.000000,8
272,9429593,0,16.157,big,41200000,2395758.781092,2048000.000000,2401000.000000,8
272,9429593,0,16.157,little,82400000,1445110.846481,1328000.000000,1803000.000000,32
272,9429593,0,16.157,middle,41200000,2165493.643107,1836000.000000,2253000.000000,10
273,9429630,0,16.223,big,41200000,2393881.493471,2188000.000000,2401000.000000,8
273,9429630,0,16.223,little,82400000,1387578.926238,1328000.000000,1803000.000000,25
273,9429630,0,16.223,middle,41200000,1601689.776748,553000.000000,2253000.000000,14
274,9429667,0,16.152,big,41200000,2308271.416772,2188000.000000,2401000.000000,8
274,9429667,0,16.152,little,82400000,1292990.133944,1197000.000000,1328000.000000,24
274,9429667,0,16.152,middle,41200000,1021302.240121,910000.000000,2253000.000000,10
275,9429704,0,16.271,big,41202326,2248446.125299,2188000.000000,2252000.000000,8
275,9429704,0,16.271,little,82404652,1390125.203817,1328000.000000,1598000.000000,24
275,9429704,0,16.271,middle,41202326,2253000.000000,2253000.000000,2253000.000000,6
276,9429741,0,16.191,big,41200000,2375657.074612,2252000.000000,2401000.000000,6
276,9429741,0,16.191,little,82400000,1379397.966663,1197000.000000,1803000.000000,24
276,9429741,0,16.191,middle,41200000,1939987.956723,1328000.000000,2253000.000000,10
277,9429778,0,16.198,big,41200000,2252000.000000,2252000.000000,2252000.000000,6
277,9429778,0,16.198,little,82400000,1243567.956311,1197000.000000,1328000.000000,20
277,9429778,0,16.198,middle,41200000,1457142.316699,1024000.000000,2253000.000000,10
278,9429815,0,16.17,big,41200000,2354971.549272,2252000.000000,2401000.000000,10
278,9429815,0,16.17,little,82400000,1433255.106468,1197000.000000,1803000.000000,44
278,9429815,0,16.17,middle,41200000,2184739.941359,1491000.000000,2253000.000000,14
279,9429852,0,16.135,big,41200000,2401000.000000,2401000.000000,2401000.000000,4
279,9429852,0,16.135,little,82400000,1328000.000000,1328000.000000,1328000.000000,8
279,9429852,0,16.135,middle,41200000,1789052.268447,1663000.000000,2253000.000000,6
280,9429889,0,16.205,big,41200000,2188000.000000,2188000.000000,2188000.000000,6
280,9429889,0,16.205,little,82400000,1359550.816347,1197000.000000,1598000.000000,32
280,9429889,0,16.205,middle,41200000,1438380.495000,1197000.000000,1663000.000000,10
281,9429926,0,16.108,big,41200000,2195214.038058,2188000.000000,2252000.000000,8
281,9429926,0,16.108,little,82400000,1335771.975607,1197000.000000,1401000.000000,24
281,9429926,0,16.108,middle,41200000,2245295.656165,2130000.000000,2253000.000000,8
282,9429963,0,16.084,big,41200000,2235476.482767,1582000.000000,2252000.000000,8
282,9429963,0,16.084,little,82400000,1346887.001335,1197000.000000,1803000.000000,28
282,9429963,0,16.084,middle,41200000,1784719.966748,910000.000000,2253000.000000,12
283,9430000,0,16.198,big,41200000,2252000.000000,2252000.000000,2252000.000000,6
283,9430000,0,16.198,little,82400000,1329486.381359,1197000.000000,1598000.000000,44
283,9430000,0,16.198,middle,41200000,1613017.037694,1491000.000000,2253000.000000,12
284,9430037,0,16.226,big,41200000,2252000.000000,2252000.000000,2252000.000000,8
284,9430037,0,16.226,little,82400000,1249514.244721,1197000.000000,1598000.000000,28
284,9430037,0,16.226,middle,41200000,2027675.982379,910000.000000,2253000.000000,12
285,9430075,0,16.11,big,41200000,2189092.891650,2188000.000000,2252000.000000,6
285,9430075,0,16.11,little,82400000,1197000.000000,1197000.000000,1197000.000000,8
285,9430075,0,16.11,middle,41200000,1772446.365049,1024000.000000,1836000.000000,10
286,9430113,0,16.215,big,41200000,2188000.000000,2188000.000000,2188000.000000,6
286,9430113,0,16.215,little,82400000,1340476.954466,1328000.000000,1401000.000000,20
286,9430113,0,16.215,middle,41200000,2110616.285898,1491000.000000,2253000.000000,10
287,9430151,0,16.218,big,41200000,2170520.797816,1582000.000000,2188000.000000,10
287,9430151,0,16.218,little,82400000,1371393.107925,1197000.000000,1803000.000000,32
287,9430151,0,16.218,middle,41200000,2160600.225243,1999000.000000,2253000.000000,8
288,9430189,0,16.127,big,41200000,2188000.000000,2188000.000000,2188000.000000,4
288,9430189,0,16.127,little,82400000,1330305.118252,1197000.000000,1401000.000000,16
288,9430189,0,16.127,middle,41200000,2230246.177427,1663000.000000,2253000.000000,6
289,9430227,0,16.144,big,41209778,2188000.000000,2188000.000000,2188000.000000,6
289,9430227,0,16.144,little,82419556,1343845.813365,1197000.000000,1598000.000000,36
289,9430227,0,16.144,middle,41209778,1655609.091998,1491000.000000,1836000.000000,10
290,9430265,0,16.211,big,41200000,2184440.584951,2048000.000000,2188000.000000,10
290,9430265,0,16.211,little,82400000,1365715.961748,1197000.000000,1803000.000000,24
290,9430265,0,16.211,middle,41200000,2248843.029903,2130000.000000,2253000.000000,10
291,9430303,0,16.227,big,41200000,2151572.884029,1582000.000000,2188000.000000,8
291,9430303,0,16.227,little,82400000,1333216.968095,1197000.000000,1803000.000000,24
291,9430303,0,16.227,middle,41200000,2209961.049102,2130000.000000,2253000.000000,8
292,9430322,0,16.182,big,41222018,2172067.778147,1426000.000000,2252000.000000,14
292,9430322,0,16.182,little,82444036,1369609.555141,1197000.000000,1803000.000000,36
292,9430322,0,16.182,middle,41222018,2232673.183200,2130000.000000,2253000.000000,12
293,9430359,0,16.172,big,41200000,2252000.000000,2252000.000000,2252000.000000,6
293,9430359,0,16.172,little,82400000,1586033.900643,1328000.000000,1803000.000000,32
293,9430359,0,16.172,middle,41200000,2235634.149466,2130000.000000,2253000.000000,10
294,9430396,0,16.204,big,41200000,2188085.957282,2188000.000000,2252000.000000,8
294,9430396,0,16.204,little,82400000,1390153.505231,1197000.000000,1598000.000000,36
294,9430396,0,16.204,middle,41200000,2210603.264345,2130000.000000,2253000.000000,8
295,9430433,0,16.219,big,41200000,2188000.000000,2188000.000000,2188000.000000,6
295,9430433,0,16.219,little,82400000,1359668.387476,1328000.000000,1598000.000000,28
295,9430433,0,16.219,middle,41200000,2192779.583883,1999000.000000,2253000.000000,8
296,9430470,0,16.156,big,41249980,2188000.000000,2188000.000000,2188000.000000,6
296,9430470,0,16.156,little,82499960,1313624.508751,1197000.000000,1328000.000000,16
296,9430470,0,16.156,middle,41249980,2224727.655771,1999000.000000,2253000.000000,8
297,9430507,0,16.067,big,41200000,2188000.000000,2188000.000000,2188000.000000,6
297,9430507,0,16.067,little,82400000,1230499.868483,1197000.000000,1328000.000000,20
297,9430507,0,16.067,middle,41200000,1846488.693786,1491000.000000,2253000.000000,10
298,9430544,0,16.128,big,41200000,2183174.604369,2048000.000000,2188000.000000,10
298,9430544,0,16.128,little,82400000,1406654.648058,1197000.000000,1803000.000000,28
298,9430544,0,16.128,middle,41200000,2202668.197985,1836000.000000,2253000.000000,12
299,9430581,0,16.178,big,41200000,2145989.578835,1745000.000000,2188000.000000,10
299,9430581,0,16.178,little,82400000,1403846.368629,1328000.000000,1803000.000000,36
299,9430581,0,16.178,middle,41200000,2253000.000000,2253000.000000,2253000.000000,6
300,9430618,0,16.206,big,41200000,2188000.000000,2188000.000000,2188000.000000,6
300,9430618,0,16.206,little,82400000,1302041.359539,1197000.000000,1803000.000000,32
300,9430618,0,16.206,middle,41200000,2157540.308204,1999000.000000,2253000.000000,8
301,9430655,0,16.162,big,41200000,2401000.000000,2401000.000000,2401000.000000,6
301,9430655,0,16.162,little,82400000,1328000.000000,1328000.000000,1328000.000000,12
301,9430655,0,16.162,middle,41200000,2253000.000000,2253000.000000,2253000.000000,6
302,9430692,0,16.132,big,41200000,2400515.171359,2252000.000000,2401000.000000,8
302,9430692,0,16.132,little,82400000,1409517.698847,1328000.000000,1598000.000000,36
302,9430692,0,16.132,middle,41200000,1827291.435291,1491000.000000,2253000.000000,10
303,9430729,0,16.109,big,41200000,2252000.000000,2252000.000000,2252000.000000,6
303,9430729,0,16.109,little,82400000,1320549.553447,1197000.000000,1598000.000000,24
303,9430729,0,16.109,middle,41200000,2202573.415340,2130000.000000,2253000.000000,8
304,9430766,0,16.159,big,41200000,2252000.000000,2252000.000000,2252000.000000,6
304,9430766,0,16.159,little,82400000,1352576.385752,1197000.000000,1803000.000000,28
304,9430766,0,16.159,middle,41200000,2212229.493665,1663000.000000,2253000.000000,12
305,9430803,0,16.205,big,41200000,2242400.631748,1745000.000000,2252000.000000,12
305,9430803,0,16.205,little,82400000,1551455.089163,1197000.000000,1803000.000000,40
305,9430803,0,16.205,middle,41200000,1913156.904684,1197000.000000,2253000.000000,12
306,9430840,0,16.153,big,41200000,2188000.000000,2188000.000000,2188000.000000,6
306,9430840,0,16.153,little,82400000,1228381.863981,1197000.000000,1328000.000000,16
306,9430840,0,16.153,middle,41200000,2059492.189951,1999000.000000,2253000.000000,8
307,9430877,0,16.217,big,41212586,2325160.995357,2048000.000000,2401000.000000,12
307,9430877,0,16.217,little,82425172,1294993.022799,1197000.000000,1328000.000000,20
307,9430877,0,16.217,middle,41212586,1608202.816392,1491000.000000,1836000.000000,10
308,9430914,0,16.163,big,41200000,2246686.822524,2188000.000000,2252000.000000,8
308,9430914,0,16.163,little,82400000,1258066.759684,1197000.000000,1328000.000000,28
308,9430914,0,16.163,middle,41200000,1583843.687500,1328000.000000,1663000.000000,8
309,9430951,0,16.131,big,41200930,2188000.000000,2188000.000000,2188000.000000,8
309,9430951,0,16.131,little,82401860,1197000.000000,1197000.000000,1197000.000000,16
309,9430951,0,16.131,middle,41200930,1576288.604019,1491000.000000,1663000.000000,10
310,9430988,0,16.199,big,41226136,2382696.726319,2252000.000000,2401000.000000,8
310,9430988,0,16.199,little,82452272,1312087.777120,1197000.000000,1328000.000000,16
310,9430988,0,16.199,middle,41226136,1578071.940480,1328000.000000,1836000.000000,8
311,9431025,0,16.165,big,41209166,2338841.260631,2252000.000000,2401000.000000,8
311,9431025,0,16.165,little,82418332,1273614.436907,1197000.000000,1328000.000000,16
311,9431025,0,16.165,middle,41209166,1211618.898524,799000.000000,1663000.000000,12
312,9431062,0,16.183,big,41239510,2169277.581620,2048000.000000,2188000.000000,8
312,9431062,0,16.183,little,82479020,1197000.000000,1197000.000000,1197000.000000,12
312,9431062,0,16.183,middle,41239510,2051429.864322,1491000.000000,2130000.000000,12
313,9431099,0,16.192,big,41226980,2298582.268068,2188000.000000,2401000.000000,10
313,9431099,0,16.192,little,82453960,1242268.607184,1197000.000000,1328000.000000,16
313,9431099,0,16.192,middle,41226980,1473634.899039,1328000.000000,1491000.000000,10
314,9431136,0,16.082,big,41210244,2247537.050642,2188000.000000,2252000.000000,10
314,9431136,0,16.082,little,82420488,1197000.000000,1197000.000000,1197000.000000,12
314,9431136,0,16.082,middle,41210244,1178422.004805,1024000.000000,1197000.000000,10
315,9431173,0,16.333,big,41237156,2461863.825163,2188000.000000,2507000.000000,10
315,9431173,0,16.333,little,82474312,1338858.185370,1328000.000000,1401000.000000,24
315,9431173,0,16.333,middle,41237156,2172367.349121,1999000.000000,2253000.000000,12
316,9431210,0,16.217,big,41245364,2262108.184522,2188000.000000,2507000.000000,10
316,9431210,0,16.217,little,82490728,1447030.849382,1328000.000000,1598000.000000,36
316,9431210,0,16.217,middle,41245364,1729935.642658,1197000.000000,2253000.000000,12
317,9431247,0,16.179,big,41246864,2476083.748840,1426000.000000,2507000.000000,10
317,9431247,0,16.179,little,82493728,1328000.000000,1328000.000000,1328000.000000,12
317,9431247,0,16.179,middle,41246864,2035864.067896,1836000.000000,2253000.000000,10
318,9431284,0,16.223,big,41253708,2385703.799644,2252000.000000,2401000.000000,6
318,9431284,0,16.223,little,82507416,1314692.048809,1197000.000000,1328000.000000,12
318,9431284,0,16.223,middle,41253708,2022930.117773,1491000.000000,2253000.000000,10
319,9431321,0,16.223,big,41279126,2230806.610198,2188000.000000,2401000.000000,10
319,9431321,0,16.223,little,82558252,1254845.247390,1197000.000000,1328000.000000,20
319,9431321,0,16.223,middle,41279126,2094718.286477,1999000.000000,2253000.000000,12
320,9431358,0,16.23,big,41283220,2499260.317558,2188000.000000,2507000.000000,10
320,9431358,0,16.23,little,82566440,1428051.900627,1328000.000000,1803000.000000,28
320,9431358,0,16.23,middle,41283220,2132896.460402,1999000.000000,2253000.000000,10
321,9431395,0,16.328,big,41242640,2479774.660885,1277000.000000,2507000.000000,10
321,9431395,0,16.328,little,82485280,1368713.745228,1328000.000000,1803000.000000,24
321,9431395,0,16.328,middle,41242640,1485135.048702,910000.000000,2253000.000000,12
322,9431433,0,16.24,big,41257572,2267476.516723,2188000.000000,2507000.000000,10
322,9431433,0,16.24,little,82515144,1264507.330182,1197000.000000,1401000.000000,24
322,9431433,0,16.24,middle,41257572,1600590.647191,1328000.000000,1836000.000000,10
323,9431470,0,16.286,big,41274376,2220902.990877,2188000.000000,2401000.000000,12
323,9431470,0,16.286,little,82548752,1238357.399831,1197000.000000,1328000.000000,28
323,9431470,0,16.286,middle,41274376,1689181.768199,1197000.000000,2130000.000000,10
324,9431508,0,16.224,big,41234166,2363885.366616,2252000.000000,2507000.000000,8
324,9431508,0,16.224,little,82468332,1371777.208056,1197000.000000,1598000.000000,28
324,9431508,0,16.224,middle,41234166,1852454.002635,1491000.000000,2253000.000000,12
325,9431546,0,16.203,big,41200000,2401000.000000,2401000.000000,2401000.000000,6
325,9431546,0,16.203,little,82400000,1354861.362864,1328000.000000,1598000.000000,16
325,9431546,0,16.203,middle,41200000,2076084.661044,1491000.000000,2130000.000000,10
326,9431584,0,16.103,big,41200000,2432316.632282,2401000.000000,2507000.000000,8
326,9431584,0,16.103,little,82400000,1328000.000000,1328000.000000,1328000.000000,12
326,9431584,0,16.103,middle,41200000,2227490.883714,2130000.000000,2253000.000000,8
327,9431622,0,16.23,big,41241020,2401000.000000,2401000.000000,2401000.000000,6
327,9431622,0,16.23,little,82482040,1328000.000000,1328000.000000,1328000.000000,12
327,9431622,0,16.23,middle,41241020,1788569.564429,1491000.000000,2130000.000000,10
328,9431660,0,16.222,big,41236250,2352127.335148,2252000.000000,2401000.000000,10
328,9431660,0,16.222,little,82472500,1284491.407487,1197000.000000,1328000.000000,20
328,9431660,0,16.222,middle,41236250,1673025.493928,1328000.000000,1836000.000000,8
329,9431674,0,16.152,big,41200000,2401000.000000,2401000.000000,2401000.000000,6
329,9431674,0,16.152,little,82400000,1328000.000000,1328000.000000,1328000.000000,12
329,9431674,0,16.152,middle,41200000,1161414.529854,1024000.000000,1197000.000000,10
330,9431681,0,16.093,big,41200000,2401000.000000,2401000.000000,2401000.000000,6
330,9431681,0,16.093,little,82400000,1328000.000000,1328000.000000,1328000.000000,12
330,9431681,0,16.093,middle,41200000,1096907.106481,799000.000000,1197000.000000,10
331,9431694,0,16.201,big,41200000,2237665.795728,2188000.000000,2252000.000000,8
331,9431694,0,16.201,little,82400000,1197000.000000,1197000.000000,1197000.000000,12
331,9431694,0,16.201,middle,41200000,1774083.308252,1491000.000000,1999000.000000,8
332,9431707,0,16.154,big,41200000,2252000.000000,2252000.000000,2252000.000000,6
332,9431707,0,16.154,little,82400000,1246780.689915,1197000.000000,1598000.000000,20
332,9431707,0,16.154,middle,41200000,1952867.288981,1836000.000000,1999000.000000,8
333,9431720,0,16.173,big,41200000,2235377.326602,2188000.000000,2252000.000000,10
333,9431720,0,16.173,little,82400000,1296756.197257,1197000.000000,1803000.000000,16
333,9431720,0,16.173,middle,41200000,1521921.303641,1328000.000000,1663000.000000,8
334,9431733,0,16.207,big,41200000,2463297.778155,2252000.000000,2507000.000000,6
334,9431733,0,16.207,little,82400000,1328000.000000,1328000.000000,1328000.000000,8
334,9431733,0,16.207,middle,41200000,2189151.657597,1999000.000000,2253000.000000,8
335,9431770,0,16.283,big,41271114,2411265.680350,2401000.000000,2507000.000000,8
335,9431770,0,16.283,little,82542228,1486210.824452,1328000.000000,1803000.000000,32
335,9431770,0,16.283,middle,41271114,2041149.999537,1663000.000000,2253000.000000,8
336,9431807,0,16.153,big,41200000,2401000.000000,2401000.000000,2401000.000000,6
336,9431807,0,16.153,little,82400000,1636715.453228,1328000.000000,1803000.000000,32
336,9431807,0,16.153,middle,41200000,2055622.074927,1491000.000000,2130000.000000,10
337,9431844,0,16.197,big,41200000,2328149.409126,2188000.000000,2401000.000000,6
337,9431844,0,16.197,little,82400000,1283250.226711,1197000.000000,1328000.000000,12
337,9431844,0,16.197,middle,41200000,2153125.581286,1836000.000000,2253000.000000,8
338,9431881,0,16.244,big,41200000,2394838.195413,2252000.000000,2401000.000000,8
338,9431881,0,16.244,little,82400000,1492510.549333,1328000.000000,1803000.000000,24
338,9431881,0,16.244,middle,41200000,2163687.761893,1663000.000000,2253000.000000,8
339,9431918,0,16.092,big,41200000,2386421.982500,2048000.000000,2401000.000000,10
339,9431918,0,16.092,little,82400000,1395416.023665,1328000.000000,1803000.000000,20
339,9431918,0,16.092,middle,41200000,2202043.905655,1836000.000000,2253000.000000,8
340,9431955,0,16.102,big,41200000,2343449.644951,1277000.000000,2401000.000000,8
340,9431955,0,16.102,little,82400000,1477806.580073,1328000.000000,1803000.000000,24
340,9431955,0,16.102,middle,41200000,2240225.729660,1999000.000000,2253000.000000,6
341,9431992,0,16.102,big,41200000,2389654.494320,2048000.000000,2401000.000000,10
341,9431992,0,16.102,little,82400000,1707900.275558,1328000.000000,1803000.000000,40
341,9431992,0,16.102,middle,41200000,2237765.249126,1836000.000000,2253000.000000,10
342,9432029,0,16.114,big,41200000,2507000.000000,2507000.000000,2507000.000000,6
342,9432029,0,16.114,little,82400000,1329164.827512,1328000.000000,1401000.000000,16
342,9432029,0,16.114,middle,41200000,1259758.165947,1024000.000000,1663000.000000,8
343,9432066,0,16.228,big,41244052,2392317.989367,1277000.000000,2507000.000000,10
343,9432066,0,16.228,little,82488104,1396161.286166,1197000.000000,1803000.000000,40
343,9432066,0,16.228,middle,41244052,1853983.063085,1197000.000000,2253000.000000,12
344,9432103,0,16.165,big,41274238,2252000.000000,2252000.000000,2252000.000000,6
344,9432103,0,16.165,little,82548476,1240235.260249,1197000.000000,1401000.000000,24
344,9432103,0,16.165,middle,41274238,1259175.347489,910000.000000,1663000.000000,10
345,9432140,0,16.161,big,41200000,2252000.000000,2252000.000000,2252000.000000,6
345,9432140,0,16.161,little,82400000,1293275.904721,1197000.000000,1328000.000000,16
345,9432140,0,16.161,middle,41200000,2067486.761699,1491000.000000,2253000.000000,10
346,9432177,0,16.152,big,41202452,2120975.001536,1745000.000000,2252000.000000,8
346,9432177,0,16.152,little,82404904,1413779.998470,1197000.000000,1803000.000000,32
346,9432177,0,16.152,middle,41202452,2233563.016201,1197000.000000,2253000.000000,6
347,9432214,0,16.085,big,41200000,2503347.327476,2401000.000000,2507000.000000,10
347,9432214,0,16.085,little,82400000,1343985.821723,1328000.000000,1401000.000000,20
347,9432214,0,16.085,middle,41200000,2253000.000000,2253000.000000,2253000.000000,6
348,9432251,0,16.176,big,41200000,2479276.384369,2401000.000000,2507000.000000,8
348,9432251,0,16.176,little,82400000,1338727.944454,1328000.000000,1401000.000000,16
348,9432251,0,16.176,middle,41200000,2249546.631699,2130000.000000,2253000.000000,10
349,9432288,0,16.018,big,41200000,2401000.000000,2401000.000000,2401000.000000,8
349,9432288,0,16.018,little,82400000,1539690.303289,1328000.000000,1803000.000000,52
349,9432288,0,16.018,middle,41200000,2247368.055534,1999000.000000,2253000.000000,10
350,9432325,0,16.295,big,41210478,2380231.227650,1582000.000000,2401000.000000,8
350,9432325,0,16.295,little,82420956,1561302.796087,1328000.000000,1803000.000000,36
350,9432325,0,16.295,middle,41210478,2152753.649594,1999000.000000,2253000.000000,10
351,9432362,0,16.119,big,41200000,2401000.000000,2401000.000000,2401000.000000,6
351,9432362,0,16.119,little,82400000,1615720.177427,1401000.000000,1803000.000000,24
351,9432362,0,16.119,middle,41200000,1493927.870218,1024000.000000,2253000.000000,12
352,9432387,0,16.197,big,41238890,2358110.262910,851000.000000,2401000.000000,8
352,9432387,0,16.197,little,82477780,1427052.252097,1328000.000000,1598000.000000,32
352,9432387,0,16.197,middle,41238890,1930922.813247,1491000.000000,1999000.000000,8
353,9432400,0,16.236,big,41233848,2355575.541652,2252000.000000,2401000.000000,10
353,9432400,0,16.236,little,82467696,1671592.787338,1401000.000000,1803000.000000,40
353,9432400,0,16.236,middle,41233848,1900094.148283,910000.000000,2130000.000000,18
354,9432425,0,15.938,big,41201280,2401000.000000,2401000.000000,2401000.000000,6
354,9432425,0,15.938,little,82402560,1671204.725011,1598000.000000,1803000.000000,28
354,9432425,0,15.938,middle,41201280,1981150.899292,1663000.000000,2253000.000000,10
355,9432462,0,16.127,big,41215884,2301576.502181,2252000.000000,2401000.000000,4
355,9432462,0,16.127,little,82431768,1537935.629162,1328000.000000,1704000.000000,28
355,9432462,0,16.127,middle,41215884,2098671.765381,1663000.000000,2253000.000000,6
356,9432499,0,16.188,big,41254222,2252000.000000,2252000.000000,2252000.000000,6
356,9432499,0,16.188,little,82508444,1348602.015134,1197000.000000,1598000.000000,32
356,9432499,0,16.188,middle,41254222,1487794.410836,1328000.000000,1999000.000000,12
357,9432524,0,16.315,big,41249516,2233221.811960,2188000.000000,2252000.000000,8
357,9432524,0,16.315,little,82499032,1415818.066387,1197000.000000,1704000.000000,28
357,9432524,0,16.315,middle,41249516,1998881.493906,1491000.000000,2130000.000000,16
358,9432562,0,16.221,big,41261008,2237074.564150,2188000.000000,2252000.000000,4
358,9432562,0,16.221,little,82522016,1197000.000000,1197000.000000,1197000.000000,4
358,9432562,0,16.221,middle,41261008,1699114.652216,1491000.000000,1836000.000000,6
359,9432600,0,16.167,big,41341648,2401000.000000,2401000.000000,2401000.000000,6
359,9432600,0,16.167,little,82683296,1403712.653920,1328000.000000,1803000.000000,24
359,9432600,0,16.167,middle,41341648,2238622.422067,1999000.000000,2253000.000000,8
360,9432619,0,16.203,big,41213374,2401000.000000,2401000.000000,2401000.000000,6
360,9432619,0,16.203,little,82426748,1328000.000000,1328000.000000,1328000.000000,12
360,9432619,0,16.203,middle,41213374,2107759.670708,1999000.000000,2253000.000000,10
361,9432656,0,16.188,big,41200000,2244938.693495,2048000.000000,2252000.000000,10
361,9432656,0,16.188,little,82400000,1298825.547476,1197000.000000,1803000.000000,20
361,9432656,0,16.188,middle,41200000,1509596.431019,799000.000000,2253000.000000,10
362,9432693,0,16.25,big,41200000,2312810.125922,2252000.000000,2401000.000000,8
362,9432693,0,16.25,little,82400000,1359574.212682,1328000.000000,1803000.000000,20
362,9432693,0,16.25,middle,41200000,2253000.000000,2253000.000000,2253000.000000,6
363,9432730,0,16.204,big,41200000,2401000.000000,2401000.000000,2401000.000000,6
363,9432730,0,16.204,little,82400000,1329045.501517,1328000.000000,1803000.000000,16
363,9432730,0,16.204,middle,41200000,2023744.190097,1491000.000000,2253000.000000,10
364,9432767,0,16.176,big,41213314,2187412.622945,1826000.000000,2401000.000000,12
364,9432767,0,16.176,little,82426628,1340095.172036,1197000.000000,1803000.000000,36
364,9432767,0,16.176,middle,41213314,1345932.482935,553000.000000,2253000.000000,12
365,9432804,0,16.099,big,41200000,2150024.846408,1106000.000000,2188000.000000,10
365,9432804,0,16.099,little,82400000,1332853.859260,1197000.000000,1803000.000000,24
365,9432804,0,16.099,middle,41200000,1914355.884976,1024000.000000,2253000.000000,10
366,9432841,0,16.234,big,41218020,2188000.000000,2188000.000000,2188000.000000,6
366,9432841,0,16.234,little,82436040,1512205.810311,1197000.000000,1803000.000000,24
366,9432841,0,16.234,middle,41218020,1733142.110417,1663000.000000,1836000.000000,8
367,9432878,0,16.177,big,41200000,2245401.134005,1426000.000000,2401000.000000,10
367,9432878,0,16.177,little,82400000,1328000.000000,1328000.000000,1328000.000000,12
367,9432878,0,16.177,middle,41200000,2253000.000000,2253000.000000,2253000.000000,6
368,9432915,0,16.103,big,41200000,2328034.004320,2188000.000000,2401000.000000,10
368,9432915,0,16.103,little,82400000,1344567.209138,1328000.000000,1401000.000000,20
368,9432915,0,16.103,middle,41200000,2182842.703155,1999000.000000,2253000.000000,8
369,9432952,0,16.235,big,41200000,2212299.034830,2188000.000000,2401000.000000,8
369,9432952,0,16.235,little,82400000,1293679.991299,1197000.000000,1803000.000000,24
369,9432952,0,16.235,middle,41200000,1337782.875485,799000.000000,2253000.000000,10
370,9432989,0,16.292,big,41220558,2188000.000000,2188000.000000,2188000.000000,6
370,9432989,0,16.292,little,82441116,1208205.981430,1197000.000000,1328000.000000,16
370,9432989,0,16.292,middle,41220558,1412556.212582,1328000.000000,1491000.000000,8
371,9433026,0,16.266,big,41200000,2188000.000000,2188000.000000,2188000.000000,6
371,9433026,0,16.266,little,82400000,1270530.362002,1197000.000000,1328000.000000,16
371,9433026,0,16.266,middle,41200000,1700979.706505,799000.000000,2253000.000000,10
372,9433063,0,16.108,big,41200000,2188000.000000,2188000.000000,2188000.000000,6
372,9433063,0,16.108,little,82400000,1359525.040898,1197000.000000,1598000.000000,28
372,9433063,0,16.108,middle,41200000,2144152.898883,1836000.000000,2253000.000000,8
373,9433100,0,16.106,big,41200000,2188000.000000,2188000.000000,2188000.000000,6
373,9433100,0,16.106,little,82400000,1197000.000000,1197000.000000,1197000.000000,12
373,9433100,0,16.106,middle,41200000,1565702.181650,1197000.000000,1663000.000000,10
374,9433125,0,16.145,big,41200000,2197847.056359,1106000.000000,2252000.000000,12
374,9433125,0,16.145,little,82400000,1315384.905862,1197000.000000,1803000.000000,32
374,9433125,0,16.145,middle,41200000,1093291.368155,696000.000000,2253000.000000,10
375,9433162,0,16.169,big,41207172,2252000.000000,2252000.000000,2252000.000000,6
375,9433162,0,16.169,little,82414344,1306430.819543,1197000.000000,1803000.000000,32
375,9433162,0,16.169,middle,41207172,1803053.633722,1197000.000000,2253000.000000,12
376,9433199,0,16.075,big,41200802,2231995.327470,2048000.000000,2252000.000000,8
376,9433199,0,16.075,little,82401604,1197000.000000,1197000.000000,1197000.000000,12
376,9433199,0,16.075,middle,41200802,1329829.604288,1197000.000000,1491000.000000,8
377,9433224,0,16.109,big,41214908,2182646.288183,2048000.000000,2188000.000000,12
377,9433224,0,16.109,little,82429816,1197000.000000,1197000.000000,1197000.000000,16
377,9433224,0,16.109,middle,41214908,1074339.687717,799000.000000,1328000.000000,12
378,9433249,0,16.128,big,41223202,2155415.000902,2048000.000000,2188000.000000,8
378,9433249,0,16.128,little,82446404,1197000.000000,1197000.000000,1197000.000000,12
378,9433249,0,16.128,middle,41223202,1450309.165964,1328000.000000,1663000.000000,8
379,9433286,0,16.186,big,41201714,2170490.085340,2048000.000000,2401000.000000,8
379,9433286,0,16.186,little,82403428,1242639.207194,1197000.000000,1328000.000000,16
379,9433286,0,16.186,middle,41201714,1503263.645876,1197000.000000,1663000.000000,10
380,9433323,0,16.091,big,41222438,2346079.455393,2188000.000000,2401000.000000,10
380,9433323,0,16.091,little,82444876,1281874.564479,1197000.000000,1328000.000000,16
380,9433323,0,16.091,middle,41222438,1453279.986521,1197000.000000,1491000.000000,10
381,9433348,0,16.13,big,41200000,2188320.610485,2188000.000000,2252000.000000,8
381,9433348,0,16.13,little,82400000,1197000.000000,1197000.000000,1197000.000000,12
381,9433348,0,16.13,middle,41200000,911413.656238,696000.000000,1197000.000000,12
382,9433361,0,16.254,big,41274996,2188000.000000,2188000.000000,2188000.000000,6
382,9433361,0,16.254,little,82549992,1197000.000000,1197000.000000,1197000.000000,12
382,9433361,0,16.254,middle,41274996,683979.194183,553000.000000,1024000.000000,14
383,9433386,0,16.195,big,41210004,2212397.900277,2188000.000000,2252000.000000,10
383,9433386,0,16.195,little,82420008,1294147.588775,1197000.000000,1401000.000000,36
383,9433386,0,16.195,middle,41210004,809899.505542,696000.000000,1024000.000000,14
384,9433423,0,16.123,big,41202528,2188000.000000,2188000.000000,2188000.000000,6
384,9433423,0,16.123,little,82405056,1197000.000000,1197000.000000,1197000.000000,12
384,9433423,0,16.123,middle,41202528,795503.002073,696000.000000,799000.000000,8
385,9433460,0,16.099,big,41200000,2188000.000000,2188000.000000,2188000.000000,6
385,9433460,0,16.099,little,82400000,1197000.000000,1197000.000000,1197000.000000,12
385,9433460,0,16.099,middle,41200000,834195.941966,799000.000000,910000.000000,8
386,9433473,0,16.131,big,41200000,2188000.000000,2188000.000000,2188000.000000,8
386,9433473,0,16.131,little,82400000,1396587.319333,1197000.000000,1598000.000000,28
386,9433473,0,16.131,middle,41200000,761899.272282,553000.000000,799000.000000,14
387,9433486,0,16.182,big,41200000,2376930.601917,2188000.000000,2401000.000000,8
387,9433486,0,16.182,little,82400000,1381307.705291,1197000.000000,1598000.000000,28
387,9433486,0,16.182,middle,41200000,824196.635922,553000.000000,1197000.000000,16
388,9433523,0,16.205,big,41259750,2218639.284436,2188000.000000,2252000.000000,8
388,9433523,0,16.205,little,82519500,1383085.908094,1197000.000000,1598000.000000,28
388,9433523,0,16.205,middle,41259750,1189920.899109,799000.000000,1328000.000000,10
389,9433560,0,16.227,big,41256718,2188000.000000,2188000.000000,2188000.000000,8
389,9433560,0,16.227,little,82513436,1403797.916330,1197000.000000,1704000.000000,32
389,9433560,0,16.227,middle,41256718,1161222.791668,799000.000000,1328000.000000,12
390,9433597,0,16.196,big,41216868,2243667.805763,2188000.000000,2401000.000000,10
390,9433597,0,16.196,little,82433736,1210987.033695,1197000.000000,1328000.000000,16
390,9433597,0,16.196,middle,41216868,1935678.353144,1024000.000000,1999000.000000,10
391,9433634,0,16.268,big,41249272,2249658.649248,2188000.000000,2401000.000000,10
391,9433634,0,16.268,little,82498544,1264783.009843,1197000.000000,1328000.000000,20
391,9433634,0,16.268,middle,41249272,1819369.493721,1197000.000000,2253000.000000,12
392,9433672,0,16.22,big,41241644,2365683.089161,1426000.000000,2401000.000000,14
392,9433672,0,16.22,little,82483288,1402847.711066,1328000.000000,1803000.000000,36
392,9433672,0,16.22,middle,41241644,2124211.710086,1491000.000000,2253000.000000,18
393,9433709,0,16.329,big,41214138,2258553.225546,2188000.000000,2401000.000000,8
393,9433709,0,16.329,little,82428276,1345480.492374,1328000.000000,1803000.000000,16
393,9433709,0,16.329,middle,41214138,2132127.473296,799000.000000,2253000.000000,8
394,9433747,0,16.194,big,41200000,2368592.467233,1426000.000000,2401000.000000,10
394,9433747,0,16.194,little,82400000,1357588.891383,1328000.000000,1803000.000000,20
394,9433747,0,16.194,middle,41200000,2143628.592573,1999000.000000,2253000.000000,10
395,9433784,0,16.227,big,41200000,2401000.000000,2401000.000000,2401000.000000,8
395,9433784,0,16.227,little,82400000,1336678.494660,1328000.000000,1598000.000000,20
395,9433784,0,16.227,middle,41200000,1513659.965728,1328000.000000,1663000.000000,12
396,9433822,0,16.134,big,41200000,2401000.000000,2401000.000000,2401000.000000,6
396,9433822,0,16.134,little,82400000,1328000.000000,1328000.000000,1328000.000000,12
396,9433822,0,16.134,middle,41200000,1210285.234490,910000.000000,1328000.000000,12
397,9433841,0,16.2,big,41200000,2401000.000000,2401000.000000,2401000.000000,6
397,9433841,0,16.2,little,82400000,1328000.000000,1328000.000000,1328000.000000,12
397,9433841,0,16.2,middle,41200000,1265442.645194,910000.000000,2253000.000000,10
398,9433878,0,16.163,big,41200000,2380117.497864,1745000.000000,2401000.000000,10
398,9433878,0,16.163,little,82400000,1455651.240595,1328000.000000,1803000.000000,32
398,9433878,0,16.163,middle,41200000,2205970.770461,1663000.000000,2253000.000000,14
399,9433915,0,16.261,big,41200000,2391975.332233,2048000.000000,2401000.000000,10
399,9433915,0,16.261,little,82400000,1408855.174454,1328000.000000,1803000.000000,28
399,9433915,0,16.261,middle,41200000,901790.066019,696000.000000,1024000.000000,8
400,9433952,0,16.187,big,41200000,2370640.159806,1277000.000000,2401000.000000,10
400,9433952,0,16.187,little,82400000,1368852.017597,1328000.000000,1803000.000000,20
400,9433952,0,16.187,middle,41200000,1972791.179806,1197000.000000,2253000.000000,10
401,9433989,0,16.115,big,41200000,2401000.000000,2401000.000000,2401000.000000,6
401,9433989,0,16.115,little,82400000,1328000.000000,1328000.000000,1328000.000000,12
401,9433989,0,16.115,middle,41200000,1890307.657015,1197000.000000,2253000.000000,12
402,9434026,0,16.167,big,41200000,2401000.000000,2401000.000000,2401000.000000,6
402,9434026,0,16.167,little,82400000,1328000.000000,1328000.000000,1328000.000000,12
402,9434026,0,16.167,middle,41200000,1235549.112451,1197000.000000,1328000.000000,8
403,9434063,0,16.124,big,41200000,2395922.028301,2188000.000000,2401000.000000,10
403,9434063,0,16.124,little,82400000,1388583.087476,1328000.000000,1803000.000000,28
403,9434063,0,16.124,middle,41200000,2189199.805291,1999000.000000,2253000.000000,8
404,9434100,0,16.17,big,41200000,2349780.140971,1745000.000000,2401000.000000,8
404,9434100,0,16.17,little,82400000,1402663.023604,1098000.000000,1803000.000000,32
404,9434100,0,16.17,middle,41200000,1606140.325825,1024000.000000,2253000.000000,10
405,9434137,0,16.192,big,41200000,2401000.000000,2401000.000000,2401000.000000,6
405,9434137,0,16.192,little,82400000,1328000.000000,1328000.000000,1328000.000000,12
405,9434137,0,16.192,middle,41200000,1388291.335485,1197000.000000,1491000.000000,8
406,9434174,0,16.119,big,41200000,2374310.368932,1426000.000000,2401000.000000,10
406,9434174,0,16.119,little,82400000,1381317.043689,1328000.000000,1803000.000000,20
406,9434174,0,16.119,middle,41200000,1762776.115291,910000.000000,2253000.000000,12
407,9434211,0,16.166,big,41200000,2401000.000000,2401000.000000,2401000.000000,6
407,9434211,0,16.166,little,82400000,1328000.000000,1328000.000000,1328000.000000,12
407,9434211,0,16.166,middle,41200000,1191293.989126,1024000.000000,1328000.000000,8
408,9434248,0,16.22,big,41246426,2401000.000000,2401000.000000,2401000.000000,8
408,9434248,0,16.22,little,82492852,1328000.000000,1328000.000000,1328000.000000,16
408,9434248,0,16.22,middle,41246426,1692658.406452,799000.000000,2130000.000000,14
409,9434285,0,16.194,big,41254858,2241960.375188,2188000.000000,2252000.000000,8
409,9434285,0,16.194,little,82509716,1197000.000000,1197000.000000,1197000.000000,12
409,9434285,0,16.194,middle,41254858,1939186.165615,1663000.000000,2130000.000000,8
410,9434322,0,16.225,big,41259836,2401000.000000,2401000.000000,2401000.000000,4
410,9434322,0,16.225,little,82519672,1328000.000000,1328000.000000,1328000.000000,8
410,9434322,0,16.225,middle,41259836,1542214.312437,1491000.000000,1663000.000000,6
411,9434359,0,16.202,big,41260940,2401000.000000,2401000.000000,2401000.000000,6
411,9434359,0,16.202,little,82521880,1328000.000000,1328000.000000,1328000.000000,12
411,9434359,0,16.202,middle,41260940,1437962.853221,1328000.000000,1491000.000000,8
412,9434372,0,16.184,big,41260330,2188000.000000,2188000.000000,2188000.000000,6
412,9434372,0,16.184,little,82520660,1197000.000000,1197000.000000,1197000.000000,12
412,9434372,0,16.184,middle,41260330,1977271.467872,1836000.000000,1999000.000000,10
413,9434409,0,16.159,big,41230210,2244331.508765,2188000.000000,2252000.000000,8
413,9434409,0,16.159,little,82460420,1327160.049694,1197000.000000,1598000.000000,24
413,9434409,0,16.159,middle,41230210,1854387.596619,696000.000000,2253000.000000,10
414,9434446,0,16.14,big,41250468,2401000.000000,2401000.000000,2401000.000000,8
414,9434446,0,16.14,little,82500936,1332225.485830,1328000.000000,1401000.000000,20
414,9434446,0,16.14,middle,41250468,2109790.491977,1663000.000000,2253000.000000,12
415,9434483,0,16.106,big,41254852,2401000.000000,2401000.000000,2401000.000000,6
415,9434483,0,16.106,little,82509704,1338922.504267,1328000.000000,1401000.000000,20
415,9434483,0,16.106,middle,41254852,1939587.100882,1836000.000000,2130000.000000,8
416,9434520,0,16.193,big,41210664,2401000.000000,2401000.000000,2401000.000000,2
416,9434520,0,16.193,little,82421328,1392284.971603,1328000.000000,1598000.000000,8
416,9434520,0,16.193,middle,41210664,1068481.939286,910000.000000,1197000.000000,6
417,9434557,0,16.192,big,41200000,2401000.000000,2401000.000000,2401000.000000,8
417,9434557,0,16.192,little,82400000,1342993.736663,1328000.000000,1401000.000000,24
417,9434557,0,16.192,middle,41200000,2185721.615243,2130000.000000,2253000.000000,10
418,9434594,0,16.17,big,41206664,2401000.000000,2401000.000000,2401000.000000,6
418,9434594,0,16.17,little,82413328,1328000.000000,1328000.000000,1328000.000000,12
418,9434594,0,16.17,middle,41206664,921648.742373,553000.000000,1663000.000000,12
419,9434631,0,16.084,big,41220096,2376333.740659,1826000.000000,2401000.000000,12
419,9434631,0,16.084,little,82440192,1435496.438448,1328000.000000,1803000.000000,36
419,9434631,0,16.084,middle,41220096,1828715.245690,553000.000000,2253000.000000,14
420,9434668,0,16.238,big,41209094,2401000.000000,2401000.000000,2401000.000000,8
420,9434668,0,16.238,little,82418188,1328000.000000,1328000.000000,1328000.000000,16
420,9434668,0,16.238,middle,41209094,1923156.242358,696000.000000,2130000.000000,12
421,9434705,0,16.286,big,41458362,2401000.000000,2401000.000000,2401000.000000,6
421,9434705,0,16.286,little,82916724,1328000.000000,1328000.000000,1328000.000000,12
421,9434705,0,16.286,middle,41458362,1595693.076876,1024000.000000,1663000.000000,10
422,9434742,0,16.125,big,41204594,2401000.000000,2401000.000000,2401000.000000,4
422,9434742,0,16.125,little,82409188,1328000.000000,1328000.000000,1328000.000000,8
422,9434742,0,16.125,middle,41204594,952069.564816,696000.000000,1197000.000000,10
423,9434779,0,16.17,big,41200000,2401000.000000,2401000.000000,2401000.000000,6
423,9434779,0,16.17,little,82400000,1328000.000000,1328000.000000,1328000.000000,12
423,9434779,0,16.17,middle,41200000,835587.240340,696000.000000,1197000.000000,12
424,9434804,0,16.08,big,41200000,2401000.000000,2401000.000000,2401000.000000,6
424,9434804,0,16.08,little,82400000,1328000.000000,1328000.000000,1328000.000000,12
424,9434804,0,16.08,middle,41200000,809939.486165,553000.000000,1197000.000000,10
425,9434817,0,16.064,big,41200000,2365714.561383,2252000.000000,2401000.000000,6
425,9434817,0,16.064,little,82400000,1297973.279527,1197000.000000,1401000.000000,16
425,9434817,0,16.064,middle,41200000,884498.238762,799000.000000,1328000.000000,12
426,9434830,0,16.34,big,41312930,2372163.630902,2252000.000000,2401000.000000,10
426,9434830,0,16.34,little,82625860,1803000.000000,1803000.000000,1803000.000000,12
426,9434830,0,16.34,middle,41312930,1244990.708163,799000.000000,2253000.000000,12
427,9434843,0,16.217,big,41200000,2293581.958010,2252000.000000,2401000.000000,8
427,9434843,0,16.217,little,82400000,1716719.749879,1401000.000000,1803000.000000,16
427,9434843,0,16.217,middle,41200000,953092.271165,910000.000000,1024000.000000,10
428,9434856,0,16.263,big,41379658,2361890.435465,2252000.000000,2401000.000000,6
428,9434856,0,16.263,little,82759316,1300007.807049,1197000.000000,1328000.000000,16
428,9434856,0,16.263,middle,41379658,730009.304523,553000.000000,1024000.000000,10
429,9434869,0,16.181,big,41200000,2401000.000000,2401000.000000,2401000.000000,6
429,9434869,0,16.181,little,82400000,1328000.000000,1328000.000000,1328000.000000,12
429,9434869,0,16.181,middle,41200000,721262.076019,400000.000000,910000.000000,12
430,9434882,0,16.116,big,41200000,2401000.000000,2401000.000000,2401000.000000,6
430,9434882,0,16.116,little,82400000,1328000.000000,1328000.000000,1328000.000000,12
430,9434882,0,16.116,middle,41200000,735164.778932,696000.000000,910000.000000,10
431,9434895,0,16.101,big,41200000,2401000.000000,2401000.000000,2401000.000000,4
431,9434895,0,16.101,little,82400000,1328000.000000,1328000.000000,1328000.000000,8
431,9434895,0,16.101,middle,41200000,1479144.442791,696000.000000,1663000.000000,12
432,9434920,0,16.284,big,41200000,2401000.000000,2401000.000000,2401000.000000,6
432,9434920,0,16.284,little,82400000,1328000.000000,1328000.000000,1328000.000000,12
432,9434920,0,16.284,middle,41200000,1697101.956772,1491000.000000,1836000.000000,12
433,9434957,0,16.016,big,41200000,2401000.000000,2401000.000000,2401000.000000,6
433,9434957,0,16.016,little,82400000,1329153.137439,1328000.000000,1803000.000000,16
433,9434957,0,16.016,middle,41200000,2249489.403859,2130000.000000,2253000.000000,8
434,9434994,0,16.278,big,41200000,2390187.717354,2252000.000000,2401000.000000,10
434,9434994,0,16.278,little,82400000,1343631.325716,1328000.000000,1803000.000000,24
434,9434994,0,16.278,middle,41200000,2253000.000000,2253000.000000,2253000.000000,6
435,9435013,0,16.161,big,41200000,2394986.815680,2252000.000000,2401000.000000,8
435,9435013,0,16.161,little,82400000,1713568.031857,1328000.000000,1803000.000000,16
435,9435013,0,16.161,middle,41200000,2000307.136311,1836000.000000,2253000.000000,10
436,9435050,0,16.231,big,41200000,2401000.000000,2401000.000000,2401000.000000,6
436,9435050,0,16.231,little,82400000,1783469.612803,1704000.000000,1803000.000000,24
436,9435050,0,16.231,middle,41200000,1528472.889320,1197000.000000,2253000.000000,8
437,9435087,0,16.238,big,41200000,2378394.270024,1426000.000000,2401000.000000,6
437,9435087,0,16.238,little,82400000,1468117.297621,1328000.000000,1803000.000000,28
437,9435087,0,16.238,middle,41200000,2253000.000000,2253000.000000,2253000.000000,4
438,9435124,0,16.21,big,41200000,2364427.843131,1745000.000000,2401000.000000,12
438,9435124,0,16.21,little,82400000,1526892.311286,1328000.000000,1803000.000000,40
438,9435124,0,16.21,middle,41200000,2253000.000000,2253000.000000,2253000.000000,8
439,9435161,0,16.194,big,41233038,2329315.831179,2188000.000000,2401000.000000,8
439,9435161,0,16.194,little,82466076,1284048.420589,1197000.000000,1328000.000000,16
439,9435161,0,16.194,middle,41233038,2083872.205051,1836000.000000,2253000.000000,8
440,9435217,0,16.229,big,41274282,2398558.283437,2188000.000000,2401000.000000,8
440,9435217,0,16.229,little,82548564,1326637.119260,1197000.000000,1328000.000000,16
440,9435217,0,16.229,middle,41274282,2097309.814257,910000.000000,2253000.000000,12
441,9435236,0,16.231,big,41232946,2393237.890254,2188000.000000,2401000.000000,10
441,9435236,0,16.231,little,82465892,1405727.891987,1197000.000000,1803000.000000,36
441,9435236,0,16.231,middle,41232946,2240759.633789,1836000.000000,2253000.000000,10
442,9435273,0,16.186,big,41223824,2374303.359145,1277000.000000,2401000.000000,10
442,9435273,0,16.186,little,82447648,1498595.375565,1328000.000000,1803000.000000,44
442,9435273,0,16.186,middle,41223824,2106586.895772,1836000.000000,2253000.000000,8
443,9435310,0,16.248,big,41200000,2377231.937500,1426000.000000,2401000.000000,8
443,9435310,0,16.248,little,82400000,1625208.572112,1328000.000000,1803000.000000,32
443,9435310,0,16.248,middle,41200000,2031936.434466,1024000.000000,2253000.000000,12
444,9435347,0,16.162,big,41253374,2401000.000000,2401000.000000,2401000.000000,6
444,9435347,0,16.162,little,82506748,1328000.000000,1328000.000000,1328000.000000,12
444,9435347,0,16.162,middle,41253374,1256402.586877,1197000.000000,1328000.000000,8
445,9435384,0,16.269,big,41261040,2359965.281728,1277000.000000,2401000.000000,12
445,9435384,0,16.269,little,82522080,1359524.458060,1328000.000000,1803000.000000,24
445,9435384,0,16.269,middle,41261040,1648200.999951,910000.000000,2253000.000000,12
446,9435421,0,16.206,big,41280170,2401000.000000,2401000.000000,2401000.000000,4
446,9435421,0,16.206,little,82560340,1328000.000000,1328000.000000,1328000.000000,8
446,9435421,0,16.206,middle,41280170,1589312.360342,799000.000000,2253000.000000,8
447,9435458,0,16.365,big,41258006,2401000.000000,2401000.000000,2401000.000000,8
447,9435458,0,16.365,little,82516012,1328000.000000,1328000.000000,1328000.000000,16
447,9435458,0,16.365,middle,41258006,2246869.751607,2130000.000000,2253000.000000,12
448,9435495,0,16.18,big,41233098,2401000.000000,2401000.000000,2401000.000000,6
448,9435495,0,16.18,little,82466196,1330606.832780,1328000.000000,1401000.000000,16
448,9435495,0,16.18,middle,41233098,2146254.500644,1999000.000000,2253000.000000,8
449,9435532,0,16.179,big,41213414,2401000.000000,2401000.000000,2401000.000000,4
449,9435532,0,16.179,little,82426828,1360226.217343,1328000.000000,1401000.000000,24
449,9435532,0,16.179,middle,41213414,1756608.373866,1491000.000000,2253000.000000,8
450,9435569,0,16.191,big,41225024,2401000.000000,2401000.000000,2401000.000000,6
450,9435569,0,16.191,little,82450048,1428909.638342,1328000.000000,1803000.000000,32
450,9435569,0,16.191,middle,41225024,2202535.634133,2130000.000000,2253000.000000,8
451,9435606,0,16.269,big,41231062,2290175.490944,2252000.000000,2401000.000000,10
451,9435606,0,16.269,little,82462124,1356755.550221,1197000.000000,1803000.000000,28
451,9435606,0,16.269,middle,41231062,1826100.451742,1197000.000000,2253000.000000,12
452,9435631,0,16.259,big,41238812,2252000.000000,2252000.000000,2252000.000000,6
452,9435631,0,16.259,little,82477624,1452230.593512,1197000.000000,1803000.000000,28
452,9435631,0,16.259,middle,41238812,2205019.097543,2130000.000000,2253000.000000,10
453,9435656,0,16.127,big,41261104,2252000.000000,2252000.000000,2252000.000000,6
453,9435656,0,16.127,little,82522208,1225478.901510,1197000.000000,1328000.000000,24
453,9435656,0,16.127,middle,41261104,1717381.172884,1663000.000000,2253000.000000,8
454,9435669,0,16.411,big,41597604,2256491.289474,1277000.000000,2401000.000000,12
454,9435669,0,16.411,little,83195208,1367184.110099,1197000.000000,1803000.000000,32
454,9435669,0,16.411,middle,41597604,2018528.057337,1197000.000000,2253000.000000,12
455,9435706,0,16.141,big,41225076,2396167.103100,2252000.000000,2401000.000000,8
455,9435706,0,16.141,little,82450152,1474691.133219,1328000.000000,1704000.000000,32
455,9435706,0,16.141,middle,41225076,1136706.891941,1024000.000000,1491000.000000,6
456,9435731,0,16.183,big,41200000,2294577.498617,2252000.000000,2401000.000000,8
456,9435731,0,16.183,little,82400000,1350535.590364,1197000.000000,1598000.000000,36
456,9435731,0,16.183,middle,41200000,1212494.920049,799000.000000,1491000.000000,12
457,9435768,0,16.172,big,41200000,2252000.000000,2252000.000000,2252000.000000,6
457,9435768,0,16.172,little,82400000,1197000.000000,1197000.000000,1197000.000000,12
457,9435768,0,16.172,middle,41200000,1235012.560049,799000.000000,1491000.000000,10
458,9435781,0,16.145,big,41200000,2401000.000000,2401000.000000,2401000.000000,4
458,9435781,0,16.145,little,82400000,1336797.438107,1328000.000000,1803000.000000,12
458,9435781,0,16.145,middle,41200000,709948.753422,400000.000000,799000.000000,10
459,9435818,0,15.985,big,41200000,2291144.365947,2188000.000000,2401000.000000,8
459,9435818,0,15.985,little,82400000,1370018.198653,1197000.000000,1803000.000000,36
459,9435818,0,15.985,middle,41200000,833817.583447,696000.000000,1328000.000000,10
460,9435831,0,16.147,big,41200000,2336988.482500,2252000.000000,2401000.000000,10
460,9435831,0,16.147,little,82400000,1272144.418726,1197000.000000,1328000.000000,20
460,9435831,0,16.147,middle,41200000,1523687.936214,1024000.000000,1663000.000000,10
461,9435844,0,16.149,big,41200000,2211354.390170,2188000.000000,2401000.000000,6
461,9435844,0,16.149,little,82400000,1211501.995704,1197000.000000,1328000.000000,12
461,9435844,0,16.149,middle,41200000,992133.019539,696000.000000,1491000.000000,12
462,9435881,0,16.181,big,41222746,2347163.875133,2252000.000000,2401000.000000,8
462,9435881,0,16.181,little,82445492,1338541.569829,1197000.000000,1704000.000000,24
462,9435881,0,16.181,middle,41222746,1445694.356145,1024000.000000,1663000.000000,12
463,9435918,0,16.094,big,41222866,2382380.009168,2188000.000000,2401000.000000,14
463,9435918,0,16.094,little,82445732,1329067.287437,1197000.000000,1401000.000000,30
463,9435918,0,16.094,middle,41222866,1140742.566589,910000.000000,1491000.000000,12
464,9435955,0,16.074,big,41246742,2249031.020389,2188000.000000,2252000.000000,8
464,9435955,0,16.074,little,82493484,1235065.860972,1197000.000000,1401000.000000,16
464,9435955,0,16.074,middle,41246742,1003648.580123,696000.000000,1197000.000000,10
465,9435992,0,16.302,big,41200000,2316847.939126,2252000.000000,2401000.000000,8
465,9435992,0,16.302,little,82400000,1491271.764284,1328000.000000,1598000.000000,24
465,9435992,0,16.302,middle,41200000,1098605.097039,696000.000000,1197000.000000,18
466,9436029,0,16.188,big,41249140,2360656.457104,2252000.000000,2401000.000000,8
466,9436029,0,16.188,little,82498280,1341847.982916,1197000.000000,1598000.000000,24
466,9436029,0,16.188,middle,41249140,917601.823432,799000.000000,1197000.000000,10
467,9436066,0,16.182,big,41209246,2339412.866957,2252000.000000,2401000.000000,6
467,9436066,0,16.182,little,82418492,1344216.569141,1328000.000000,1401000.000000,16
467,9436066,0,16.182,middle,41209246,943381.392734,910000.000000,1197000.000000,8
468,9436103,0,16.318,big,41200000,2335276.866699,2252000.000000,2401000.000000,8
468,9436103,0,16.318,little,82400000,1314715.130959,1197000.000000,1401000.000000,32
468,9436103,0,16.318,middle,41200000,939561.386068,910000.000000,1197000.000000,10
469,9436141,0,16.186,big,41247798,2364040.229566,2252000.000000,2401000.000000,8
469,9436141,0,16.186,little,82495596,1371834.175948,1328000.000000,1598000.000000,16
469,9436141,0,16.186,middle,41247798,944578.506567,910000.000000,1197000.000000,8
470,9436179,0,16.215,big,41385388,2331879.852256,2252000.000000,2401000.000000,6
470,9436179,0,16.215,little,82770776,1281054.929762,1197000.000000,1401000.000000,20
470,9436179,0,16.215,middle,41385388,937299.187264,799000.000000,1024000.000000,6
471,9436217,0,16.207,big,41241432,2374800.489396,2188000.000000,2401000.000000,10
471,9436217,0,16.207,little,82482864,1454955.127589,1197000.000000,1598000.000000,36
471,9436217,0,16.207,middle,41241432,1188226.098987,910000.000000,1328000.000000,12
472,9436255,0,16.209,big,41272444,2401000.000000,2401000.000000,2401000.000000,6
472,9436255,0,16.209,little,82544888,1394967.167222,1328000.000000,1598000.000000,24
472,9436255,0,16.209,middle,41272444,1578517.771979,910000.000000,2253000.000000,12
473,9436274,0,16.306,big,41200000,2378000.234223,1106000.000000,2401000.000000,12
473,9436274,0,16.306,little,82400000,1380128.067961,1328000.000000,1803000.000000,24
473,9436274,0,16.306,middle,41200000,1579747.376092,910000.000000,2253000.000000,18
474,9436311,0,16.186,big,41200000,2401000.000000,2401000.000000,2401000.000000,6
474,9436311,0,16.186,little,82400000,1376887.599515,1328000.000000,1803000.000000,20
474,9436311,0,16.186,middle,41200000,1699922.723932,910000.000000,2253000.000000,16
475,9436348,0,16.195,big,41206078,2373711.327829,1582000.000000,2401000.000000,10
475,9436348,0,16.195,little,82412156,1374047.395241,1328000.000000,1598000.000000,20
475,9436348,0,16.195,middle,41206078,2178965.271580,1836000.000000,2253000.000000,10
476,9436385,0,16.159,big,41200000,2401000.000000,2401000.000000,2401000.000000,8
476,9436385,0,16.159,little,82400000,1438296.463956,1328000.000000,1803000.000000,24
476,9436385,0,16.159,middle,41200000,1716882.387767,1328000.000000,1999000.000000,14
477,9436422,0,16.267,big,41200000,2401000.000000,2401000.000000,2401000.000000,6
477,9436422,0,16.267,little,82400000,1406906.238289,1328000.000000,1598000.000000,32
477,9436422,0,16.267,middle,41200000,2065760.263981,1663000.000000,2253000.000000,10
478,9436459,0,16.179,big,41200000,2387343.423883,2048000.000000,2401000.000000,10
478,9436459,0,16.179,little,82400000,1407346.720874,1328000.000000,1803000.000000,28
478,9436459,0,16.179,middle,41200000,2056364.248519,1663000.000000,2253000.000000,12
479,9436496,0,16.222,big,41200000,2401000.000000,2401000.000000,2401000.000000,8
479,9436496,0,16.222,little,82400000,1514878.318119,1328000.000000,1803000.000000,48
479,9436496,0,16.222,middle,41200000,2253000.000000,2253000.000000,2253000.000000,8
480,9436533,0,16.082,big,41200000,2401000.000000,2401000.000000,2401000.000000,6
480,9436533,0,16.082,little,82400000,1355332.220570,1328000.000000,1803000.000000,16
480,9436533,0,16.082,middle,41200000,2056094.705243,1836000.000000,2253000.000000,8
481,9436570,0,16.039,big,41200000,2401000.000000,2401000.000000,2401000.000000,6
481,9436570,0,16.039,little,82400000,1328000.000000,1328000.000000,1328000.000000,12
481,9436570,0,16.039,middle,41200000,1499595.919782,1328000.000000,1663000.000000,8
482,9436583,0,16.145,big,41200000,2252000.000000,2252000.000000,2252000.000000,6
482,9436583,0,16.145,little,82400000,1200973.024915,1197000.000000,1328000.000000,16
482,9436583,0,16.145,middle,41200000,729849.353422,553000.000000,2253000.000000,10
483,9436596,0,16.098,big,41200000,2252000.000000,2252000.000000,2252000.000000,6
483,9436596,0,16.098,little,82400000,1395257.370073,1197000.000000,1803000.000000,36
483,9436596,0,16.098,middle,41200000,1587657.538131,553000.000000,2253000.000000,16
484,9436621,0,16.108,big,41200000,2248363.015146,2188000.000000,2252000.000000,10
484,9436621,0,16.108,little,82400000,1230060.523095,1197000.000000,1803000.000000,20
484,9436621,0,16.108,middle,41200000,1273770.708422,1024000.000000,2253000.000000,10
485,9436658,0,16.105,big,41200000,2250333.081165,2188000.000000,2252000.000000,8
485,9436658,0,16.105,little,82400000,1338207.525364,1197000.000000,1598000.000000,28
485,9436658,0,16.105,middle,41200000,1862676.302136,1663000.000000,1999000.000000,6
486,9436695,0,16.18,big,41202856,2242821.114730,2188000.000000,2252000.000000,8
486,9436695,0,16.18,little,82405712,1321080.590396,1197000.000000,1803000.000000,32
486,9436695,0,16.18,middle,41202856,1635898.388427,1328000.000000,1836000.000000,12
487,9436732,0,16.179,big,41200000,2252000.000000,2252000.000000,2252000.000000,6
487,9436732,0,16.179,little,82400000,1240674.489041,1197000.000000,1328000.000000,16
487,9436732,0,16.179,middle,41200000,1743737.533689,1491000.000000,2253000.000000,8
488,9436769,0,16.135,big,41200000,2252000.000000,2252000.000000,2252000.000000,6
488,9436769,0,16.135,little,82400000,1344744.145680,1197000.000000,1598000.000000,32
488,9436769,0,16.135,middle,41200000,1897465.126456,1663000.000000,2253000.000000,8
489,9436806,0,16.011,big,41204378,2222999.598028,1277000.000000,2252000.000000,12
489,9436806,0,16.011,little,82408756,1330016.123226,1197000.000000,1803000.000000,28
489,9436806,0,16.011,middle,41204378,2007355.249775,1491000.000000,2253000.000000,10
490,9436843,0,16.134,big,41208854,2216991.911690,2188000.000000,2252000.000000,12
490,9436843,0,16.134,little,82417708,1197000.000000,1197000.000000,1197000.000000,12
490,9436843,0,16.134,middle,41208854,1633089.015870,1491000.000000,1836000.000000,8
491,9436880,0,16.177,big,41200000,2188000.000000,2188000.000000,2188000.000000,6
491,9436880,0,16.177,little,82400000,1298029.926517,1197000.000000,1328000.000000,16
491,9436880,0,16.177,middle,41200000,2213687.768447,1999000.000000,2253000.000000,10
492,9436917,0,16.148,big,41200000,2401000.000000,2401000.000000,2401000.000000,6
492,9436917,0,16.148,little,82400000,1668115.559357,1328000.000000,1803000.000000,52
492,9436917,0,16.148,middle,41200000,2246347.392743,2130000.000000,2253000.000000,10
493,9436954,0,16.254,big,41200000,2401000.000000,2401000.000000,2401000.000000,6
493,9436954,0,16.254,little,82400000,1533633.958119,1328000.000000,1803000.000000,36
493,9436954,0,16.254,middle,41200000,2246223.974782,2130000.000000,2253000.000000,10
494,9436991,0,16.176,big,41200000,2242579.899223,1826000.000000,2252000.000000,10
494,9436991,0,16.176,little,82400000,1262186.631784,1197000.000000,1328000.000000,32
494,9436991,0,16.176,middle,41200000,1889581.582136,1491000.000000,2253000.000000,10
495,9437028,0,16.098,big,41200000,2249303.992233,2188000.000000,2252000.000000,10
495,9437028,0,16.098,little,82400000,1314577.193107,1197000.000000,1328000.000000,16
495,9437028,0,16.098,middle,41200000,1942019.732184,696000.000000,2253000.000000,10
496,9437065,0,16.162,big,41200000,2222604.593786,1826000.000000,2252000.000000,10
496,9437065,0,16.162,little,82400000,1323614.512682,1197000.000000,1328000.000000,20
496,9437065,0,16.162,middle,41200000,2231099.873058,1663000.000000,2253000.000000,10
497,9437102,0,16.175,big,41200000,2362712.278471,1426000.000000,2401000.000000,12
497,9437102,0,16.175,little,82400000,1363147.544296,1328000.000000,1803000.000000,16
497,9437102,0,16.175,middle,41200000,1773759.700243,1328000.000000,2253000.000000,10
498,9437139,0,16.221,big,41246542,2374133.010423,2188000.000000,2401000.000000,8
498,9437139,0,16.221,little,82493084,1311709.891147,1197000.000000,1328000.000000,16
498,9437139,0,16.221,middle,41246542,1021623.807542,799000.000000,1491000.000000,10
499,9437176,0,16.24,big,41214822,2188000.000000,2188000.000000,2188000.000000,6
499,9437176,0,16.24,little,82429644,1197000.000000,1197000.000000,1197000.000000,12
499,9437176,0,16.24,middle,41214822,1200531.411200,1024000.000000,1491000.000000,12
500,9437201,0,16.297,big,41200526,2353129.157793,984000.000000,2401000.000000,10
500,9437201,0,16.297,little,82401052,1391389.681603,1328000.000000,1803000.000000,28
500,9437201,0,16.297,middle,41200526,2070691.404741,1328000.000000,2253000.000000,12
501,9437239,0,16.114,big,41215722,2048000.000000,2048000.000000,2048000.000000,6
501,9437239,0,16.114,little,82431444,1197000.000000,1197000.000000,1197000.000000,12
501,9437239,0,16.114,middle,41215722,1560059.263914,1491000.000000,1836000.000000,10
502,9437277,0,16.168,big,41209230,2245282.078505,2188000.000000,2401000.000000,8
502,9437277,0,16.168,little,82418460,1244566.111403,1197000.000000,1328000.000000,20
502,9437277,0,16.168,middle,41209230,1193516.281110,910000.000000,1663000.000000,14
503,9437296,0,16.278,big,41221470,2390954.631482,2252000.000000,2401000.000000,10
503,9437296,0,16.278,little,82442940,1319683.145688,1197000.000000,1328000.000000,20
503,9437296,0,16.278,middle,41221470,1579298.319662,1024000.000000,2130000.000000,14
504,9437333,0,16.282,big,41203474,2401000.000000,2401000.000000,2401000.000000,4
504,9437333,0,16.282,little,82406948,1328000.000000,1328000.000000,1328000.000000,8
504,9437333,0,16.282,middle,41203474,1207902.933622,910000.000000,1999000.000000,8
505,9437370,0,16.349,big,41248630,2248706.078238,2188000.000000,2252000.000000,8
505,9437370,0,16.349,little,82497260,1297610.715871,1197000.000000,1328000.000000,16
505,9437370,0,16.349,middle,41248630,2155571.724855,1836000.000000,2253000.000000,8
506,9437407,0,16.276,big,41220434,2357211.464246,2188000.000000,2401000.000000,8
506,9437407,0,16.276,little,82440868,1357787.715433,1197000.000000,1803000.000000,24
506,9437407,0,16.276,middle,41220434,1103598.037954,910000.000000,1197000.000000,8
507,9437432,0,16.268,big,41211164,2395308.736778,2252000.000000,2401000.000000,6
507,9437432,0,16.268,little,82422328,1322996.271933,1197000.000000,1328000.000000,12
507,9437432,0,16.268,middle,41211164,988624.472291,799000.000000,1197000.000000,6
508,9437445,0,16.18,big,41200000,2343863.959757,2188000.000000,2401000.000000,8
508,9437445,0,16.18,little,82400000,1350583.972998,1328000.000000,1803000.000000,20
508,9437445,0,16.18,middle,41200000,2164012.090049,1663000.000000,2253000.000000,10
509,9437482,0,16.179,big,41200000,2401000.000000,2401000.000000,2401000.000000,6
509,9437482,0,16.179,little,82400000,1356604.846238,1328000.000000,1401000.000000,16
509,9437482,0,16.179,middle,41200000,2191390.830874,1663000.000000,2253000.000000,12
510,9437519,0,16.159,big,41200000,2385884.073422,1826000.000000,2401000.000000,10
510,9437519,0,16.159,little,82400000,1417491.100716,1328000.000000,1803000.000000,20
510,9437519,0,16.159,middle,41200000,2095901.505000,1836000.000000,2253000.000000,8
511,9437556,0,16.169,big,41200000,2368607.873180,1426000.000000,2401000.000000,10
511,9437556,0,16.169,little,82400000,1363233.125000,1328000.000000,1803000.000000,20
511,9437556,0,16.169,middle,41200000,2069150.607743,1328000.000000,2253000.000000,10
512,9437593,0,16.003,big,41200000,2401000.000000,2401000.000000,2401000.000000,6
512,9437593,0,16.003,little,82400000,1328000.000000,1328000.000000,1328000.000000,12
512,9437593,0,16.003,middle,41200000,1389715.894806,1197000.000000,1663000.000000,8
513,9437630,0,16.156,big,41200000,2323587.750461,2188000.000000,2401000.000000,4
513,9437630,0,16.156,little,82400000,1281371.244745,1197000.000000,1328000.000000,8
513,9437630,0,16.156,middle,41200000,2208973.296408,2130000.000000,2253000.000000,4
514,9437667,0,16.153,big,41200000,2401000.000000,2401000.000000,2401000.000000,6
514,9437667,0,16.153,little,82400000,1421776.252427,1328000.000000,1803000.000000,32
514,9437667,0,16.153,middle,41200000,1858437.602184,1491000.000000,2253000.000000,8
515,9437704,0,16.146,big,41200000,2401000.000000,2401000.000000,2401000.000000,6
515,9437704,0,16.146,little,82400000,1328000.000000,1328000.000000,1328000.000000,12
515,9437704,0,16.146,middle,41200000,1213721.932573,799000.000000,2253000.000000,10
516,9437741,0,16.143,big,41200000,2401000.000000,2401000.000000,2401000.000000,2
516,9437741,0,16.143,little,82400000,1357786.615898,1328000.000000,1803000.000000,12
516,9437741,0,16.143,middle,41200000,1381723.657985,910000.000000,2253000.000000,6
517,9437778,0,16.134,big,41200000,2378611.997767,2252000.000000,2401000.000000,8
517,9437778,0,16.134,little,82400000,1371656.919296,1328000.000000,1598000.000000,20
517,9437778,0,16.134,middle,41200000,1852513.183981,1663000.000000,2253000.000000,8
518,9437815,0,16.108,big,41200000,2401000.000000,2401000.000000,2401000.000000,6
518,9437815,0,16.108,little,82400000,1328000.000000,1328000.000000,1328000.000000,12
518,9437815,0,16.108,middle,41200000,1695002.887864,1491000.000000,1836000.000000,8
519,9437852,0,16.149,big,41200000,2401000.000000,2401000.000000,2401000.000000,2
519,9437852,0,16.149,little,82400000,1328000.000000,1328000.000000,1328000.000000,4
519,9437852,0,16.149,middle,41200000,1535650.713641,1328000.000000,1663000.000000,6
520,9437877,0,16.195,big,41200000,2188000.000000,2188000.000000,2188000.000000,6
520,9437877,0,16.195,little,82400000,1252189.664078,1197000.000000,1328000.000000,16
520,9437877,0,16.195,middle,41200000,1706392.318398,1197000.000000,2253000.000000,10
521,9437914,0,16.178,big,41200000,2252000.000000,2252000.000000,2252000.000000,6
521,9437914,0,16.178,little,82400000,1299602.595825,1197000.000000,1328000.000000,20
521,9437914,0,16.178,middle,41200000,2161212.591553,1836000.000000,2253000.000000,10
522,9437951,0,16.162,big,41200000,2230170.668738,2188000.000000,2252000.000000,4
522,9437951,0,16.162,little,82400000,1350948.705728,1197000.000000,1598000.000000,24
522,9437951,0,16.162,middle,41200000,2214850.830850,1663000.000000,2253000.000000,8
523,9437988,0,16.08,big,41212684,2214756.402665,2188000.000000,2252000.000000,8
523,9437988,0,16.08,little,82425368,1197000.000000,1197000.000000,1197000.000000,12
523,9437988,0,16.08,middle,41212684,1346954.530503,1024000.000000,1663000.000000,10
524,9438025,0,16.213,big,41211408,2252000.000000,2252000.000000,2252000.000000,6
524,9438025,0,16.213,little,82422816,1282100.593930,1197000.000000,1328000.000000,16
524,9438025,0,16.213,middle,41211408,2105779.016092,1836000.000000,2253000.000000,8
525,9438062,0,16.219,big,41216494,2252000.000000,2252000.000000,2252000.000000,2
525,9438062,0,16.219,little,82432988,1292048.722691,1197000.000000,1328000.000000,8
525,9438062,0,16.219,middle,41216494,2137877.327800,1836000.000000,2253000.000000,4
526,9438099,0,16.15,big,41234026,2368158.366782,2252000.000000,2401000.000000,10
526,9438099,0,16.15,little,82468052,1355504.848787,1328000.000000,1803000.000000,16
526,9438099,0,16.15,middle,41234026,2234856.583153,1328000.000000,2253000.000000,12
527,9438136,0,16.168,big,41213944,2401000.000000,2401000.000000,2401000.000000,6
527,9438136,0,16.168,little,82427888,1332800.221862,1328000.000000,1803000.000000,16
527,9438136,0,16.168,middle,41213944,2247047.411478,2130000.000000,2253000.000000,8
528,9438173,0,16.176,big,41216946,2394293.206877,2188000.000000,2401000.000000,8
528,9438173,0,16.176,little,82433892,1324024.731029,1197000.000000,1328000.000000,16
528,9438173,0,16.176,middle,41216946,1444933.701759,910000.000000,2253000.000000,14
529,9438198,0,16.073,big,41212168,2390847.892448,2188000.000000,2401000.000000,10
529,9438198,0,16.073,little,82424336,1322110.802858,1197000.000000,1328000.000000,20
529,9438198,0,16.073,middle,41212168,1407285.972483,1024000.000000,1836000.000000,12
530,9438211,0,16.198,big,41200000,2369472.424563,2252000.000000,2401000.000000,10
530,9438211,0,16.198,little,82400000,1300816.624017,1197000.000000,1328000.000000,20
530,9438211,0,16.198,middle,41200000,1282028.822209,1024000.000000,1663000.000000,10
531,9438224,0,16.327,big,41200000,2401000.000000,2401000.000000,2401000.000000,6
531,9438224,0,16.327,little,82400000,1369648.347148,1328000.000000,1401000.000000,24
531,9438224,0,16.327,middle,41200000,865392.206456,696000.000000,910000.000000,12
532,9438262,0,16.266,big,41316530,2369047.316655,2188000.000000,2401000.000000,8
532,9438262,0,16.266,little,82633060,1317142.502710,1197000.000000,1401000.000000,20
532,9438262,0,16.266,middle,41316530,805296.243102,553000.000000,1491000.000000,12
533,9438288,0,16.143,big,41200000,2188000.000000,2188000.000000,2188000.000000,6
533,9438288,0,16.143,little,82400000,1197000.000000,1197000.000000,1197000.000000,12
533,9438288,0,16.143,middle,41200000,1252891.217112,910000.000000,1491000.000000,12
534,9438302,0,16.101,big,41200000,2225133.353010,2188000.000000,2252000.000000,4
534,9438302,0,16.101,little,82400000,1258276.169320,1197000.000000,1401000.000000,16
534,9438302,0,16.101,middle,41200000,1064277.485850,910000.000000,1328000.000000,8
535,9438328,0,16.106,big,41200000,2319062.238252,2252000.000000,2401000.000000,10
535,9438328,0,16.106,little,82400000,1271665.944199,1197000.000000,1401000.000000,32
535,9438328,0,16.106,middle,41200000,1225275.710898,1197000.000000,1328000.000000,8
536,9438347,0,16.152,big,41200000,2378345.273301,2252000.000000,2401000.000000,8
536,9438347,0,16.152,little,82400000,1396178.486796,1197000.000000,1598000.000000,32
536,9438347,0,16.152,middle,41200000,1041701.151359,910000.000000,1197000.000000,8
537,9438384,0,16.162,big,41200000,2349736.466820,2252000.000000,2401000.000000,8
537,9438384,0,16.162,little,82400000,1309667.142330,1197000.000000,1401000.000000,24
537,9438384,0,16.162,middle,41200000,1084962.100170,696000.000000,1197000.000000,10
538,9438421,0,16.234,big,41200000,2398211.266092,2252000.000000,2401000.000000,10
538,9438421,0,16.234,little,82400000,1566321.234867,1401000.000000,1704000.000000,40
538,9438421,0,16.234,middle,41200000,1181902.676311,1024000.000000,1197000.000000,10
539,9438458,0,16.216,big,41200000,2229055.563495,2188000.000000,2252000.000000,8
539,9438458,0,16.216,little,82400000,1560251.176638,1328000.000000,1704000.000000,40
539,9438458,0,16.216,middle,41200000,1058790.988374,799000.000000,1328000.000000,8
540,9438495,0,16.154,big,41200000,2249038.064466,2188000.000000,2252000.000000,10
540,9438495,0,16.154,little,82400000,1557030.860255,1197000.000000,1803000.000000,28
540,9438495,0,16.154,middle,41200000,1222002.499757,910000.000000,1491000.000000,8
541,9438532,0,16.301,big,41200000,2375604.356820,2252000.000000,2401000.000000,10
541,9438532,0,16.301,little,82400000,1305834.462961,1197000.000000,1328000.000000,20
541,9438532,0,16.301,middle,41200000,1324106.567427,1024000.000000,1663000.000000,12
542,9438569,0,16.158,big,41216190,2304020.181705,2188000.000000,2401000.000000,8
542,9438569,0,16.158,little,82432380,1330420.524180,1197000.000000,1803000.000000,28
542,9438569,0,16.158,middle,41216190,2170461.381365,1663000.000000,2253000.000000,10
543,9438606,0,16.131,big,41200000,2377490.732985,2252000.000000,2401000.000000,8
543,9438606,0,16.131,little,82400000,1350419.293459,1197000.000000,1598000.000000,24
543,9438606,0,16.131,middle,41200000,1851792.995218,1491000.000000,1999000.000000,10
544,9438643,0,16.171,big,41248384,2356275.133906,2252000.000000,2401000.000000,10
544,9438643,0,16.171,little,82496768,1372177.817863,1197000.000000,1598000.000000,44
544,9438643,0,16.171,middle,41248384,2203147.370913,1836000.000000,2253000.000000,14
545,9438680,0,16.061,big,41200000,2401000.000000,2401000.000000,2401000.000000,6
545,9438680,0,16.061,little,82400000,1404679.462464,1328000.000000,1598000.000000,24
545,9438680,0,16.061,middle,41200000,2199471.223981,2130000.000000,2253000.000000,8
546,9438717,0,16.083,big,41200000,2367120.669320,2252000.000000,2401000.000000,8
546,9438717,0,16.083,little,82400000,1308196.144951,1197000.000000,1328000.000000,16
546,9438717,0,16.083,middle,41200000,2234181.835922,2130000.000000,2253000.000000,8
547,9438754,0,16.203,big,41200000,2242600.186286,1826000.000000,2401000.000000,12
547,9438754,0,16.203,little,82400000,1708461.622791,1328000.000000,1803000.000000,40
547,9438754,0,16.203,middle,41200000,2253000.000000,2253000.000000,2253000.000000,8
548,9438791,0,16.173,big,41200000,2309593.107621,2188000.000000,2401000.000000,10
548,9438791,0,16.173,little,82400000,1382367.331165,1328000.000000,1803000.000000,24
548,9438791,0,16.173,middle,41200000,2190950.296845,1999000.000000,2253000.000000,8
549,9438828,0,16.154,big,41200000,2401000.000000,2401000.000000,2401000.000000,6
549,9438828,0,16.154,little,82400000,1352793.973471,1328000.000000,1803000.000000,20
549,9438828,0,16.154,middle,41200000,1905178.760680,1663000.000000,2253000.000000,10
550,9438865,0,16.25,big,41200000,2401000.000000,2401000.000000,2401000.000000,8
550,9438865,0,16.25,little,82400000,1391515.518507,1328000.000000,1803000.000000,24
550,9438865,0,16.25,middle,41200000,1494625.726456,1024000.000000,2253000.000000,12
551,9438902,0,16.078,big,41200000,2401000.000000,2401000.000000,2401000.000000,6
551,9438902,0,16.078,little,82400000,1381602.355061,1328000.000000,1598000.000000,24
551,9438902,0,16.078,middle,41200000,1211698.111748,799000.000000,1836000.000000,8
552,9438939,0,16.124,big,41202624,2401000.000000,2401000.000000,2401000.000000,6
552,9438939,0,16.124,little,82405248,1328000.000000,1328000.000000,1328000.000000,12
552,9438939,0,16.124,middle,41202624,1370019.262754,910000.000000,1491000.000000,10
553,9438976,0,16.191,big,41209274,2285074.364280,2188000.000000,2401000.000000,8
553,9438976,0,16.191,little,82418548,1328000.000000,1328000.000000,1328000.000000,12
553,9438976,0,16.191,middle,41209274,2253000.000000,2253000.000000,2253000.000000,6
554,9439013,0,16.134,big,41222550,2188000.000000,2188000.000000,2188000.000000,6
554,9439013,0,16.134,little,82445100,1253024.531791,1197000.000000,1328000.000000,16
554,9439013,0,16.134,middle,41222550,1911135.743907,1663000.000000,2253000.000000,8
555,9439050,0,16.188,big,41219342,2188000.000000,2188000.000000,2188000.000000,6
555,9439050,0,16.188,little,82438684,1226445.793919,1197000.000000,1401000.000000,16
555,9439050,0,16.188,middle,41219342,1781714.641102,1491000.000000,1999000.000000,10
556,9439087,0,16.185,big,41210512,2401000.000000,2401000.000000,2401000.000000,6
556,9439087,0,16.185,little,82421024,1447064.840155,1328000.000000,1704000.000000,28
556,9439087,0,16.185,middle,41210512,1732381.665144,1197000.000000,2253000.000000,10
557,9439124,0,16.257,big,41205204,2401000.000000,2401000.000000,2401000.000000,6
557,9439124,0,16.257,little,82410408,1407061.139984,1328000.000000,1598000.000000,20
557,9439124,0,16.257,middle,41205204,2244550.346311,2130000.000000,2253000.000000,8
558,9439161,0,16.184,big,41218650,2348226.254596,1426000.000000,2401000.000000,14
558,9439161,0,16.184,little,82437300,1490742.027517,1098000.000000,1803000.000000,52
558,9439161,0,16.184,middle,41218650,2167560.176182,1491000.000000,2253000.000000,16
559,9439198,0,16.52,big,41275342,2339593.540424,1277000.000000,2401000.000000,14
559,9439198,0,16.52,little,82550684,1438964.976995,1197000.000000,1803000.000000,40
559,9439198,0,16.52,middle,41275342,1791660.640413,799000.000000,2253000.000000,16
560,9439236,0,16.197,big,41307474,2365519.754076,1277000.000000,2401000.000000,10
560,9439236,0,16.197,little,82614948,1440063.405584,1328000.000000,1803000.000000,32
560,9439236,0,16.197,middle,41307474,1963550.073360,1328000.000000,2253000.000000,14
561,9439274,0,16.154,big,41287176,2278777.322673,2252000.000000,2401000.000000,8
561,9439274,0,16.154,little,82574352,1271558.367555,1197000.000000,1803000.000000,24
561,9439274,0,16.154,middle,41287176,1801164.902802,1328000.000000,2253000.000000,10
562,9439312,0,16.275,big,41270470,2252000.000000,2252000.000000,2252000.000000,8
562,9439312,0,16.275,little,82540940,1589079.580048,1328000.000000,1803000.000000,48
562,9439312,0,16.275,middle,41270470,2243155.345335,1836000.000000,2253000.000000,12
563,9439350,0,16.292,big,41288994,2252000.000000,2252000.000000,2252000.000000,6
563,9439350,0,16.292,little,82577988,1599279.884659,1328000.000000,1803000.000000,44
563,9439350,0,16.292,middle,41288994,2241466.063499,2130000.000000,2253000.000000,10
564,9439387,0,16.337,big,41300588,2252000.000000,2252000.000000,2252000.000000,6
564,9439387,0,16.337,little,82601176,1427299.525046,1197000.000000,1803000.000000,40
564,9439387,0,16.337,middle,41300588,2244738.647692,1999000.000000,2253000.000000,10
565,9439425,0,16.161,big,41302944,2252000.000000,2252000.000000,2252000.000000,8
565,9439425,0,16.161,little,82605888,1230459.986835,1197000.000000,1328000.000000,20
565,9439425,0,16.161,middle,41302944,2161224.749137,2130000.000000,2253000.000000,10
566,9439462,0,16.412,big,41278756,2235890.025416,1745000.000000,2252000.000000,14
566,9439462,0,16.412,little,82557512,1420530.297497,1197000.000000,1803000.000000,36
566,9439462,0,16.412,middle,41278756,2185505.858486,910000.000000,2253000.000000,14
567,9439481,0,16.166,big,41248578,2213147.467823,1426000.000000,2252000.000000,14
567,9439481,0,16.166,little,82497156,1311822.280892,1197000.000000,1328000.000000,16
567,9439481,0,16.166,middle,41248578,2094920.362006,1024000.000000,2253000.000000,8
568,9439537,0,16.23,big,41270020,2245423.016126,2188000.000000,2252000.000000,10
568,9439537,0,16.23,little,82540040,1197000.000000,1197000.000000,1197000.000000,16
568,9439537,0,16.23,middle,41270020,1152694.133950,910000.000000,1197000.000000,10
569,9439544,0,16.198,big,41236902,2193553.660263,2188000.000000,2252000.000000,8
569,9439544,0,16.198,little,82473804,1197000.000000,1197000.000000,1197000.000000,12
569,9439544,0,16.198,middle,41236902,894548.518848,696000.000000,1197000.000000,10
570,9439557,0,16.189,big,41250472,2239563.361311,2188000.000000,2252000.000000,8
570,9439557,0,16.189,little,82500944,1293538.450336,1197000.000000,1803000.000000,20
570,9439557,0,16.189,middle,41250472,1958966.201550,1663000.000000,2253000.000000,8
571,9439582,0,16.175,big,41242576,2248813.123215,2188000.000000,2252000.000000,6
571,9439582,0,16.175,little,82485152,1197000.000000,1197000.000000,1197000.000000,8
571,9439582,0,16.175,middle,41242576,751529.047070,696000.000000,1024000.000000,6
572,9439619,0,16.187,big,41228766,2252000.000000,2252000.000000,2252000.000000,8
572,9439619,0,16.187,little,82457532,1205135.024160,1197000.000000,1328000.000000,20
572,9439619,0,16.187,middle,41228766,1634755.419553,1328000.000000,2253000.000000,14
573,9439656,0,16.174,big,41238782,2252000.000000,2252000.000000,2252000.000000,6
573,9439656,0,16.174,little,82477564,1435647.555425,1197000.000000,1803000.000000,44
573,9439656,0,16.174,middle,41238782,2215325.493488,2130000.000000,2253000.000000,10
574,9439693,0,16.096,big,41285016,2193315.302966,2048000.000000,2252000.000000,6
574,9439693,0,16.096,little,82570032,1335399.503236,1197000.000000,1803000.000000,28
574,9439693,0,16.096,middle,41285016,1642119.511883,696000.000000,2253000.000000,10
575,9439730,0,16.18,big,41243906,2222663.779517,2048000.000000,2252000.000000,10
575,9439730,0,16.18,little,82487812,1372813.602911,1197000.000000,1598000.000000,36
575,9439730,0,16.18,middle,41243906,2238152.366510,1999000.000000,2253000.000000,12
576,9439767,0,16.097,big,41200000,2233665.886214,2048000.000000,2252000.000000,8
576,9439767,0,16.097,little,82400000,1301041.443228,1197000.000000,1328000.000000,24
576,9439767,0,16.097,middle,41200000,2069716.852354,1663000.000000,2253000.000000,12
577,9439804,0,15.894,big,41200000,2252000.000000,2252000.000000,2252000.000000,4
577,9439804,0,15.894,little,82400000,1353418.223968,1197000.000000,1803000.000000,16
577,9439804,0,15.894,middle,41200000,2213096.334029,2130000.000000,2253000.000000,6
578,9439841,0,16.127,big,41200000,2216138.390680,2188000.000000,2252000.000000,8
578,9439841,0,16.127,little,82400000,1291844.799053,1197000.000000,1401000.000000,24
578,9439841,0,16.127,middle,41200000,2207926.008131,2130000.000000,2253000.000000,8
579,9439878,0,16.163,big,41200000,2252000.000000,2252000.000000,2252000.000000,6
579,9439878,0,16.163,little,82400000,1306352.827100,1197000.000000,1328000.000000,16
579,9439878,0,16.163,middle,41200000,2210475.363155,1999000.000000,2253000.000000,8
580,9439915,0,16.133,big,41200000,2252000.000000,2252000.000000,2252000.000000,4
580,9439915,0,16.133,little,82400000,1380755.748180,1328000.000000,1803000.000000,20
580,9439915,0,16.133,middle,41200000,2253000.000000,2253000.000000,2253000.000000,4
581,9439952,0,16.072,big,41200000,2252000.000000,2252000.000000,2252000.000000,6
581,9439952,0,16.072,little,82400000,1304108.549090,1197000.000000,1328000.000000,16
581,9439952,0,16.072,middle,41200000,2230361.178277,2130000.000000,2253000.000000,8
582,9439989,0,16.105,big,41200000,2183159.816748,1426000.000000,2252000.000000,10
582,9439989,0,16.105,little,82400000,1431011.119393,1098000.000000,1803000.000000,52
582,9439989,0,16.105,middle,41200000,2138296.707184,1999000.000000,2253000.000000,8
583,9440026,0,16.115,big,41200000,2231625.811942,2048000.000000,2252000.000000,10
583,9440026,0,16.115,little,82400000,1411606.496638,1197000.000000,1803000.000000,52
583,9440026,0,16.115,middle,41200000,1900939.332160,696000.000000,2253000.000000,18
584,9440063,0,16.272,big,41200000,2252000.000000,2252000.000000,2252000.000000,6
584,9440063,0,16.272,little,82400000,1457917.695789,1197000.000000,1803000.000000,44
584,9440063,0,16.272,middle,41200000,2099442.290922,1491000.000000,2253000.000000,12
585,9440100,0,16.164,big,41204658,2252000.000000,2252000.000000,2252000.000000,6
585,9440100,0,16.164,little,82409316,1375010.786463,1197000.000000,1803000.000000,28
585,9440100,0,16.164,middle,41204658,2211959.750376,1999000.000000,2253000.000000,8
586,9440137,0,16.129,big,41200000,2238259.598568,1745000.000000,2252000.000000,8
586,9440137,0,16.129,little,82400000,1401538.950643,1197000.000000,1803000.000000,28
586,9440137,0,16.129,middle,41200000,2115923.228155,1491000.000000,2253000.000000,8
587,9440174,0,16.078,big,41200000,2252000.000000,2252000.000000,2252000.000000,6
587,9440174,0,16.078,little,82400000,1375751.518629,1197000.000000,1803000.000000,28
587,9440174,0,16.078,middle,41200000,2201933.355364,1663000.000000,2253000.000000,12
588,9440211,0,16.255,big,41200000,2252000.000000,2252000.000000,2252000.000000,6
588,9440211,0,16.255,little,82400000,1238955.955049,1197000.000000,1328000.000000,24
588,9440211,0,16.255,middle,41200000,1095229.746820,696000.000000,2253000.000000,12
589,9440248,0,16.244,big,41204060,2252000.000000,2252000.000000,2252000.000000,6
589,9440248,0,16.244,little,82408120,1242507.843911,1197000.000000,1328000.000000,16
589,9440248,0,16.244,middle,41204060,1659727.066653,1024000.000000,1836000.000000,10
590,9440285,0,16.177,big,41200000,2216768.789029,1106000.000000,2252000.000000,10
590,9440285,0,16.177,little,82400000,1362490.657148,1197000.000000,1803000.000000,28
590,9440285,0,16.177,middle,41200000,2096089.701553,1836000.000000,2253000.000000,10
591,9440322,0,16.16,big,41200000,2220176.370000,984000.000000,2252000.000000,10
591,9440322,0,16.16,little,82400000,1297681.606359,1197000.000000,1803000.000000,32
591,9440322,0,16.16,middle,41200000,932778.058762,400000.000000,2253000.000000,16
592,9440359,0,16.154,big,41200000,2206635.319612,2188000.000000,2252000.000000,6
592,9440359,0,16.154,little,82400000,1248941.723519,1197000.000000,1803000.000000,16
592,9440359,0,16.154,middle,41200000,1541901.629903,1491000.000000,1663000.000000,8
593,9440396,0,16.286,big,41200000,2216138.801990,1426000.000000,2252000.000000,12
593,9440396,0,16.286,little,82400000,1458270.515243,1197000.000000,1803000.000000,36
593,9440396,0,16.286,middle,41200000,2106878.815194,1663000.000000,2253000.000000,10
594,9440433,0,16.129,big,41200000,2239647.597209,1745000.000000,2252000.000000,10
594,9440433,0,16.129,little,82400000,1512614.927573,1328000.000000,1803000.000000,44
594,9440433,0,16.129,middle,41200000,1811005.770437,1328000.000000,2253000.000000,14
595,9440470,0,16.281,big,41200000,2252000.000000,2252000.000000,2252000.000000,6
595,9440470,0,16.281,little,82400000,1347218.129927,1197000.000000,1598000.000000,28
595,9440470,0,16.281,middle,41200000,1626197.268495,1024000.000000,2130000.000000,10
596,9440507,0,16.161,big,41200000,2191165.797937,1277000.000000,2252000.000000,8
596,9440507,0,16.161,little,82400000,1204672.109782,1098000.000000,1328000.000000,20
596,9440507,0,16.161,middle,41200000,1826664.902379,1024000.000000,2253000.000000,10
597,9440532,0,16.336,big,41200000,2252000.000000,2252000.000000,2252000.000000,6
597,9440532,0,16.336,little,82400000,1207880.370340,1197000.000000,1328000.000000,16
597,9440532,0,16.336,middle,41200000,1711126.815534,1663000.000000,2253000.000000,8
598,9440546,0,16.108,big,41205516,2163763.454582,2048000.000000,2188000.000000,12
598,9440546,0,16.108,little,82411032,1197000.000000,1197000.000000,1197000.000000,16
598,9440546,0,16.108,middle,41205516,1424859.815273,1328000.000000,1491000.000000,10
599,9440572,0,16.202,big,41200000,2233604.442718,2188000.000000,2252000.000000,8
599,9440572,0,16.202,little,82400000,1197000.000000,1197000.000000,1197000.000000,12
599,9440572,0,16.202,middle,41200000,1250463.337112,910000.000000,1491000.000000,10
600,9440591,0,16.322,big,41409356,2188000.000000,2188000.000000,2188000.000000,6
600,9440591,0,16.322,little,82818712,1197000.000000,1197000.000000,1197000.000000,12
600,9440591,0,16.322,middle,41409356,1342048.896269,1024000.000000,1491000.000000,8
601,9440628,0,16.134,big,41200000,2098242.200971,2048000.000000,2188000.000000,6
601,9440628,0,16.134,little,82400000,1197000.000000,1197000.000000,1197000.000000,8
601,9440628,0,16.134,middle,41200000,1938399.387354,1663000.000000,2130000.000000,6
602,9440665,0,16.176,big,41200000,2217139.730291,2048000.000000,2252000.000000,10
602,9440665,0,16.176,little,82400000,1231407.113956,1197000.000000,1598000.000000,20
602,9440665,0,16.176,middle,41200000,1341772.101408,1197000.000000,1836000.000000,12
603,9440702,0,16.186,big,41200000,2239669.351456,2188000.000000,2252000.000000,10
603,9440702,0,16.186,little,82400000,1405964.655194,1197000.000000,1598000.000000,44
603,9440702,0,16.186,middle,41200000,1331475.262767,1024000.000000,1836000.000000,14
604,9440739,0,16.15,big,41216976,2233963.503193,2188000.000000,2252000.000000,6
604,9440739,0,16.15,little,82433952,1198499.467295,1197000.000000,1328000.000000,12
604,9440739,0,16.15,middle,41216976,1571148.539937,1024000.000000,1663000.000000,8
605,9440752,0,16.149,big,41200000,2243029.909126,2188000.000000,2252000.000000,8
605,9440752,0,16.149,little,82400000,1197000.000000,1197000.000000,1197000.000000,12
605,9440752,0,16.149,middle,41200000,983626.244733,553000.000000,1024000.000000,12
606,9440765,0,16.085,big,41200000,2107073.061165,2048000.000000,2188000.000000,10
606,9440765,0,16.085,little,82400000,1197000.000000,1197000.000000,1197000.000000,16
606,9440765,0,16.085,middle,41200000,1501130.534078,1197000.000000,1663000.000000,10
607,9440778,0,16.166,big,41200000,2143371.258738,2048000.000000,2188000.000000,6
607,9440778,0,16.166,little,82400000,1197000.000000,1197000.000000,1197000.000000,8
607,9440778,0,16.166,middle,41200000,1720292.974757,1197000.000000,1836000.000000,10
608,9440791,0,16.285,big,41200000,2243340.542136,2188000.000000,2252000.000000,8
608,9440791,0,16.285,little,82400000,1197000.000000,1197000.000000,1197000.000000,12
608,9440791,0,16.285,middle,41200000,1050460.726578,696000.000000,1197000.000000,10
609,9440828,0,16.231,big,41200000,2237475.268350,2188000.000000,2252000.000000,10
609,9440828,0,16.231,little,82400000,1218751.540473,1197000.000000,1328000.000000,24
609,9440828,0,16.231,middle,41200000,1134285.736408,1024000.000000,1197000.000000,10
610,9440841,0,16.21,big,41281434,2144173.332060,2048000.000000,2188000.000000,8
610,9440841,0,16.21,little,82562868,1197000.000000,1197000.000000,1197000.000000,8
610,9440841,0,16.21,middle,41281434,1006525.918601,799000.000000,1197000.000000,6
611,9440854,0,16.163,big,41200000,2048000.000000,2048000.000000,2048000.000000,6
611,9440854,0,16.163,little,82400000,1197000.000000,1197000.000000,1197000.000000,12
611,9440854,0,16.163,middle,41200000,843423.063107,696000.000000,1024000.000000,8
612,9440867,0,16.119,big,41200000,2248690.584854,2188000.000000,2252000.000000,8
612,9440867,0,16.119,little,82400000,1197000.000000,1197000.000000,1197000.000000,12
612,9440867,0,16.119,middle,41200000,706097.323786,553000.000000,799000.000000,8
613,9440880,0,16.132,big,41201430,2242686.800919,2188000.000000,2252000.000000,6
613,9440880,0,16.132,little,82402860,1197000.000000,1197000.000000,1197000.000000,8
613,9440880,0,16.132,middle,41201430,1068714.456489,910000.000000,1197000.000000,6
614,9440893,0,16.094,big,41200000,2188000.000000,2188000.000000,2188000.000000,6
614,9440893,0,16.094,little,82400000,1204398.656942,1197000.000000,1803000.000000,20
614,9440893,0,16.094,middle,41200000,762896.025000,696000.000000,799000.000000,8
615,9440930,0,16.122,big,41200000,2073545.565534,2048000.000000,2188000.000000,8
615,9440930,0,16.122,little,82400000,1197000.000000,1197000.000000,1197000.000000,12
615,9440930,0,16.122,middle,41200000,1116213.716044,910000.000000,1197000.000000,10
616,9440967,0,16.106,big,41200000,2179117.428155,2048000.000000,2188000.000000,8
616,9440967,0,16.106,little,82400000,1197000.000000,1197000.000000,1197000.000000,8
616,9440967,0,16.106,middle,41200000,1059723.323325,910000.000000,1197000.000000,6
617,9441004,0,16.175,big,41200000,2242325.272233,2188000.000000,2252000.000000,8
617,9441004,0,16.175,little,82400000,1344075.242087,1197000.000000,1598000.000000,28
617,9441004,0,16.175,middle,41200000,1033767.315146,553000.000000,1197000.000000,12
618,9441041,0,16.08,big,41200000,2248980.096311,2188000.000000,2252000.000000,8
618,9441041,0,16.08,little,82400000,1248230.349648,1197000.000000,1328000.000000,28
618,9441041,0,16.08,middle,41200000,898759.877427,799000.000000,1024000.000000,8
619,9441078,0,16.261,big,41237674,2204351.393631,2048000.000000,2252000.000000,8
619,9441078,0,16.261,little,82475348,1357218.051508,1197000.000000,1598000.000000,28
619,9441078,0,16.261,middle,41237674,873217.510183,799000.000000,910000.000000,6
620,9441115,0,16.344,big,41227210,2245852.633055,2048000.000000,2252000.000000,8
620,9441115,0,16.344,little,82454420,1498893.414459,1197000.000000,1803000.000000,52
620,9441115,0,16.344,middle,41227210,817118.036559,696000.000000,910000.000000,8
621,9441152,0,16.174,big,41256158,2193272.434336,2048000.000000,2252000.000000,8
621,9441152,0,16.174,little,82512316,1455046.761674,1197000.000000,1803000.000000,36
621,9441152,0,16.174,middle,41256158,1460183.501430,1328000.000000,1491000.000000,8
622,9441189,0,16.066,big,41200000,2058623.084466,2048000.000000,2188000.000000,6
622,9441189,0,16.066,little,82400000,1455486.012973,1197000.000000,1704000.000000,28
622,9441189,0,16.066,middle,41200000,1068804.690485,910000.000000,1328000.000000,8
623,9441226,0,16.15,big,41200000,2239064.150680,2188000.000000,2252000.000000,8
623,9441226,0,16.15,little,82400000,1518086.829345,1328000.000000,1704000.000000,40
623,9441226,0,16.15,middle,41200000,1735389.665777,1491000.000000,1836000.000000,10
624,9441264,0,16.172,big,41210080,2233619.586664,2188000.000000,2252000.000000,10
624,9441264,0,16.172,little,82420160,1365187.468479,1197000.000000,1598000.000000,28
624,9441264,0,16.172,middle,41210080,2087740.218218,1197000.000000,2253000.000000,16
625,9441301,0,16.168,big,41216996,2252000.000000,2252000.000000,2252000.000000,4
625,9441301,0,16.168,little,82433992,1197000.000000,1197000.000000,1197000.000000,8
625,9441301,0,16.168,middle,41216996,1707690.695169,1491000.000000,1999000.000000,6
626,9441338,0,16.128,big,41229416,2188000.000000,2188000.000000,2188000.000000,6
626,9441338,0,16.128,little,82458832,1197000.000000,1197000.000000,1197000.000000,12
626,9441338,0,16.128,middle,41229416,1901047.367588,1491000.000000,1999000.000000,12
627,9441375,0,16.263,big,41214408,2213535.374522,2188000.000000,2252000.000000,8
627,9441375,0,16.263,little,82428816,1363222.695240,1197000.000000,1598000.000000,28
627,9441375,0,16.263,middle,41214408,2218402.503707,1836000.000000,2253000.000000,10
628,9441412,0,16.215,big,41201352,2233669.895493,2188000.000000,2252000.000000,6
628,9441412,0,16.215,little,82402704,1502303.731574,1197000.000000,1803000.000000,36
628,9441412,0,16.215,middle,41201352,2155196.029999,1999000.000000,2253000.000000,8
629,9441449,0,16.208,big,41206894,2252000.000000,2252000.000000,2252000.000000,6
629,9441449,0,16.208,little,82413788,1284739.213674,1197000.000000,1401000.000000,28
629,9441449,0,16.208,middle,41206894,1080125.311823,1024000.000000,1491000.000000,10
630,9441486,0,16.151,big,41213454,2227798.905522,1426000.000000,2252000.000000,10
630,9441486,0,16.151,little,82426908,1298346.103459,1197000.000000,1803000.000000,20
630,9441486,0,16.151,middle,41213454,1906282.829971,910000.000000,2253000.000000,12
631,9441523,0,16.217,big,41262438,2252000.000000,2252000.000000,2252000.000000,4
631,9441523,0,16.217,little,82524876,1257892.433913,1197000.000000,1401000.000000,16
631,9441523,0,16.217,middle,41262438,2138891.990895,1491000.000000,2253000.000000,10
632,9441560,0,16.19,big,41227304,2244283.128870,2188000.000000,2252000.000000,10
632,9441560,0,16.19,little,82454608,1445381.044004,1197000.000000,1803000.000000,40
632,9441560,0,16.19,middle,41227304,2184988.259092,2130000.000000,2253000.000000,10
633,9441597,0,16.29,big,41257040,2175032.286562,1582000.000000,2252000.000000,16
633,9441597,0,16.29,little,82514080,1478457.271777,1197000.000000,1803000.000000,60
633,9441597,0,16.29,middle,41257040,2216440.256887,1024000.000000,2253000.000000,10
634,9441634,0,16.315,big,41214698,2252000.000000,2252000.000000,2252000.000000,4
634,9441634,0,16.315,little,82429396,1525834.566506,1197000.000000,1803000.000000,44
634,9441634,0,16.315,middle,41214698,2232164.491245,1024000.000000,2253000.000000,10
635,9441672,0,16.138,big,41210038,2252000.000000,2252000.000000,2252000.000000,8
635,9441672,0,16.138,little,82420076,1210468.260973,1197000.000000,1328000.000000,20
635,9441672,0,16.138,middle,41210038,1165218.518459,910000.000000,2253000.000000,14
636,9441710,0,16.171,big,41242592,2252000.000000,2252000.000000,2252000.000000,6
636,9441710,0,16.171,little,82485184,1197000.000000,1197000.000000,1197000.000000,12
636,9441710,0,16.171,middle,41242592,1271455.603906,1197000.000000,1491000.000000,8
637,9441729,0,16.265,big,41223924,2248479.465662,2188000.000000,2252000.000000,10
637,9441729,0,16.265,little,82447848,1315412.331090,1197000.000000,1803000.000000,20
637,9441729,0,16.265,middle,41223924,1954350.606798,1491000.000000,2253000.000000,8
638,9441766,0,16.193,big,41204714,2249998.938083,2188000.000000,2252000.000000,10
638,9441766,0,16.193,little,82409428,1337154.863033,1197000.000000,1803000.000000,44
638,9441766,0,16.193,middle,41204714,1984533.640981,1663000.000000,2253000.000000,10
639,9441803,0,16.195,big,41244984,2252000.000000,2252000.000000,2252000.000000,6
639,9441803,0,16.195,little,82489968,1219167.808272,1197000.000000,1328000.000000,20
639,9441803,0,16.195,middle,41244984,1151259.923146,1024000.000000,1197000.000000,8
640,9441840,0,16.246,big,41273128,2222944.655031,1426000.000000,2252000.000000,10
640,9441840,0,16.246,little,82546256,1330649.065525,1197000.000000,1803000.000000,24
640,9441840,0,16.246,middle,41273128,1701697.617297,799000.000000,2253000.000000,12
641,9441896,0,16.3,big,41255456,2247876.564375,1745000.000000,2252000.000000,12
641,9441896,0,16.3,little,82510912,1335400.468340,1098000.000000,1803000.000000,36
641,9441896,0,16.3,middle,41255456,2110629.424263,799000.000000,2253000.000000,14
642,9441915,0,16.138,big,41236544,2247874.673275,1745000.000000,2252000.000000,10
642,9441915,0,16.138,little,82473088,1263860.741470,1098000.000000,1803000.000000,28
642,9441915,0,16.138,middle,41236544,1332986.802580,799000.000000,2253000.000000,10
643,9441952,0,16.213,big,41260762,2252000.000000,2252000.000000,2252000.000000,6
643,9441952,0,16.213,little,82521524,1436575.064113,1197000.000000,1704000.000000,32
643,9441952,0,16.213,middle,41260762,1191720.156792,1024000.000000,1328000.000000,8
644,9441989,0,16.321,big,41230072,2228302.149679,1277000.000000,2252000.000000,10
644,9441989,0,16.321,little,82460144,1366206.483292,1197000.000000,1803000.000000,28
644,9441989,0,16.321,middle,41230072,2132407.110810,1197000.000000,2253000.000000,8
645,9442026,0,16.17,big,41200000,2228078.740194,2188000.000000,2252000.000000,8
645,9442026,0,16.17,little,82400000,1470636.932063,1328000.000000,1598000.000000,36
645,9442026,0,16.17,middle,41200000,2235252.467330,2130000.000000,2253000.000000,10
646,9442063,0,16.234,big,41200000,2171058.518447,2048000.000000,2188000.000000,10
646,9442063,0,16.234,little,82400000,1447541.847488,1197000.000000,1704000.000000,40
646,9442063,0,16.234,middle,41200000,2232448.576408,1999000.000000,2253000.000000,10
647,9442100,0,16.119,big,41200000,2252000.000000,2252000.000000,2252000.000000,6
647,9442100,0,16.119,little,82400000,1299707.038119,1197000.000000,1328000.000000,16
647,9442100,0,16.119,middle,41200000,2226363.364806,2130000.000000,2253000.000000,8
648,9442137,0,16.081,big,41200000,2252000.000000,2252000.000000,2252000.000000,6
648,9442137,0,16.081,little,82400000,1346251.882925,1197000.000000,1803000.000000,28
648,9442137,0,16.081,middle,41200000,2030129.075243,1663000.000000,2253000.000000,8
649,9442174,0,16.191,big,41200000,2252000.000000,2252000.000000,2252000.000000,6
649,9442174,0,16.191,little,82400000,1328000.000000,1328000.000000,1328000.000000,12
649,9442174,0,16.191,middle,41200000,2253000.000000,2253000.000000,2253000.000000,6
650,9442211,0,16.257,big,41200000,2252000.000000,2252000.000000,2252000.000000,6
650,9442211,0,16.257,little,82400000,1308157.506311,1197000.000000,1328000.000000,20
650,9442211,0,16.257,middle,41200000,2161609.615777,1663000.000000,2253000.000000,10
651,9442248,0,16.12,big,41200000,2252000.000000,2252000.000000,2252000.000000,6
651,9442248,0,16.12,little,82400000,1455769.765194,1197000.000000,1803000.000000,32
651,9442248,0,16.12,middle,41200000,1750874.234830,1328000.000000,2253000.000000,8
652,9442285,0,16.102,big,41200000,2247162.377670,2048000.000000,2252000.000000,10
652,9442285,0,16.102,little,82400000,1320370.840413,1197000.000000,1803000.000000,24
652,9442285,0,16.102,middle,41200000,2003788.762864,1328000.000000,2253000.000000,10
653,9442322,0,16.183,big,41200000,2252000.000000,2252000.000000,2252000.000000,8
653,9442322,0,16.183,little,82400000,1286926.666966,1197000.000000,1401000.000000,32
653,9442322,0,16.183,middle,41200000,1172890.964515,910000.000000,1328000.000000,10
654,9442359,0,16.034,big,41200000,2232988.876117,2188000.000000,2252000.000000,8
654,9442359,0,16.034,little,82400000,1214746.169369,1197000.000000,1328000.000000,16
654,9442359,0,16.034,middle,41200000,1186983.971311,799000.000000,2253000.000000,10
655,9442372,0,16.091,big,41200000,2222805.982136,2188000.000000,2252000.000000,8
655,9442372,0,16.091,little,82400000,1197000.000000,1197000.000000,1197000.000000,12
655,9442372,0,16.091,middle,41200000,1351283.562767,1197000.000000,1663000.000000,8
656,9442385,0,16.016,big,41200000,2188000.000000,2188000.000000,2188000.000000,8
656,9442385,0,16.016,little,82400000,1197000.000000,1197000.000000,1197000.000000,16
656,9442385,0,16.016,middle,41200000,1560490.097573,1328000.000000,1663000.000000,10
657,9442398,0,16.01,big,41200000,2188000.000000,2188000.000000,2188000.000000,6
657,9442398,0,16.01,little,82400000,1197000.000000,1197000.000000,1197000.000000,12
657,9442398,0,16.01,middle,41200000,1540335.985874,1197000.000000,1999000.000000,8
658,9442423,0,16.095,big,41200000,2211189.298641,2188000.000000,2252000.000000,8
658,9442423,0,16.095,little,82400000,1197000.000000,1197000.000000,1197000.000000,12
658,9442423,0,16.095,middle,41200000,1551487.892670,1328000.000000,1999000.000000,14
659,9442460,0,16.099,big,41200000,2188000.000000,2188000.000000,2188000.000000,6
659,9442460,0,16.099,little,82400000,1197000.000000,1197000.000000,1197000.000000,12
659,9442460,0,16.099,middle,41200000,1491181.718350,1197000.000000,1999000.000000,12
660,9442497,0,16.302,big,41200000,2212226.168544,2188000.000000,2252000.000000,8
660,9442497,0,16.302,little,82400000,1262971.749442,1197000.000000,1328000.000000,16
660,9442497,0,16.302,middle,41200000,2126486.853883,1999000.000000,2253000.000000,8
661,9442534,0,16.187,big,41200000,2241295.505728,2048000.000000,2252000.000000,10
661,9442534,0,16.187,little,82400000,1296249.787961,1197000.000000,1598000.000000,24
661,9442534,0,16.187,middle,41200000,2222374.976359,2130000.000000,2253000.000000,10
662,9442571,0,16.201,big,41200000,2222484.244345,1745000.000000,2252000.000000,10
662,9442571,0,16.201,little,82400000,1397515.827670,1197000.000000,1803000.000000,36
662,9442571,0,16.201,middle,41200000,2223669.443883,2130000.000000,2253000.000000,10
663,9442608,0,16.167,big,41200000,2252000.000000,2252000.000000,2252000.000000,6
663,9442608,0,16.167,little,82400000,1197000.000000,1197000.000000,1197000.000000,12
663,9442608,0,16.167,middle,41200000,1142487.619175,799000.000000,2130000.000000,12
664,9442645,0,16.107,big,41201386,2252000.000000,2252000.000000,2252000.000000,6
664,9442645,0,16.107,little,82402772,1197000.000000,1197000.000000,1197000.000000,12
664,9442645,0,16.107,middle,41201386,1223525.282183,1024000.000000,1663000.000000,12
665,9442682,0,16.155,big,41200000,2227985.132621,1426000.000000,2252000.000000,10
665,9442682,0,16.155,little,82400000,1336273.369697,1197000.000000,1803000.000000,32
665,9442682,0,16.155,middle,41200000,2190849.627767,1999000.000000,2253000.000000,12
666,9442719,0,16.206,big,41200000,2218132.640291,1106000.000000,2252000.000000,10
666,9442719,0,16.206,little,82400000,1422019.783629,1197000.000000,1803000.000000,32
666,9442719,0,16.206,middle,41200000,2230204.671359,1999000.000000,2253000.000000,10
667,9442756,0,16.271,big,41208258,2188000.000000,2188000.000000,2188000.000000,6
667,9442756,0,16.271,little,82416516,1197000.000000,1197000.000000,1197000.000000,12
667,9442756,0,16.271,middle,41208258,1958722.820897,1836000.000000,2130000.000000,8
668,9442794,0,16.213,big,41317588,2214047.163063,2188000.000000,2252000.000000,8
668,9442794,0,16.213,little,82635176,1197000.000000,1197000.000000,1197000.000000,12
668,9442794,0,16.213,middle,41317588,1817180.499622,1491000.000000,2130000.000000,10
669,9442831,0,16.339,big,41266780,2248178.008558,2188000.000000,2252000.000000,10
669,9442831,0,16.339,little,82533560,1221950.728492,1197000.000000,1328000.000000,20
669,9442831,0,16.339,middle,41266780,1914780.033310,1836000.000000,2253000.000000,10
670,9442850,0,16.221,big,41233246,2239840.895184,2188000.000000,2252000.000000,10
670,9442850,0,16.221,little,82466492,1243075.144993,1197000.000000,1401000.000000,20
670,9442850,0,16.221,middle,41233246,2030956.193577,1663000.000000,2130000.000000,10
671,9442887,0,16.389,big,41269562,2241934.634732,2188000.000000,2252000.000000,4
671,9442887,0,16.389,little,82539124,1376440.730980,1328000.000000,1803000.000000,12
671,9442887,0,16.389,middle,41269562,2192668.049784,1663000.000000,2253000.000000,4
672,9442924,0,16.184,big,41228926,2232930.258140,2048000.000000,2252000.000000,10
672,9442924,0,16.184,little,82457852,1417912.674029,1197000.000000,1803000.000000,32
672,9442924,0,16.184,middle,41228926,2250807.031573,2130000.000000,2253000.000000,8
673,9442961,0,16.122,big,41231858,2252000.000000,2252000.000000,2252000.000000,6
673,9442961,0,16.122,little,82463716,1336074.029783,1197000.000000,1803000.000000,28
673,9442961,0,16.122,middle,41231858,2228110.599382,2130000.000000,2253000.000000,10
674,9442998,0,16.289,big,41225678,2252000.000000,2252000.000000,2252000.000000,2
674,9442998,0,16.289,little,82451356,1518447.924835,1328000.000000,1803000.000000,48
674,9442998,0,16.289,middle,41225678,2253000.000000,2253000.000000,2253000.000000,2
675,9443035,0,16.148,big,41235362,2252000.000000,2252000.000000,2252000.000000,6
675,9443035,0,16.148,little,82470724,1306449.834598,1197000.000000,1328000.000000,20
675,9443035,0,16.148,middle,41235362,2177770.444722,1663000.000000,2253000.000000,12
676,9443072,0,16.168,big,41235526,1917088.907899,1826000.000000,2048000.000000,8
676,9443072,0,16.168,little,82471052,1314919.538046,1098000.000000,1401000.000000,24
676,9443072,0,16.168,middle,41235526,2225251.862629,1999000.000000,2253000.000000,8
677,9443109,0,16.359,big,41400292,2048000.000000,2048000.000000,2048000.000000,6
677,9443109,0,16.359,little,82800584,1548966.043839,1328000.000000,1704000.000000,28
677,9443109,0,16.359,middle,41400292,2158605.175442,1328000.000000,2253000.000000,8
678,9443146,0,16.215,big,41218014,2160566.907760,2048000.000000,2188000.000000,8
678,9443146,0,16.215,little,82436028,1596919.106947,1328000.000000,1704000.000000,36
678,9443146,0,16.215,middle,41218014,1530079.877357,696000.000000,1999000.000000,10
679,9443183,0,16.155,big,41200000,2188000.000000,2188000.000000,2188000.000000,6
679,9443183,0,16.155,little,82400000,1298310.404114,1197000.000000,1803000.000000,28
679,9443183,0,16.155,middle,41200000,2122893.625243,1663000.000000,2253000.000000,10
680,9443220,0,16.097,big,41207996,2251548.104790,2188000.000000,2252000.000000,4
680,9443220,0,16.097,little,82415992,1356611.378299,1197000.000000,1803000.000000,20
680,9443220,0,16.097,middle,41207996,2250019.515217,2130000.000000,2253000.000000,6
681,9443257,0,16.192,big,41200000,2231615.362524,1426000.000000,2252000.000000,10
681,9443257,0,16.192,little,82400000,1346612.191687,1197000.000000,1803000.000000,24
681,9443257,0,16.192,middle,41200000,2116443.542403,1836000.000000,2253000.000000,8
682,9443294,0,16.134,big,41200000,2252000.000000,2252000.000000,2252000.000000,6
682,9443294,0,16.134,little,82400000,1258605.818386,1197000.000000,1704000.000000,28
682,9443294,0,16.134,middle,41200000,1795193.171650,1491000.000000,2253000.000000,10
683,9443331,0,16.167,big,41200000,2184359.729976,1277000.000000,2252000.000000,6
683,9443331,0,16.167,little,82400000,1424973.535340,1197000.000000,1803000.000000,28
683,9443331,0,16.167,middle,41200000,2248698.472063,2130000.000000,2253000.000000,6
684,9443368,0,16.162,big,41200000,2252000.000000,2252000.000000,2252000.000000,6
684,9443368,0,16.162,little,82400000,1437980.938107,1328000.000000,1803000.000000,28
684,9443368,0,16.162,middle,41200000,2209865.553568,799000.000000,2253000.000000,12
685,9443405,0,16.14,big,41200000,2252000.000000,2252000.000000,2252000.000000,6
685,9443405,0,16.14,little,82400000,1293229.504648,1197000.000000,1328000.000000,20
685,9443405,0,16.14,middle,41200000,2135468.050534,1663000.000000,2253000.000000,12
686,9443442,0,16.12,big,41200000,2223638.525825,2188000.000000,2252000.000000,4
686,9443442,0,16.12,little,82400000,1215180.812743,1197000.000000,1328000.000000,8
686,9443442,0,16.12,middle,41200000,1426044.165825,1024000.000000,2253000.000000,8
687,9443479,0,16.166,big,41226816,2246864.094671,2188000.000000,2252000.000000,10
687,9443479,0,16.166,little,82453632,1262997.546112,1197000.000000,1328000.000000,16
687,9443479,0,16.166,middle,41226816,1959262.565850,1663000.000000,2253000.000000,8
688,9443516,0,16.151,big,41200000,2248531.415728,2048000.000000,2252000.000000,8
688,9443516,0,16.151,little,82400000,1513140.929939,1328000.000000,1803000.000000,48
688,9443516,0,16.151,middle,41200000,2253000.000000,2253000.000000,2253000.000000,6
689,9443553,0,16.219,big,41272856,2252000.000000,2252000.000000,2252000.000000,2
689,9443553,0,16.219,little,82545712,1359903.526073,1328000.000000,1803000.000000,15
689,9443553,0,16.219,middle,41272856,2253000.000000,2253000.000000,2253000.000000,2
690,9443590,0,16.143,big,41232226,2252000.000000,2252000.000000,2252000.000000,6
690,9443590,0,16.143,little,82464452,1308658.258797,1197000.000000,1328000.000000,24
690,9443590,0,16.143,middle,41232226,2191071.324381,1663000.000000,2253000.000000,14
691,9443627,0,16.105,big,41232288,2252000.000000,2252000.000000,2252000.000000,6
691,9443627,0,16.105,little,82464576,1343782.620079,1197000.000000,1803000.000000,32
691,9443627,0,16.105,middle,41232288,2171605.753093,1491000.000000,2253000.000000,12
692,9443664,0,16.261,big,41243714,2252000.000000,2252000.000000,2252000.000000,2
692,9443664,0,16.261,little,82487428,1584295.616297,1328000.000000,1803000.000000,24
692,9443664,0,16.261,middle,41243714,1753466.114012,1024000.000000,2253000.000000,10
693,9443701,0,16.214,big,41217960,2231325.092217,1826000.000000,2252000.000000,11
693,9443701,0,16.214,little,82435920,1503496.432866,1328000.000000,1803000.000000,44
693,9443701,0,16.214,middle,41217960,2253000.000000,2253000.000000,2253000.000000,6
694,9443738,0,16.151,big,41200000,2252000.000000,2252000.000000,2252000.000000,6
694,9443738,0,16.151,little,82400000,1328000.000000,1328000.000000,1328000.000000,12
694,9443738,0,16.151,middle,41200000,2253000.000000,2253000.000000,2253000.000000,6
695,9443775,0,16.155,big,41200000,2240708.094515,1826000.000000,2252000.000000,6
695,9443775,0,16.155,little,82400000,1372394.520036,1197000.000000,1803000.000000,24
695,9443775,0,16.155,middle,41200000,2213214.167476,1999000.000000,2253000.000000,6
696,9443812,0,16.163,big,41202198,2252000.000000,2252000.000000,2252000.000000,6
696,9443812,0,16.163,little,82404396,1321870.049081,1197000.000000,1803000.000000,24
696,9443812,0,16.163,middle,41202198,2211516.958197,2130000.000000,2253000.000000,10
697,9443849,0,16.264,big,41200000,2252000.000000,2252000.000000,2252000.000000,8
697,9443849,0,16.264,little,82400000,1462167.415352,1328000.000000,1803000.000000,41
697,9443849,0,16.264,middle,41200000,2250067.163519,2130000.000000,2253000.000000,12
698,9443887,0,16.169,big,41217568,2252000.000000,2252000.000000,2252000.000000,6
698,9443887,0,16.169,little,82435136,1508114.776714,1197000.000000,1704000.000000,44
698,9443887,0,16.169,middle,41217568,1554815.105054,799000.000000,2253000.000000,12
699,9443925,0,16.197,big,41200156,2219399.775622,1582000.000000,2252000.000000,14
699,9443925,0,16.197,little,82400312,1286832.242844,1197000.000000,1803000.000000,24
699,9443925,0,16.197,middle,41200156,1620281.113402,1491000.000000,2253000.000000,10
700,9443944,0,16.301,big,41200000,2221482.036650,1582000.000000,2252000.000000,10
700,9443944,0,16.301,little,82400000,1340104.198325,1197000.000000,1803000.000000,32
700,9443944,0,16.301,middle,41200000,2056822.159782,1328000.000000,2253000.000000,14
701,9443981,0,16.098,big,41200000,2252000.000000,2252000.000000,2252000.000000,6
701,9443981,0,16.098,little,82400000,1424014.421153,1197000.000000,1803000.000000,32
701,9443981,0,16.098,middle,41200000,2201257.592184,1999000.000000,2253000.000000,10
702,9444018,0,16.194,big,41200000,2252000.000000,2252000.000000,2252000.000000,6
702,9444018,0,16.194,little,82400000,1385200.174357,1197000.000000,1803000.000000,36
702,9444018,0,16.194,middle,41200000,1967691.257184,1491000.000000,2253000.000000,8
703,9444055,0,16.16,big,41200000,2252000.000000,2252000.000000,2252000.000000,6
703,9444055,0,16.16,little,82400000,1235451.902184,1197000.000000,1328000.000000,28
703,9444055,0,16.16,middle,41200000,1404492.155752,1024000.000000,1491000.000000,10
704,9444092,0,16.176,big,41200000,2252000.000000,2252000.000000,2252000.000000,6
704,9444092,0,16.176,little,82400000,1197000.000000,1197000.000000,1197000.000000,12
704,9444092,0,16.176,middle,41200000,1210310.074563,1024000.000000,1328000.000000,8
705,9444129,0,16.239,big,41200000,2245391.106117,2048000.000000,2252000.000000,12
705,9444129,0,16.239,little,82400000,1423128.203883,1328000.000000,1803000.000000,28
705,9444129,0,16.239,middle,41200000,2253000.000000,2253000.000000,2253000.000000,6
706,9444166,0,16.123,big,41200000,2251096.158447,2188000.000000,2252000.000000,8
706,9444166,0,16.123,little,82400000,1374790.995012,1197000.000000,1803000.000000,24
706,9444166,0,16.123,middle,41200000,2195645.184757,1491000.000000,2253000.000000,10
707,9444203,0,16.107,big,41200000,2252000.000000,2252000.000000,2252000.000000,6
707,9444203,0,16.107,little,82400000,1348301.477160,1197000.000000,1803000.000000,24
707,9444203,0,16.107,middle,41200000,2119337.791262,1663000.000000,2253000.000000,10
708,9444240,0,16.205,big,41200000,2250686.241553,2188000.000000,2252000.000000,8
708,9444240,0,16.205,little,82400000,1419758.166250,1197000.000000,1803000.000000,32
708,9444240,0,16.205,middle,41200000,1837568.108617,1328000.000000,2253000.000000,8
709,9444277,0,16.116,big,41200000,2252000.000000,2252000.000000,2252000.000000,6
709,9444277,0,16.116,little,82400000,1493139.639393,1197000.000000,1803000.000000,44
709,9444277,0,16.116,middle,41200000,1826011.978617,696000.000000,2253000.000000,16
710,9444314,0,16.165,big,41200000,2252000.000000,2252000.000000,2252000.000000,6
710,9444314,0,16.165,little,82400000,1268431.376990,1197000.000000,1803000.000000,24
710,9444314,0,16.165,middle,41200000,1322262.052476,696000.000000,2253000.000000,10
711,9444351,0,16.301,big,41200000,2252000.000000,2252000.000000,2252000.000000,8
711,9444351,0,16.301,little,82400000,1285398.188228,1197000.000000,1803000.000000,32
711,9444351,0,16.301,middle,41200000,1705366.721359,1491000.000000,1836000.000000,10
712,9444388,0,16.112,big,41200000,2252000.000000,2252000.000000,2252000.000000,6
712,9444388,0,16.112,little,82400000,1396102.919466,1328000.000000,1803000.000000,28
712,9444388,0,16.112,middle,41200000,2253000.000000,2253000.000000,2253000.000000,6
713,9444425,0,16.16,big,41200000,2204355.686117,2048000.000000,2252000.000000,8
713,9444425,0,16.16,little,82400000,1383929.610231,1197000.000000,1803000.000000,44
713,9444425,0,16.16,middle,41200000,2160755.251553,1999000.000000,2253000.000000,8
714,9444462,0,16.103,big,41200000,2048000.000000,2048000.000000,2048000.000000,8
714,9444462,0,16.103,little,82400000,1223854.173301,1197000.000000,1328000.000000,24
714,9444462,0,16.103,middle,41200000,1732608.926117,1491000.000000,1836000.000000,12
715,9444499,0,16.139,big,41200000,2188000.000000,2188000.000000,2188000.000000,6
715,9444499,0,16.139,little,82400000,1367758.209587,1197000.000000,1598000.000000,16
715,9444499,0,16.139,middle,41200000,1784969.407087,1328000.000000,1999000.000000,10
716,9444536,0,16.215,big,41200000,2235786.934369,2188000.000000,2252000.000000,8
716,9444536,0,16.215,little,82400000,1441106.099272,1197000.000000,1598000.000000,40
716,9444536,0,16.215,middle,41200000,1542206.967136,1328000.000000,1663000.000000,10
717,9444573,0,16.116,big,41203674,2248316.948241,2188000.000000,2252000.000000,8
717,9444573,0,16.116,little,82407348,1585877.932888,1401000.000000,1598000.000000,28
717,9444573,0,16.116,middle,41203674,2165586.000074,1836000.000000,2253000.000000,10
718,9444610,0,16.173,big,41211754,2252000.000000,2252000.000000,2252000.000000,6
718,9444610,0,16.173,little,82423508,1323158.800812,1197000.000000,1328000.000000,28
718,9444610,0,16.173,middle,41211754,2132652.092046,1836000.000000,2253000.000000,8
719,9444647,0,16.245,big,41200000,2252000.000000,2252000.000000,2252000.000000,6
719,9444647,0,16.245,little,82400000,1565524.629733,1328000.000000,1803000.000000,32
719,9444647,0,16.245,middle,41200000,1984903.969296,1836000.000000,2253000.000000,8
720,9444684,0,16.157,big,41225732,2252000.000000,2252000.000000,2252000.000000,8
720,9444684,0,16.157,little,82451464,1217155.292585,1197000.000000,1328000.000000,24
720,9444684,0,16.157,middle,41225732,1474316.166733,910000.000000,1999000.000000,14
721,9444721,0,16.224,big,41234194,2247549.557729,2188000.000000,2252000.000000,10
721,9444721,0,16.224,little,82468388,1286489.777598,1197000.000000,1328000.000000,16
721,9444721,0,16.224,middle,41234194,2120245.932951,1836000.000000,2253000.000000,8
722,9444758,0,16.294,big,41244796,2252000.000000,2252000.000000,2252000.000000,6
722,9444758,0,16.294,little,82489592,1267618.932192,1197000.000000,1803000.000000,24
722,9444758,0,16.294,middle,41244796,821405.423293,400000.000000,2253000.000000,14
723,9444783,0,16.212,big,41264972,2252000.000000,2252000.000000,2252000.000000,8
723,9444783,0,16.212,little,82529944,1197000.000000,1197000.000000,1197000.000000,16
723,9444783,0,16.212,middle,41264972,1757335.789880,1328000.000000,1836000.000000,12
724,9444796,0,16.049,big,41265642,2188000.000000,2188000.000000,2188000.000000,6
724,9444796,0,16.049,little,82531284,1197000.000000,1197000.000000,1197000.000000,12
724,9444796,0,16.049,middle,41265642,1196040.908366,799000.000000,1328000.000000,10
725,9444821,0,16.277,big,41268962,2252000.000000,2252000.000000,2252000.000000,6
725,9444821,0,16.277,little,82537924,1458476.128610,1197000.000000,1803000.000000,20
725,9444821,0,16.277,middle,41268962,1684461.342304,1328000.000000,1999000.000000,12
726,9444858,0,16.197,big,41257092,2249674.641344,2188000.000000,2252000.000000,10
726,9444858,0,16.197,little,82514184,1197000.000000,1197000.000000,1197000.000000,16
726,9444858,0,16.197,middle,41257092,1378023.809337,1024000.000000,1491000.000000,10
727,9444883,0,16.281,big,41287978,2250164.190458,2188000.000000,2252000.000000,8
727,9444883,0,16.281,little,82575956,1263091.444233,1197000.000000,1401000.000000,20
727,9444883,0,16.281,middle,41287978,1025749.277477,910000.000000,1328000.000000,12
728,9444920,0,16.142,big,41230258,2250353.504361,2188000.000000,2252000.000000,10
728,9444920,0,16.142,little,82460516,1197000.000000,1197000.000000,1197000.000000,12
728,9444920,0,16.142,middle,41230258,1260816.625450,1197000.000000,1491000.000000,8
729,9444957,0,16.349,big,41264172,2248194.047660,2188000.000000,2252000.000000,10
729,9444957,0,16.349,little,82528344,1328547.072494,1197000.000000,1803000.000000,28
729,9444957,0,16.349,middle,41264172,1635311.173989,1328000.000000,1999000.000000,10
730,9444982,0,16.145,big,41253586,2249816.350026,2188000.000000,2252000.000000,10
730,9444982,0,16.145,little,82507172,1371257.235868,1328000.000000,1803000.000000,20
730,9444982,0,16.145,middle,41253586,2253000.000000,2253000.000000,2253000.000000,6
731,9445037,0,16.167,big,41200000,2252000.000000,2252000.000000,2252000.000000,6
731,9445037,0,16.167,little,82400000,1519979.085692,1197000.000000,1704000.000000,28
731,9445037,0,16.167,middle,41200000,2179011.030801,2130000.000000,2253000.000000,8
732,9445074,0,16.257,big,41200000,2252000.000000,2252000.000000,2252000.000000,6
732,9445074,0,16.257,little,82400000,1676071.300862,1328000.000000,1803000.000000,32
732,9445074,0,16.257,middle,41200000,2116930.857646,1663000.000000,2130000.000000,10
733,9445111,0,16.245,big,41200000,2252000.000000,2252000.000000,2252000.000000,4
733,9445111,0,16.245,little,82400000,1643209.107621,1401000.000000,1803000.000000,28
733,9445111,0,16.245,middle,41200000,1947248.474563,1836000.000000,2253000.000000,6
734,9445148,0,16.303,big,41200000,2252000.000000,2252000.000000,2252000.000000,6
734,9445148,0,16.303,little,82400000,1327577.984041,1197000.000000,1803000.000000,36
734,9445148,0,16.303,middle,41200000,1530902.384976,1197000.000000,2253000.000000,12
735,9445173,0,16.238,big,41208344,2252000.000000,2252000.000000,2252000.000000,6
735,9445173,0,16.238,little,82416688,1313013.867968,1197000.000000,1803000.000000,32
735,9445173,0,16.238,middle,41208344,1638200.237797,910000.000000,2253000.000000,12
736,9445210,0,16.19,big,41200000,2245619.078058,2048000.000000,2252000.000000,10
736,9445210,0,16.19,little,82400000,1270746.630655,1197000.000000,1803000.000000,24
736,9445210,0,16.19,middle,41200000,1448653.116893,1024000.000000,2253000.000000,12
737,9445248,0,16.34,big,41261582,2237262.849495,2188000.000000,2252000.000000,8
737,9445248,0,16.34,little,82523164,1215743.690644,1197000.000000,1328000.000000,16
737,9445248,0,16.34,middle,41261582,1411511.332333,1197000.000000,2253000.000000,12
738,9445286,0,16.093,big,41200000,2188000.000000,2188000.000000,2188000.000000,6
738,9445286,0,16.093,little,82400000,1306751.012318,1197000.000000,1598000.000000,24
738,9445286,0,16.093,middle,41200000,1386153.616966,1197000.000000,1663000.000000,12
739,9445324,0,16.173,big,41200000,2252000.000000,2252000.000000,2252000.000000,2
739,9445324,0,16.173,little,82400000,1337249.262233,1197000.000000,1598000.000000,32
739,9445324,0,16.173,middle,41200000,1352942.502451,910000.000000,1663000.000000,8
740,9445343,0,16.206,big,41200000,2252000.000000,2252000.000000,2252000.000000,8
740,9445343,0,16.206,little,82400000,1665374.292015,1197000.000000,1803000.000000,40
740,9445343,0,16.206,middle,41200000,985460.225413,799000.000000,1024000.000000,12
741,9445380,0,16.275,big,41200000,2248603.774757,2188000.000000,2252000.000000,10
741,9445380,0,16.275,little,82400000,1401406.458665,1197000.000000,1803000.000000,40
741,9445380,0,16.275,middle,41200000,1793997.838252,1024000.000000,2253000.000000,12
742,9445417,0,16.089,big,41200000,2247004.613592,2188000.000000,2252000.000000,10
742,9445417,0,16.089,little,82400000,1219492.234187,1197000.000000,1328000.000000,20
742,9445417,0,16.089,middle,41200000,1448796.890437,1197000.000000,1663000.000000,8
743,9445454,0,16.144,big,41200000,2212102.323277,1277000.000000,2252000.000000,14
743,9445454,0,16.144,little,82400000,1310789.396468,1197000.000000,1328000.000000,20
743,9445454,0,16.144,middle,41200000,2064614.587937,1328000.000000,2253000.000000,12
744,9445491,0,16.191,big,41200000,2251831.330485,2188000.000000,2252000.000000,8
744,9445491,0,16.191,little,82400000,1218962.816129,1197000.000000,1328000.000000,20
744,9445491,0,16.191,middle,41200000,1001873.258131,696000.000000,1197000.000000,10
745,9445504,0,16.215,big,41222784,2214260.516126,2188000.000000,2252000.000000,8
745,9445504,0,16.215,little,82445568,1215537.650805,1197000.000000,1803000.000000,16
745,9445504,0,16.215,middle,41222784,723297.701994,553000.000000,799000.000000,10
746,9445517,0,16.193,big,41200000,2188000.000000,2188000.000000,2188000.000000,8
746,9445517,0,16.193,little,82400000,1209264.720789,1197000.000000,1328000.000000,20
746,9445517,0,16.193,middle,41200000,1166168.994175,1024000.000000,1328000.000000,10
747,9445530,0,16.215,big,41200000,2245714.093981,2188000.000000,2252000.000000,8
747,9445530,0,16.215,little,82400000,1286863.517500,1197000.000000,1598000.000000,24
747,9445530,0,16.215,middle,41200000,1180125.995947,1024000.000000,1328000.000000,10
748,9445555,0,16.148,big,41207112,2252000.000000,2252000.000000,2252000.000000,4
748,9445555,0,16.148,little,82414224,1287939.307249,1197000.000000,1803000.000000,24
748,9445555,0,16.148,middle,41207112,1645255.253244,910000.000000,2253000.000000,14
749,9445592,0,16.304,big,41211472,2188000.000000,2188000.000000,2188000.000000,8
749,9445592,0,16.304,little,82422944,1197000.000000,1197000.000000,1197000.000000,16
749,9445592,0,16.304,middle,41211472,1592772.565853,1197000.000000,1663000.000000,12
750,9445629,0,16.152,big,41219180,2247520.415496,2188000.000000,2252000.000000,8
750,9445629,0,16.152,little,82438360,1298974.316374,1197000.000000,1328000.000000,20
750,9445629,0,16.152,middle,41219180,2153460.812030,1663000.000000,2253000.000000,10
751,9445666,0,16.118,big,41209666,2230451.612347,1426000.000000,2252000.000000,10
751,9445666,0,16.118,little,82419332,1283127.689120,1197000.000000,1328000.000000,12
751,9445666,0,16.118,middle,41209666,2109161.853459,1836000.000000,2253000.000000,6
752,9445703,0,16.223,big,41278482,2246719.303486,2188000.000000,2252000.000000,10
752,9445703,0,16.223,little,82556964,1311158.310412,1197000.000000,1328000.000000,28
752,9445703,0,16.223,middle,41278482,2178270.547279,1663000.000000,2253000.000000,14
753,9445740,0,16.2,big,41236188,2238073.534804,1745000.000000,2252000.000000,10
753,9445740,0,16.2,little,82472376,1483837.408346,1197000.000000,1803000.000000,48
753,9445740,0,16.2,middle,41236188,2197891.453109,1999000.000000,2253000.000000,10
754,9445777,0,16.16,big,41223574,2252000.000000,2252000.000000,2252000.000000,4
754,9445777,0,16.16,little,82447148,1227979.589482,1197000.000000,1803000.000000,16
754,9445777,0,16.16,middle,41223574,1566078.170442,910000.000000,2253000.000000,8
755,9445814,0,16.136,big,41253054,2252000.000000,2252000.000000,2252000.000000,8
755,9445814,0,16.136,little,82506108,1389755.452154,1197000.000000,1803000.000000,28
755,9445814,0,16.136,middle,41253054,2246280.174748,1999000.000000,2253000.000000,12
756,9445851,0,16.167,big,41266386,2252000.000000,2252000.000000,2252000.000000,6
756,9445851,0,16.167,little,82532772,1314504.283947,1197000.000000,1598000.000000,28
756,9445851,0,16.167,middle,41266386,1050853.609279,696000.000000,2253000.000000,10
757,9445888,0,16.088,big,41263194,2252000.000000,2252000.000000,2252000.000000,4
757,9445888,0,16.088,little,82526388,1215848.996372,1197000.000000,1328000.000000,16
757,9445888,0,16.088,middle,41263194,1798317.971168,1663000.000000,1999000.000000,6
758,9445913,0,16.179,big,41298478,2252000.000000,2252000.000000,2252000.000000,8
758,9445913,0,16.179,little,82596956,1497997.116129,1197000.000000,1704000.000000,36
758,9445913,0,16.179,middle,41298478,2203625.662089,1999000.000000,2253000.000000,14
759,9445950,0,16.151,big,41257962,2222104.393184,1582000.000000,2252000.000000,10
759,9445950,0,16.151,little,82515924,1377527.875153,1197000.000000,1803000.000000,32
759,9445950,0,16.151,middle,41257962,2095423.765139,1663000.000000,2253000.000000,8
760,9445987,0,16.153,big,41243796,2235059.973214,1745000.000000,2252000.000000,10
760,9445987,0,16.153,little,82487592,1384042.674394,1197000.000000,1803000.000000,28
760,9445987,0,16.153,middle,41243796,2239563.199469,1836000.000000,2253000.000000,8
761,9446024,0,16.168,big,41221016,2232358.059394,1745000.000000,2252000.000000,10
761,9446024,0,16.168,little,82442032,1412443.106339,1197000.000000,1803000.000000,32
761,9446024,0,16.168,middle,41221016,1994803.570538,1663000.000000,2253000.000000,10
762,9446061,0,16.179,big,41244034,2249541.816399,2188000.000000,2252000.000000,10
762,9446061,0,16.179,little,82488068,1250622.814623,1197000.000000,1328000.000000,24
762,9446061,0,16.179,middle,41244034,1525481.246863,1197000.000000,1663000.000000,8
763,9446098,0,16.197,big,41230670,2248773.614205,2188000.000000,2252000.000000,6
763,9446098,0,16.197,little,82461340,1322923.983408,1197000.000000,1328000.000000,12
763,9446098,0,16.197,middle,41230670,2248163.806894,2130000.000000,2253000.000000,6
764,9446135,0,16.198,big,41253350,2080139.465522,2048000.000000,2188000.000000,10
764,9446135,0,16.198,little,82506700,1236036.881271,1197000.000000,1328000.000000,20
764,9446135,0,16.198,middle,41253350,2074422.515262,1999000.000000,2253000.000000,10
765,9446172,0,16.099,big,41252272,2116352.017557,2048000.000000,2188000.000000,8
765,9446172,0,16.099,little,82504544,1208654.979052,1197000.000000,1328000.000000,16
765,9446172,0,16.099,middle,41252272,2137279.277709,1999000.000000,2253000.000000,10
766,9446209,0,16.168,big,41238808,2188000.000000,2188000.000000,2188000.000000,4
766,9446209,0,16.168,little,82477616,1217094.209888,1197000.000000,1328000.000000,12
766,9446209,0,16.168,middle,41238808,1920869.346563,1328000.000000,2253000.000000,8
767,9446246,0,16.229,big,41335594,2221697.160854,2188000.000000,2252000.000000,8
767,9446246,0,16.229,little,82671188,1197000.000000,1197000.000000,1197000.000000,12
767,9446246,0,16.229,middle,41335594,1066638.755282,696000.000000,1836000.000000,12
768,9446283,0,16.212,big,41211024,2252000.000000,2252000.000000,2252000.000000,6
768,9446283,0,16.212,little,82422048,1324124.130949,1197000.000000,1803000.000000,24
768,9446283,0,16.212,middle,41211024,1951049.401053,1328000.000000,2253000.000000,10
769,9446321,0,16.161,big,41200000,2232935.540291,1582000.000000,2252000.000000,8
769,9446321,0,16.161,little,82400000,1392963.374891,1197000.000000,1803000.000000,36
769,9446321,0,16.161,middle,41200000,1856585.665049,553000.000000,2253000.000000,8
770,9446359,0,16.127,big,41200000,2236520.576262,1745000.000000,2252000.000000,10
770,9446359,0,16.127,little,82400000,1370189.628289,1197000.000000,1803000.000000,32
770,9446359,0,16.127,middle,41200000,2197316.670000,2130000.000000,2253000.000000,10
771,9446397,0,16.126,big,41200000,2186569.462816,1426000.000000,2252000.000000,10
771,9446397,0,16.126,little,82400000,1291254.935607,1197000.000000,1803000.000000,28
771,9446397,0,16.126,middle,41200000,1830627.635413,799000.000000,2253000.000000,14
772,9446416,0,15.989,big,41200000,2239779.964272,2188000.000000,2252000.000000,8
772,9446416,0,15.989,little,82400000,1293435.647063,1197000.000000,1803000.000000,20
772,9446416,0,15.989,middle,41200000,1953142.552913,1663000.000000,2253000.000000,8
773,9446453,0,16.164,big,41200000,2188000.000000,2188000.000000,2188000.000000,4
773,9446453,0,16.164,little,82400000,1222820.502221,1197000.000000,1328000.000000,16
773,9446453,0,16.164,middle,41200000,1413398.204903,1197000.000000,1491000.000000,8
774,9446490,0,16.187,big,41200000,2188000.000000,2188000.000000,2188000.000000,6
774,9446490,0,16.187,little,82400000,1494626.399575,1197000.000000,1803000.000000,48
774,9446490,0,16.187,middle,41200000,1428895.797306,1024000.000000,1491000.000000,10
775,9446527,0,16.193,big,41200000,2188000.000000,2188000.000000,2188000.000000,6
775,9446527,0,16.193,little,82400000,1564887.054005,1328000.000000,1803000.000000,44
775,9446527,0,16.193,middle,41200000,2253000.000000,2253000.000000,2253000.000000,6
776,9446564,0,16.128,big,41200000,2188000.000000,2188000.000000,2188000.000000,8
776,9446564,0,16.128,little,82400000,1424992.562646,1328000.000000,1803000.000000,32
776,9446564,0,16.128,middle,41200000,2253000.000000,2253000.000000,2253000.000000,8
777,9446601,0,16.142,big,41200000,2170566.306650,1582000.000000,2188000.000000,10
777,9446601,0,16.142,little,82400000,1507171.018180,1197000.000000,1803000.000000,40
777,9446601,0,16.142,middle,41200000,2203869.362063,1663000.000000,2253000.000000,12
778,9446638,0,16.214,big,41200000,2153748.011845,984000.000000,2188000.000000,10
778,9446638,0,16.214,little,82400000,1685162.511529,1328000.000000,1803000.000000,36
778,9446638,0,16.214,middle,41200000,2110692.342233,1328000.000000,2253000.000000,10
779,9446675,0,16.102,big,41200000,2188000.000000,2188000.000000,2188000.000000,6
779,9446675,0,16.102,little,82400000,1324366.789102,1197000.000000,1598000.000000,20
779,9446675,0,16.102,middle,41200000,2150923.112039,2130000.000000,2253000.000000,8
780,9446712,0,16.203,big,41200000,2188000.000000,2188000.000000,2188000.000000,6
780,9446712,0,16.203,little,82400000,1268214.679454,1197000.000000,1328000.000000,32
780,9446712,0,16.203,middle,41200000,1741459.725801,1491000.000000,2130000.000000,8
781,9446749,0,16.145,big,41200000,2164717.884466,2048000.000000,2188000.000000,8
781,9446749,0,16.145,little,82400000,1258804.768216,1197000.000000,1328000.000000,16
781,9446749,0,16.145,middle,41200000,2118227.008155,1999000.000000,2253000.000000,8
782,9446786,0,16.138,big,41200000,2188000.000000,2188000.000000,2188000.000000,6
782,9446786,0,16.138,little,82400000,1197000.000000,1197000.000000,1197000.000000,12
782,9446786,0,16.138,middle,41200000,1805073.320752,1491000.000000,1836000.000000,12
783,9446823,0,16.189,big,41200000,2163778.553835,1426000.000000,2188000.000000,10
783,9446823,0,16.189,little,82400000,1342921.116541,1197000.000000,1803000.000000,28
783,9446823,0,16.189,middle,41200000,2076295.333519,1328000.000000,2253000.000000,12
784,9446860,0,16.232,big,41200000,2188000.000000,2188000.000000,2188000.000000,6
784,9446860,0,16.232,little,82400000,1292068.143932,1197000.000000,1803000.000000,20
784,9446860,0,16.232,middle,41200000,1922532.336165,1663000.000000,2253000.000000,8
785,9446897,0,16.32,big,41245830,2188000.000000,2188000.000000,2188000.000000,6
785,9446897,0,16.32,little,82491660,1313392.982939,1197000.000000,1401000.000000,24
785,9446897,0,16.32,middle,41245830,1620368.192736,1328000.000000,2253000.000000,8
786,9446934,0,16.155,big,41260752,2188000.000000,2188000.000000,2188000.000000,6
786,9446934,0,16.155,little,82521504,1316393.859181,1197000.000000,1328000.000000,16
786,9446934,0,16.155,middle,41260752,2241668.502116,2130000.000000,2253000.000000,8
787,9446971,0,16.365,big,41252178,2188000.000000,2188000.000000,2188000.000000,6
787,9446971,0,16.365,little,82504356,1235497.401713,1197000.000000,1401000.000000,24
787,9446971,0,16.365,middle,41252178,1794844.907874,1328000.000000,2130000.000000,10
788,9447008,0,16.142,big,41244606,2188000.000000,2188000.000000,2188000.000000,6
788,9447008,0,16.142,little,82489212,1421407.197998,1197000.000000,1803000.000000,36
788,9447008,0,16.142,middle,41244606,2110275.208302,1999000.000000,2253000.000000,8
789,9447045,0,16.252,big,41288580,2157785.248609,2048000.000000,2188000.000000,8
789,9447045,0,16.252,little,82577160,1324182.417983,1197000.000000,1328000.000000,16
789,9447045,0,16.252,middle,41288580,2249085.417929,2130000.000000,2253000.000000,8
790,9447082,0,16.129,big,41205748,2048000.000000,2048000.000000,2048000.000000,6
790,9447082,0,16.129,little,82411496,1365573.215659,1197000.000000,1803000.000000,20
790,9447082,0,16.129,middle,41205748,2127613.043452,1999000.000000,2253000.000000,12
791,9447119,0,16.228,big,41234334,2188000.000000,2188000.000000,2188000.000000,6
791,9447119,0,16.228,little,82468668,1326396.441155,1197000.000000,1598000.000000,32
791,9447119,0,16.228,middle,41234334,1555805.271694,1328000.000000,1663000.000000,8
792,9447156,0,16.15,big,41233402,2188000.000000,2188000.000000,2188000.000000,6
792,9447156,0,16.15,little,82466804,1197000.000000,1197000.000000,1197000.000000,12
792,9447156,0,16.15,middle,41233402,1276597.593815,1197000.000000,1491000.000000,8
793,9447193,0,16.145,big,41200000,2188000.000000,2188000.000000,2188000.000000,6
793,9447193,0,16.145,little,82400000,1286613.233592,1197000.000000,1328000.000000,20
793,9447193,0,16.145,middle,41200000,2182755.950898,2130000.000000,2253000.000000,8
794,9447230,0,16.195,big,41220582,2164358.027332,1277000.000000,2188000.000000,12
794,9447230,0,16.195,little,82441164,1384967.748963,1197000.000000,1803000.000000,24
794,9447230,0,16.195,middle,41220582,2233011.763541,1663000.000000,2253000.000000,10
795,9447267,0,16.134,big,41214990,2188000.000000,2188000.000000,2188000.000000,6
795,9447267,0,16.134,little,82429980,1316398.807776,1197000.000000,1803000.000000,28
795,9447267,0,16.134,middle,41214990,2091959.061497,1999000.000000,2253000.000000,8
796,9447304,0,16.124,big,41200000,2117510.754369,2048000.000000,2188000.000000,8
796,9447304,0,16.124,little,82400000,1266051.975971,1197000.000000,1328000.000000,16
796,9447304,0,16.124,middle,41200000,2194621.444442,2130000.000000,2253000.000000,8
797,9447341,0,16.158,big,41330028,2140139.374307,2048000.000000,2188000.000000,10
797,9447341,0,16.158,little,82660056,1319787.085929,1197000.000000,1803000.000000,24
797,9447341,0,16.158,middle,41330028,1972786.277909,1663000.000000,2253000.000000,8
798,9447378,0,16.152,big,41200000,2116994.094879,1106000.000000,2188000.000000,14
798,9447378,0,16.152,little,82400000,1301661.070886,1197000.000000,1401000.000000,24
798,9447378,0,16.152,middle,41200000,2093527.195874,1663000.000000,2253000.000000,10
799,9447415,0,16.09,big,41200000,2188000.000000,2188000.000000,2188000.000000,6
799,9447415,0,16.09,little,82400000,1356220.286129,1197000.000000,1803000.000000,32
799,9447415,0,16.09,middle,41200000,2012836.479976,1328000.000000,2253000.000000,8
800,9447452,0,16.072,big,41236794,2188000.000000,2188000.000000,2188000.000000,6
800,9447452,0,16.072,little,82473588,1212236.890567,1197000.000000,1803000.000000,20
800,9447452,0,16.072,middle,41236794,1810044.091570,1491000.000000,2253000.000000,14
801,9447489,0,16.119,big,41200000,2161560.463350,1106000.000000,2188000.000000,10
801,9447489,0,16.119,little,82400000,1351064.508774,1098000.000000,1803000.000000,32
801,9447489,0,16.119,middle,41200000,2077695.849029,1663000.000000,2253000.000000,10
802,9447526,0,16.12,big,41200000,2188000.000000,2188000.000000,2188000.000000,6
802,9447526,0,16.12,little,82400000,1505027.324600,1197000.000000,1704000.000000,32
802,9447526,0,16.12,middle,41200000,1468739.117694,1328000.000000,1491000.000000,10
803,9447563,0,16.133,big,41200000,2188000.000000,2188000.000000,2188000.000000,8
803,9447563,0,16.133,little,82400000,1197000.000000,1197000.000000,1197000.000000,16
803,9447563,0,16.133,middle,41200000,1243105.036650,1197000.000000,1328000.000000,12
804,9447600,0,16.134,big,41229888,2188000.000000,2188000.000000,2188000.000000,6
804,9447600,0,16.134,little,82459776,1197000.000000,1197000.000000,1197000.000000,12
804,9447600,0,16.134,middle,41229888,1030998.755345,910000.000000,1197000.000000,10
805,9447637,0,16.231,big,41200000,2160907.777670,2048000.000000,2188000.000000,8
805,9447637,0,16.231,little,82400000,1360044.995340,1197000.000000,1803000.000000,32
805,9447637,0,16.231,middle,41200000,2233587.030607,1999000.000000,2253000.000000,10
806,9447675,0,16.168,big,41200000,2157313.396602,2048000.000000,2188000.000000,8
806,9447675,0,16.168,little,82400000,1234525.423762,1197000.000000,1328000.000000,16
806,9447675,0,16.168,middle,41200000,1784062.440898,1024000.000000,2253000.000000,10
807,9447713,0,16.201,big,41200000,2121208.283495,2048000.000000,2188000.000000,8
807,9447713,0,16.201,little,82400000,1290354.930631,1197000.000000,1328000.000000,20
807,9447713,0,16.201,middle,41200000,2183041.629272,1999000.000000,2253000.000000,12
808,9447751,0,16.136,big,41255910,2048000.000000,2048000.000000,2048000.000000,6
808,9447751,0,16.136,little,82511820,1263726.871847,1197000.000000,1328000.000000,28
808,9447751,0,16.136,middle,41255910,2070814.104864,1836000.000000,2253000.000000,12
809,9447770,0,16.229,big,41223154,2156921.797202,2048000.000000,2188000.000000,6
809,9447770,0,16.229,little,82446308,1402306.757993,1197000.000000,1803000.000000,28
809,9447770,0,16.229,middle,41223154,2229198.779332,1836000.000000,2253000.000000,8
810,9447807,0,16.266,big,41225508,2149925.523489,1426000.000000,2188000.000000,12
810,9447807,0,16.266,little,82451016,1417393.189830,1328000.000000,1803000.000000,28
810,9447807,0,16.266,middle,41225508,2253000.000000,2253000.000000,2253000.000000,6
811,9447844,0,16.195,big,41230414,2167014.203932,2048000.000000,2188000.000000,10
811,9447844,0,16.195,little,82460828,1326191.877566,1197000.000000,1803000.000000,24
811,9447844,0,16.195,middle,41230414,2232403.439898,1663000.000000,2253000.000000,10
812,9447881,0,16.203,big,41208882,2188000.000000,2188000.000000,2188000.000000,4
812,9447881,0,16.203,little,82417764,1272363.488374,1197000.000000,1328000.000000,12
812,9447881,0,16.203,middle,41208882,1986230.196611,696000.000000,2253000.000000,8
813,9447937,0,16.139,big,41227522,2177000.989194,2048000.000000,2188000.000000,10
813,9447937,0,16.139,little,82455044,1324755.844797,1197000.000000,1803000.000000,24
813,9447937,0,16.139,middle,41227522,2139037.862523,1836000.000000,2253000.000000,10
814,9447956,0,16.243,big,41200000,2188000.000000,2188000.000000,2188000.000000,6
814,9447956,0,16.243,little,82400000,1335477.774308,1197000.000000,1803000.000000,32
814,9447956,0,16.243,middle,41200000,1920216.051626,1328000.000000,2253000.000000,10
815,9447993,0,16.221,big,41233498,2155180.402352,1277000.000000,2188000.000000,8
815,9447993,0,16.221,little,82466996,1388898.342884,1197000.000000,1803000.000000,28
815,9447993,0,16.221,middle,41233498,2227568.421699,2130000.000000,2253000.000000,6
816,9448030,0,16.056,big,41209032,2178776.548694,2048000.000000,2188000.000000,10
816,9448030,0,16.056,little,82418064,1337661.799772,1197000.000000,1803000.000000,24
816,9448030,0,16.056,middle,41209032,2177208.262329,1999000.000000,2253000.000000,10
817,9448067,0,16.151,big,41228126,2188000.000000,2188000.000000,2188000.000000,6
817,9448067,0,16.151,little,82456252,1292300.702632,1197000.000000,1328000.000000,20
817,9448067,0,16.151,middle,41228126,2137916.797310,1836000.000000,2253000.000000,10
818,9448104,0,16.219,big,41253292,2188000.000000,2188000.000000,2188000.000000,6
818,9448104,0,16.219,little,82506584,1403885.184569,1197000.000000,1803000.000000,52
818,9448104,0,16.219,middle,41253292,2168974.950702,910000.000000,2253000.000000,14
819,9448141,0,16.246,big,41232058,2188000.000000,2188000.000000,2188000.000000,6
819,9448141,0,16.246,little,82464116,1545294.658891,1197000.000000,1803000.000000,52
819,9448141,0,16.246,middle,41232058,2120336.013643,1663000.000000,2253000.000000,8
820,9448178,0,16.187,big,41222452,2188000.000000,2188000.000000,2188000.000000,6
820,9448178,0,16.187,little,82444904,1411466.564835,1328000.000000,1803000.000000,24
820,9448178,0,16.187,middle,41222452,2253000.000000,2253000.000000,2253000.000000,6
821,9448215,0,16.185,big,41227566,2148538.275410,1745000.000000,2188000.000000,8
821,9448215,0,16.185,little,82455132,1346251.483910,1197000.000000,1803000.000000,28
821,9448215,0,16.185,middle,41227566,1980924.477521,1663000.000000,2253000.000000,6
822,9448252,0,16.078,big,41219034,2188000.000000,2188000.000000,2188000.000000,6
822,9448252,0,16.078,little,82438068,1257717.991984,1197000.000000,1401000.000000,28
822,9448252,0,16.078,middle,41219034,1590343.353437,1024000.000000,2253000.000000,12
823,9448289,0,16.186,big,41204280,2184491.278091,2048000.000000,2188000.000000,10
823,9448289,0,16.186,little,82408560,1329231.993764,1197000.000000,1803000.000000,24
823,9448289,0,16.186,middle,41204280,2225886.433691,2130000.000000,2253000.000000,10
824,9448326,0,16.271,big,41237758,2135756.674842,1745000.000000,2188000.000000,8
824,9448326,0,16.271,little,82475516,1377266.639702,1197000.000000,1803000.000000,24
824,9448326,0,16.271,middle,41237758,2072936.595292,1491000.000000,2253000.000000,8
825,9448363,0,16.212,big,41246648,2140662.528698,851000.000000,2188000.000000,10
825,9448363,0,16.212,little,82493296,1323457.671336,1197000.000000,1803000.000000,24
825,9448363,0,16.212,middle,41246648,1854148.824312,1197000.000000,2253000.000000,10
826,9448376,0,16.191,big,41232584,2188000.000000,2188000.000000,2188000.000000,6
826,9448376,0,16.191,little,82465168,1210972.453934,1197000.000000,1328000.000000,16
826,9448376,0,16.191,middle,41232584,1780047.186807,1328000.000000,2253000.000000,10
827,9448413,0,16.158,big,41241028,2188000.000000,2188000.000000,2188000.000000,4
827,9448413,0,16.158,little,82482056,1243346.280165,1197000.000000,1803000.000000,16
827,9448413,0,16.158,middle,41241028,1813776.491823,1328000.000000,1999000.000000,8
828,9448426,0,16.213,big,41248978,2188000.000000,2188000.000000,2188000.000000,6
828,9448426,0,16.213,little,82497956,1268910.238988,1197000.000000,1401000.000000,24
828,9448426,0,16.213,middle,41248978,1613919.740242,1328000.000000,2253000.000000,8
829,9448451,0,16.209,big,41232270,2178473.930249,2048000.000000,2188000.000000,10
829,9448451,0,16.209,little,82464540,1361450.753403,1197000.000000,1803000.000000,24
829,9448451,0,16.209,middle,41232270,2243909.404333,2130000.000000,2253000.000000,8
830,9448488,0,16.13,big,41229010,2158617.447278,2048000.000000,2188000.000000,8
830,9448488,0,16.13,little,82458020,1258411.381828,1197000.000000,1401000.000000,16
830,9448488,0,16.13,middle,41229010,1668864.758819,1197000.000000,2253000.000000,8
831,9448525,0,16.228,big,41236776,2052596.192001,2048000.000000,2188000.000000,8
831,9448525,0,16.228,little,82473552,1331844.920102,1197000.000000,1598000.000000,20
831,9448525,0,16.228,middle,41236776,1878841.037670,696000.000000,2253000.000000,12
832,9448562,0,16.193,big,41235062,2188000.000000,2188000.000000,2188000.000000,6
832,9448562,0,16.193,little,82470124,1306925.652543,1197000.000000,1401000.000000,24
832,9448562,0,16.193,middle,41235062,2029145.341166,1491000.000000,2253000.000000,10
833,9448599,0,16.034,big,41223252,2188000.000000,2188000.000000,2188000.000000,6
833,9448599,0,16.034,little,82446504,1197000.000000,1197000.000000,1197000.000000,12
833,9448599,0,16.034,middle,41223252,851122.523982,553000.000000,1491000.000000,10
834,9448636,0,16.197,big,41209680,2188000.000000,2188000.000000,2188000.000000,6
834,9448636,0,16.197,little,82419360,1197000.000000,1197000.000000,1197000.000000,12
834,9448636,0,16.197,middle,41209680,1236379.638789,696000.000000,1491000.000000,10
835,9448673,0,16.107,big,41247294,2188000.000000,2188000.000000,2188000.000000,6
835,9448673,0,16.107,little,82494588,1197000.000000,1197000.000000,1197000.000000,12
835,9448673,0,16.107,middle,41247294,897335.797398,553000.000000,1836000.000000,16
836,9448686,0,16.142,big,41200000,2180968.659709,2048000.000000,2188000.000000,6
836,9448686,0,16.142,little,82400000,1262244.200243,1197000.000000,1328000.000000,12
836,9448686,0,16.142,middle,41200000,1750831.257913,1197000.000000,2253000.000000,10
837,9448723,0,16.139,big,41200000,2188000.000000,2188000.000000,2188000.000000,6
837,9448723,0,16.139,little,82400000,1244241.043871,1197000.000000,1401000.000000,24
837,9448723,0,16.139,middle,41200000,1750896.560680,1491000.000000,1999000.000000,8
838,9448761,0,16.009,big,41215312,2182607.644363,2048000.000000,2188000.000000,8
838,9448761,0,16.009,little,82430624,1282877.417864,1197000.000000,1401000.000000,24
838,9448761,0,16.009,middle,41215312,1179300.975036,910000.000000,1328000.000000,10
839,9448774,0,16.161,big,41200000,2048000.000000,2048000.000000,2048000.000000,8
839,9448774,0,16.161,little,82400000,1255258.629697,1197000.000000,1803000.000000,24
839,9448774,0,16.161,middle,41200000,1073519.288617,1024000.000000,1328000.000000,12
840,9448799,0,16.139,big,41200000,2048000.000000,2048000.000000,2048000.000000,6
840,9448799,0,16.139,little,82400000,1197000.000000,1197000.000000,1197000.000000,12
840,9448799,0,16.139,middle,41200000,1029992.030874,910000.000000,1328000.000000,10
841,9448824,0,16.074,big,41200000,2161932.730583,2048000.000000,2188000.000000,10
841,9448824,0,16.074,little,82400000,1257344.202306,1197000.000000,1401000.000000,20
841,9448824,0,16.074,middle,41200000,938001.579320,696000.000000,1197000.000000,12
842,9448837,0,16.252,big,41200000,2073286.602913,2048000.000000,2188000.000000,10
842,9448837,0,16.252,little,82400000,1222335.908738,1197000.000000,1328000.000000,20
842,9448837,0,16.252,middle,41200000,1505713.245146,1328000.000000,2253000.000000,10
843,9448850,0,16.286,big,41200000,2184744.293204,2048000.000000,2188000.000000,8
843,9448850,0,16.286,little,82400000,1197000.000000,1197000.000000,1197000.000000,12
843,9448850,0,16.286,middle,41200000,1006646.685243,799000.000000,1197000.000000,10
844,9448864,0,16.117,big,41203622,2048000.000000,2048000.000000,2048000.000000,6
844,9448864,0,16.117,little,82407244,1197000.000000,1197000.000000,1197000.000000,12
844,9448864,0,16.117,middle,41203622,970751.232234,910000.000000,1197000.000000,10
845,9448878,0,16.108,big,41209768,2167059.123070,2048000.000000,2188000.000000,8
845,9448878,0,16.108,little,82419536,1197000.000000,1197000.000000,1197000.000000,12
845,9448878,0,16.108,middle,41209768,858647.922939,799000.000000,1024000.000000,12
846,9448892,0,16.306,big,41200000,2037340.158107,1826000.000000,2048000.000000,10
846,9448892,0,16.306,little,82400000,1192877.130583,1098000.000000,1197000.000000,20
846,9448892,0,16.306,middle,41200000,958308.599854,799000.000000,1491000.000000,12
847,9448906,0,16.256,big,41524858,2048000.000000,2048000.000000,2048000.000000,6
847,9448906,0,16.256,little,83049716,1197000.000000,1197000.000000,1197000.000000,12
847,9448906,0,16.256,middle,41524858,1130410.108711,799000.000000,1491000.000000,12
848,9448919,0,16.218,big,41200000,2041833.739854,1826000.000000,2048000.000000,12
848,9448919,0,16.218,little,82400000,1194526.298774,1098000.000000,1197000.000000,24
848,9448919,0,16.218,middle,41200000,859251.023131,553000.000000,1663000.000000,12
849,9448933,0,16.235,big,41279916,2048000.000000,2048000.000000,2048000.000000,6
849,9448933,0,16.235,little,82559832,1197000.000000,1197000.000000,1197000.000000,12
849,9448933,0,16.235,middle,41279916,973426.881973,696000.000000,1663000.000000,14
850,9448947,0,16.097,big,41200000,2164186.353398,2048000.000000,2188000.000000,8
850,9448947,0,16.097,little,82400000,1197000.000000,1197000.000000,1197000.000000,12
850,9448947,0,16.097,middle,41200000,1292830.592621,910000.000000,1663000.000000,10
851,9448966,0,16.123,big,41200000,2121693.893204,2048000.000000,2188000.000000,10
851,9448966,0,16.123,little,82400000,1197000.000000,1197000.000000,1197000.000000,12
851,9448966,0,16.123,middle,41200000,1499154.049369,1197000.000000,1663000.000000,8
852,9449003,0,16.137,big,41340800,2048000.000000,2048000.000000,2048000.000000,6
852,9449003,0,16.137,little,82681600,1197000.000000,1197000.000000,1197000.000000,12
852,9449003,0,16.137,middle,41340800,1018539.293337,910000.000000,1024000.000000,8
853,9449028,0,16.112,big,41200000,2168622.742718,2048000.000000,2188000.000000,8
853,9449028,0,16.112,little,82400000,1233456.302779,1197000.000000,1401000.000000,24
853,9449028,0,16.112,middle,41200000,1527423.543495,1197000.000000,1663000.000000,8
854,9449041,0,16.156,big,41200000,2100996.476699,2048000.000000,2188000.000000,8
854,9449041,0,16.156,little,82400000,1197000.000000,1197000.000000,1197000.000000,12
854,9449041,0,16.156,middle,41200000,830785.598981,696000.000000,910000.000000,8
855,9449054,0,16.418,big,41344384,2142644.985882,2048000.000000,2188000.000000,8
855,9449054,0,16.418,little,82688768,1197000.000000,1197000.000000,1197000.000000,12
855,9449054,0,16.418,middle,41344384,1375867.327156,1024000.000000,1491000.000000,8
856,9449067,0,16.192,big,41200000,2048000.000000,2048000.000000,2048000.000000,6
856,9449067,0,16.192,little,82400000,1197000.000000,1197000.000000,1197000.000000,12
856,9449067,0,16.192,middle,41200000,1243903.019757,799000.000000,1328000.000000,12
857,9449080,0,16.229,big,41235064,2145735.988963,2048000.000000,2188000.000000,8
857,9449080,0,16.229,little,82470128,1197000.000000,1197000.000000,1197000.000000,12
857,9449080,0,16.229,middle,41235064,1242729.451566,910000.000000,1328000.000000,10
858,9449093,0,16.216,big,41200000,2168875.870874,2048000.000000,2188000.000000,8
858,9449093,0,16.216,little,82400000,1197000.000000,1197000.000000,1197000.000000,12
858,9449093,0,16.216,middle,41200000,1031039.892718,799000.000000,1197000.000000,8
859,9449106,0,16.107,big,41200000,2160227.877184,2048000.000000,2188000.000000,8
859,9449106,0,16.107,little,82400000,1312844.038386,1197000.000000,1803000.000000,32
859,9449106,0,16.107,middle,41200000,993290.639757,910000.000000,2253000.000000,12
860,9449120,1,54.031,big,117529650,2186860.932879,2048000.000000,2188000.000000,14
860,9449120,1,54.031,little,235059300,1667970.108394,1328000.000000,1803000.000000,56
860,9449120,1,54.031,middle,117529650,2093474.612542,1328000.000000,2253000.000000,24
861,9449132,0,16.19,big,41200000,2188000.000000,2188000.000000,2188000.000000,2
861,9449132,0,16.19,little,82400000,1725936.499211,1328000.000000,1803000.000000,16
861,9449132,0,16.19,middle,41200000,2193246.734272,1491000.000000,2253000.000000,6
862,9449139,0,16.151,big,41200000,2188000.000000,2188000.000000,2188000.000000,6
862,9449139,0,16.151,little,82400000,1543039.856687,1328000.000000,1598000.000000,32
862,9449139,0,16.151,middle,41200000,2253000.000000,2253000.000000,2253000.000000,6
863,9449159,0,16.167,big,41200000,2188000.000000,2188000.000000,2188000.000000,6
863,9449159,0,16.167,little,82400000,1344132.055631,1197000.000000,1598000.000000,32
863,9449159,0,16.167,middle,41200000,1985223.244830,1491000.000000,2253000.000000,12
864,9449172,0,16.212,big,41200000,2188000.000000,2188000.000000,2188000.000000,6
864,9449172,0,16.212,little,82400000,1308086.982379,1197000.000000,1704000.000000,28
864,9449172,0,16.212,middle,41200000,1299173.643956,1197000.000000,1328000.000000,8
865,9449185,0,16.119,big,41200000,2188000.000000,2188000.000000,2188000.000000,6
865,9449185,0,16.119,little,82400000,1322163.884867,1197000.000000,1803000.000000,28
865,9449185,0,16.119,middle,41200000,1572678.683228,910000.000000,2253000.000000,10
866,9449198,0,16.054,big,41200000,2188000.000000,2188000.000000,2188000.000000,6
866,9449198,0,16.054,little,82400000,1197000.000000,1197000.000000,1197000.000000,12
866,9449198,0,16.054,middle,41200000,1142540.025534,799000.000000,1328000.000000,10
867,9449211,0,16.187,big,41200000,2002074.398592,1826000.000000,2188000.000000,10
867,9449211,0,16.187,little,82400000,1310444.850279,1197000.000000,1598000.000000,28
867,9449211,0,16.187,middle,41200000,1242564.470558,910000.000000,1328000.000000,10
868,9449224,0,16.262,big,41234766,2145667.012346,2048000.000000,2188000.000000,8
868,9449224,0,16.262,little,82469532,1197000.000000,1197000.000000,1197000.000000,12
868,9449224,0,16.262,middle,41234766,978222.399516,910000.000000,1024000.000000,8
869,9449237,0,16.131,big,41260152,2100339.557062,2048000.000000,2188000.000000,8
869,9449237,0,16.131,little,82520304,1283593.972436,1197000.000000,1803000.000000,28
869,9449237,0,16.131,middle,41260152,1541446.458268,910000.000000,2253000.000000,10
870,9449250,0,16.181,big,41227376,2163762.348785,2048000.000000,2188000.000000,8
870,9449250,0,16.181,little,82454752,1292875.018701,1197000.000000,1328000.000000,24
870,9449250,0,16.181,middle,41227376,1900915.918078,799000.000000,2253000.000000,16
871,9449275,0,16.218,big,41219138,2188000.000000,2188000.000000,2188000.000000,8
871,9449275,0,16.218,little,82438276,1303846.729121,1197000.000000,1704000.000000,28
871,9449275,0,16.218,middle,41219138,1487110.394157,910000.000000,2253000.000000,12
872,9449312,0,16.149,big,41238810,2180140.409483,2048000.000000,2188000.000000,10
872,9449312,0,16.149,little,82477620,1197000.000000,1197000.000000,1197000.000000,12
872,9449312,0,16.149,middle,41238810,1219648.025537,1024000.000000,1491000.000000,8
873,9449337,0,16.254,big,41453784,2166466.676046,2048000.000000,2188000.000000,8
873,9449337,0,16.254,little,82907568,1250062.315674,1197000.000000,1328000.000000,16
873,9449337,0,16.254,middle,41453784,1706551.397552,1024000.000000,2253000.000000,12
874,9449350,0,16.156,big,41237528,2188000.000000,2188000.000000,2188000.000000,8
874,9449350,0,16.156,little,82475056,1300951.053480,1197000.000000,1401000.000000,36
874,9449350,0,16.156,middle,41237528,1918725.343430,1328000.000000,1999000.000000,12
875,9449387,0,16.159,big,41227646,2148824.217468,1426000.000000,2188000.000000,10
875,9449387,0,16.159,little,82455292,1347619.159362,1197000.000000,1803000.000000,32
875,9449387,0,16.159,middle,41227646,2059575.240920,1197000.000000,2253000.000000,10
876,9449400,0,16.14,big,41200000,2188000.000000,2188000.000000,2188000.000000,6
876,9449400,0,16.14,little,82400000,1243970.367500,1197000.000000,1803000.000000,20
876,9449400,0,16.14,middle,41200000,1508313.567379,1197000.000000,2253000.000000,8
877,9449413,0,16.136,big,41200000,2188000.000000,2188000.000000,2188000.000000,8
877,9449413,0,16.136,little,82400000,1312915.919211,1197000.000000,1598000.000000,40
877,9449413,0,16.136,middle,41200000,1376515.631262,696000.000000,2253000.000000,12
878,9449426,0,16.237,big,41419354,2188000.000000,2188000.000000,2188000.000000,6
878,9449426,0,16.237,little,82838708,1280966.997023,1197000.000000,1704000.000000,16
878,9449426,0,16.237,middle,41419354,762287.949831,553000.000000,799000.000000,14
879,9449439,0,15.842,big,41200000,2188000.000000,2188000.000000,2188000.000000,6
879,9449439,0,15.842,little,82400000,1427423.608556,1197000.000000,1704000.000000,28
879,9449439,0,15.842,middle,41200000,786024.212500,696000.000000,799000.000000,10
880,9449452,0,16.049,big,41200000,2188000.000000,2188000.000000,2188000.000000,6
880,9449452,0,16.049,little,82400000,1203773.038629,1197000.000000,1328000.000000,16
880,9449452,0,16.049,middle,41200000,858498.886602,553000.000000,2253000.000000,12
881,9449465,0,16.11,big,41200000,2158872.446117,2048000.000000,2188000.000000,8
881,9449465,0,16.11,little,82400000,1482763.542876,1197000.000000,1704000.000000,28
881,9449465,0,16.11,middle,41200000,1719807.396917,1491000.000000,2130000.000000,8
882,9449490,0,16.221,big,41200000,2048000.000000,2048000.000000,2048000.000000,6
882,9449490,0,16.221,little,82400000,1199653.534769,1197000.000000,1598000.000000,16
882,9449490,0,16.221,middle,41200000,818003.744879,696000.000000,1197000.000000,10
883,9449503,0,16.089,big,41200000,2185771.128641,2048000.000000,2188000.000000,12
883,9449503,0,16.089,little,82400000,1399310.699976,1328000.000000,1704000.000000,28
883,9449503,0,16.089,middle,41200000,1808496.557840,1024000.000000,2253000.000000,16
884,9449558,0,16.173,big,41200000,2188000.000000,2188000.000000,2188000.000000,6
884,9449558,0,16.173,little,82400000,1197000.000000,1197000.000000,1197000.000000,12
884,9449558,0,16.173,middle,41200000,900963.883495,799000.000000,1024000.000000,8
885,9449577,0,16.059,big,41200000,2188000.000000,2188000.000000,2188000.000000,6
885,9449577,0,16.059,little,82400000,1197000.000000,1197000.000000,1197000.000000,12
885,9449577,0,16.059,middle,41200000,865275.303447,799000.000000,910000.000000,8
886,9449590,0,16.13,big,41200000,2188000.000000,2188000.000000,2188000.000000,8
886,9449590,0,16.13,little,82400000,1336844.815133,1197000.000000,1598000.000000,40
886,9449590,0,16.13,middle,41200000,2052820.845728,696000.000000,2130000.000000,14
887,9449603,0,15.948,big,41200000,2176245.977282,1277000.000000,2188000.000000,8
887,9449603,0,15.948,little,82400000,1439735.117087,1197000.000000,1803000.000000,32
887,9449603,0,15.948,middle,41200000,2162303.759442,1663000.000000,2253000.000000,12
888,9449628,0,16.189,big,41200000,2188000.000000,2188000.000000,2188000.000000,6
888,9449628,0,16.189,little,82400000,1249599.255133,1197000.000000,1328000.000000,16
888,9449628,0,16.189,middle,41200000,1515407.118592,1024000.000000,2253000.000000,8
889,9449665,0,16.149,big,41200000,2188000.000000,2188000.000000,2188000.000000,6
889,9449665,0,16.149,little,82400000,1253227.420340,1197000.000000,1598000.000000,20
889,9449665,0,16.149,middle,41200000,1019810.377985,696000.000000,1197000.000000,12
890,9449690,0,16.189,big,41202838,2048000.000000,2048000.000000,2048000.000000,6
890,9449690,0,16.189,little,82405676,1416830.218977,1197000.000000,1598000.000000,20
890,9449690,0,16.189,middle,41202838,1996221.184885,1663000.000000,2130000.000000,8
891,9449727,0,16.193,big,41400188,2074926.287388,2048000.000000,2188000.000000,8
891,9449727,0,16.193,little,82800376,1318735.053534,1197000.000000,1598000.000000,24
891,9449727,0,16.193,middle,41400188,1263207.729250,910000.000000,1328000.000000,12
892,9449752,0,16.231,big,41259498,2188000.000000,2188000.000000,2188000.000000,6
892,9449752,0,16.231,little,82518996,1294162.075494,1197000.000000,1401000.000000,32
892,9449752,0,16.231,middle,41259498,939810.473748,799000.000000,1024000.000000,12
893,9449777,0,16.136,big,41219676,2188000.000000,2188000.000000,2188000.000000,6
893,9449777,0,16.136,little,82439352,1393966.128057,1197000.000000,1704000.000000,28
893,9449777,0,16.136,middle,41219676,1188237.659704,1024000.000000,1328000.000000,8
894,9449814,0,16.18,big,41239380,2157479.137174,2048000.000000,2188000.000000,8
894,9449814,0,16.18,little,82478760,1595255.460048,1328000.000000,1803000.000000,44
894,9449814,0,16.18,middle,41239380,1069861.469717,799000.000000,2253000.000000,10
895,9449851,0,16.14,big,41230862,2171792.800500,1582000.000000,2188000.000000,10
895,9449851,0,16.14,little,82461724,1509212.414429,1197000.000000,1803000.000000,44
895,9449851,0,16.14,middle,41230862,1330890.020830,696000.000000,2253000.000000,14
896,9449864,0,16.171,big,41249148,2188000.000000,2188000.000000,2188000.000000,6
896,9449864,0,16.171,little,82498296,1288130.877552,1197000.000000,1401000.000000,36
896,9449864,0,16.171,middle,41249148,1242243.192199,799000.000000,1328000.000000,14
897,9449889,0,16.243,big,41225022,2171597.924096,1426000.000000,2188000.000000,10
897,9449889,0,16.243,little,82450044,1713326.981135,1598000.000000,1803000.000000,36
897,9449889,0,16.243,middle,41225022,1711955.077647,910000.000000,2253000.000000,12
898,9449926,0,16.19,big,41239270,2188000.000000,2188000.000000,2188000.000000,6
898,9449926,0,16.19,little,82478540,1478950.771498,1197000.000000,1803000.000000,44
898,9449926,0,16.19,middle,41239270,1365327.650053,910000.000000,2253000.000000,12
899,9449963,0,16.215,big,41251526,2188000.000000,2188000.000000,2188000.000000,6
899,9449963,0,16.215,little,82503052,1197000.000000,1197000.000000,1197000.000000,12
899,9449963,0,16.215,middle,41251526,965437.902661,799000.000000,1328000.000000,10
900,9449988,0,16.235,big,41200000,2188000.000000,2188000.000000,2188000.000000,6
900,9449988,0,16.235,little,82400000,1458070.878896,1328000.000000,1598000.000000,28
900,9449988,0,16.235,middle,41200000,1249399.163714,799000.000000,1328000.000000,10
901,9450013,0,16.2,big,41200000,2188000.000000,2188000.000000,2188000.000000,6
901,9450013,0,16.2,little,82400000,1345950.779163,1197000.000000,1803000.000000,36
901,9450013,0,16.2,middle,41200000,1317841.371359,1024000.000000,2253000.000000,8
902,9450050,0,16.197,big,41200000,2188000.000000,2188000.000000,2188000.000000,6
902,9450050,0,16.197,little,82400000,1197000.000000,1197000.000000,1197000.000000,12
902,9450050,0,16.197,middle,41200000,1644467.208738,1491000.000000,1663000.000000,10
903,9450087,0,16.104,big,41200000,2188000.000000,2188000.000000,2188000.000000,6
903,9450087,0,16.104,little,82400000,1481869.950352,1197000.000000,1704000.000000,36
903,9450087,0,16.104,middle,41200000,1510475.536699,910000.000000,1663000.000000,10
904,9450124,0,16.035,big,41200000,2137514.613277,1277000.000000,2188000.000000,12
904,9450124,0,16.035,little,82400000,1589736.247731,1328000.000000,1803000.000000,56
904,9450124,0,16.035,middle,41200000,1597628.042718,1197000.000000,1999000.000000,16
905,9450161,0,16.207,big,41200000,2184088.420388,2048000.000000,2188000.000000,10
905,9450161,0,16.207,little,82400000,1637478.054466,1197000.000000,1803000.000000,44
905,9450161,0,16.207,middle,41200000,2129690.082694,1836000.000000,2253000.000000,12
906,9450198,0,16.18,big,41200000,2188000.000000,2188000.000000,2188000.000000,6
906,9450198,0,16.18,little,82400000,1509526.564017,1328000.000000,1803000.000000,40
906,9450198,0,16.18,middle,41200000,2239125.134709,1836000.000000,2253000.000000,10
907,9450235,0,16.088,big,41200000,2188000.000000,2188000.000000,2188000.000000,6
907,9450235,0,16.088,little,82400000,1578368.563519,1328000.000000,1803000.000000,36
907,9450235,0,16.088,middle,41200000,2231994.961019,1836000.000000,2253000.000000,10
908,9450272,0,16.235,big,41221082,2188000.000000,2188000.000000,2188000.000000,6
908,9450272,0,16.235,little,82442164,1419766.645500,1328000.000000,1803000.000000,24
908,9450272,0,16.235,middle,41221082,2239505.578675,1836000.000000,2253000.000000,10
909,9450309,0,16.209,big,41231014,2188000.000000,2188000.000000,2188000.000000,6
909,9450309,0,16.209,little,82462028,1517622.132480,1328000.000000,1803000.000000,40
909,9450309,0,16.209,middle,41231014,2253000.000000,2253000.000000,2253000.000000,6
910,9450346,0,16.281,big,41275844,2188000.000000,2188000.000000,2188000.000000,8
910,9450346,0,16.281,little,82551688,1576135.966293,1328000.000000,1803000.000000,36
910,9450346,0,16.281,middle,41275844,2253000.000000,2253000.000000,2253000.000000,8
911,9450383,0,16.283,big,41282702,2188000.000000,2188000.000000,2188000.000000,6
911,9450383,0,16.283,little,82565404,1662808.215436,1328000.000000,1803000.000000,40
911,9450383,0,16.283,middle,41282702,2249950.106536,2130000.000000,2253000.000000,10
912,9450457,0,16.188,big,41200000,2188000.000000,2188000.000000,2188000.000000,6
912,9450457,0,16.188,little,82400000,1778534.750303,1328000.000000,1803000.000000,16
912,9450457,0,16.188,middle,41200000,2097005.761602,1999000.000000,2253000.000000,12
913,9450482,0,16.224,big,41217168,2188000.000000,2188000.000000,2188000.000000,6
913,9450482,0,16.224,little,82434336,1447971.863302,1328000.000000,1803000.000000,32
913,9450482,0,16.224,middle,41217168,2242375.889532,1999000.000000,2253000.000000,10
914,9450519,0,16.194,big,41203926,2188000.000000,2188000.000000,2188000.000000,4
914,9450519,0,16.194,little,82407852,1570822.237437,1328000.000000,1803000.000000,36
914,9450519,0,16.194,middle,41203926,2219049.396798,1999000.000000,2253000.000000,6
915,9450556,0,16.325,big,41203232,2188000.000000,2188000.000000,2188000.000000,6
915,9450556,0,16.325,little,82406464,1470931.219922,1197000.000000,1803000.000000,40
915,9450556,0,16.325,middle,41203232,2218787.084906,1836000.000000,2253000.000000,10
916,9450581,0,16.218,big,41244962,2188000.000000,2188000.000000,2188000.000000,6
916,9450581,0,16.218,little,82489924,1245103.841955,1197000.000000,1598000.000000,20
916,9450581,0,16.218,middle,41244962,1242574.154996,799000.000000,1836000.000000,12
917,9450619,0,16.093,big,41233478,2176108.534866,1826000.000000,2188000.000000,8
917,9450619,0,16.093,middle,41233478,1605855.300661,1328000.000000,2253000.000000,12
918,9450657,0,16.208,big,41200000,2188000.000000,2188000.000000,2188000.000000,8
918,9450657,0,16.208,little,82400000,1396405.525716,1197000.000000,1803000.000000,48
918,9450657,0,16.208,middle,41200000,2079297.216335,1663000.000000,2253000.000000,14
919,9450682,0,16.255,big,41206370,2139763.634603,2048000.000000,2188000.000000,10
919,9450682,0,16.255,little,82412740,1803000.000000,1803000.000000,1803000.000000,12
919,9450682,0,16.255,middle,41206370,2224483.724313,1836000.000000,2253000.000000,10
920,9450720,0,16.317,big,41212286,2145968.226126,1426000.000000,2188000.000000,12
920,9450720,0,16.317,little,82424572,1803000.000000,1803000.000000,1803000.000000,8
920,9450720,0,16.317,middle,41212286,1821933.209747,1197000.000000,1999000.000000,10
921,9450758,0,16.177,big,41200000,2172930.379612,2048000.000000,2188000.000000,10
921,9450758,0,16.177,little,82400000,1695085.192682,1328000.000000,1803000.000000,40
921,9450758,0,16.177,middle,41200000,2216662.433252,1999000.000000,2253000.000000,10
922,9451827,1,99.663,big,208099952,2188000.000000,2188000.000000,2188000.000000,22
922,9451827,1,99.663,little,416199904,1321420.429681,1197000.000000,1803000.000000,132
922,9451827,1,99.663,middle,208099952,1943821.671252,799000.000000,2253000.000000,60
