frame_token,pid,uid,process_name,expected_start_ns,expected_end_ns,actual_start_ns,actual_end_ns,frame_time_ms,jank_type,deadline_missed,window_start_ns,window_end_ns
9420410,600,[NULL],[NULL],949922553326908,949922569926908,949922553773646,949922569922857,16.149,None,False,949922551326908,949922571926908
9420447,600,[NULL],[NULL],949922586752408,949922603352408,949922587045659,949922603346318,16.301,None,False,949922584752408,949922605352408
9420484,600,[NULL],[NULL],949922620180042,949922636780042,949922620671513,949922636783615,16.112,None,False,949922618180042,949922638783615
9420521,600,[NULL],[NULL],949922653607217,949922670207217,949922653996668,949922670213343,16.217,None,False,949922651607217,949922672213343
9420558,600,[NULL],[NULL],949922687035780,949922703635780,949922687456995,949922703640508,16.184,None,False,949922685035780,949922705640508
9420595,600,[NULL],[NULL],949922720464676,949922737064676,949922720841964,949922737063684,16.222,None,False,949922718464676,949922739064676
9420632,600,[NULL],[NULL],949922753893098,949922770493098,949922754262334,949922770491867,16.23,None,False,949922751893098,949922772493098
9420669,600,[NULL],[NULL],949922787319839,949922803919839,949922787768560,949922803919235,16.151,None,False,949922785319839,949922805919839
9420706,600,[NULL],[NULL],949922820748486,949922837348486,949922821116298,949922837341721,16.225,None,False,949922818748486,949922839348486
9420743,600,[NULL],[NULL],949922854177677,949922870777677,949922854514857,949922870766932,16.252,None,False,949922852177677,949922872777677
9420780,600,[NULL],[NULL],949922887604240,949922904204240,949922888063522,949922904200241,16.137,None,False,949922885604240,949922906204240
9420817,600,[NULL],[NULL],949922921031784,949922937631784,949922921432541,949922937618128,16.186,None,False,949922919031784,949922939631784
9420854,600,[NULL],[NULL],949922954459143,949922971059143,949922954819585,949922971044276,16.225,None,False,949922952459143,949922973059143
9420892,600,[NULL],[NULL],949922987884263,949923004484263,949922988365605,949923004474777,16.109,None,False,949922985884263,949923006484263
9420929,600,[NULL],[NULL],949923021308449,949923037908449,949923021695033,949923037916875,16.222,None,False,949923019308449,949923039916875
9420966,600,[NULL],[NULL],949923054736422,949923071336422,949923055152267,949923071333826,16.182,None,False,949923052736422,949923073336422
9421003,600,[NULL],[NULL],949923088164764,949923104764764,949923088616582,949923104756841,16.14,None,False,949923086164764,949923106764764
9421040,600,[NULL],[NULL],949923121590307,949923138190307,949923121984502,949923138182215,16.198,None,False,949923119590307,949923140190307
9421077,600,[NULL],[NULL],949923155015513,949923171615513,949923155455734,949923171628993,16.173,None,False,949923153015513,949923173628993
9421114,600,[NULL],[NULL],949923188440986,949923205040986,949923188921066,949923205078049,16.157,None,False,949923186440986,949923207078049
9421151,600,[NULL],[NULL],949923221870947,949923238470947,949923222091395,949923238557500,16.466,None,False,949923219870947,949923240557500
9421176,600,[NULL],[NULL],949923255305100,949923271905100,949923255699672,949923271993373,16.294,None,False,949923253305100,949923273993373
9421189,600,[NULL],[NULL],949923288750026,949923305350026,949923289178269,949923305356125,16.178,None,False,949923286750026,949923307356125
9421202,600,[NULL],[NULL],949923322194746,949923338794746,949923322441778,949923338796677,16.355,None,False,949923320194746,949923340796677
9421240,600,[NULL],[NULL],949923355625145,949923372225145,949923356133957,949923372250656,16.117,None,False,949923353625145,949923374250656
9421278,600,[NULL],[NULL],949923389058223,949923405658223,949923389454595,949923405674647,16.22,None,False,949923387058223,949923407674647
9421297,600,[NULL],[NULL],949923405780837,949923422380837,949923406014491,949923422362879,16.348,None,False,949923403780837,949923424380837
9421353,600,[NULL],[NULL],949923455932233,949923472532233,949923456205327,949923472515956,16.311,None,False,949923453932233,949923474532233
9421372,600,[NULL],[NULL],949923472646430,949923489246430,949923472998500,949923489220791,16.222,None,False,949923470646430,949923491246430
9421409,600,[NULL],[NULL],949923506077494,949923522677494,949923506530605,949923522657843,16.127,None,False,949923504077494,949923524677494
9421446,600,[NULL],[NULL],949923539506210,949923556106210,949923539894211,949923556068202,16.174,None,False,949923537506210,949923558106210
9421483,600,[NULL],[NULL],949923572935767,949923589535767,949923573396978,949923589489426,16.092,None,False,949923570935767,949923591535767
9421520,600,[NULL],[NULL],949923606361355,949923622961355,949923606769089,949923622909511,16.14,None,False,949923604361355,949923624961355
9421545,600,[NULL],[NULL],949923639783605,949923656383605,949923640185674,949923656333623,16.148,None,False,949923637783605,949923658383605
9421582,600,[NULL],[NULL],949923673203416,949923689803416,949923673586350,949923689753912,16.168,None,False,949923671203416,949923691803416
9421619,600,[NULL],[NULL],949923706622135,949923723222135,949923707044847,949923723188605,16.144,None,False,949923704622135,949923725222135
9421656,600,[NULL],[NULL],949923740040770,949923756640770,949923740419683,949923756609909,16.19,None,False,949923738040770,949923758640770
9421693,600,[NULL],[NULL],949923773459278,949923790059278,949923773892624,949923790031947,16.139,None,False,949923771459278,949923792059278
9421730,600,[NULL],[NULL],949923806875712,949923823475712,949923807154546,949923823449549,16.295,None,False,949923804875712,949923825475712
9421767,600,[NULL],[NULL],949923840290216,949923856890216,949923840705980,949923856873216,16.167,None,False,949923838290216,949923858890216
9421804,600,[NULL],[NULL],949923873704935,949923890304935,949923874244147,949923890296149,16.052,None,False,949923871704935,949923892304935
9421841,600,[NULL],[NULL],949923907122108,949923923722108,949923907534551,949923923741298,16.207,None,False,949923905122108,949923925741298
9421854,600,[NULL],[NULL],949923940546010,949923957146010,949923940973190,949923957261195,16.288,None,False,949923938546010,949923959261195
9421867,600,[NULL],[NULL],949923973976678,949923990576678,949923974338426,949923990581102,16.243,None,False,949923971976678,949923992581102
9421904,600,[NULL],[NULL],949924007420633,949924024020633,949924007916917,949924024001471,16.085,None,False,949924005420633,949924026020633
9421941,600,[NULL],[NULL],949924040841459,949924057441459,949924041255580,949924057448695,16.193,None,False,949924038841459,949924059448695
9421978,600,[NULL],[NULL],949924074265052,949924090865052,949924074730800,949924090873703,16.143,None,False,949924072265052,949924092873703
9422015,600,[NULL],[NULL],949924107693831,949924124293831,949924108063238,949924124307175,16.244,None,False,949924105693831,949924126307175
9422052,600,[NULL],[NULL],949924141119825,949924157719825,949924141497930,949924157742112,16.244,None,False,949924139119825,949924159742112
9422089,600,[NULL],[NULL],949924174549425,949924191149425,949924174933559,949924191179571,16.246,None,False,949924172549425,949924193179571
9422126,600,[NULL],[NULL],949924207980140,949924224580140,949924208389247,949924224609462,16.22,None,False,949924205980140,949924226609462
9422163,600,[NULL],[NULL],949924241414753,949924258014753,949924241894131,949924258056850,16.163,None,False,949924239414753,949924260056850
9422200,600,[NULL],[NULL],949924274847976,949924291447976,949924275383063,949924291493455,16.11,None,False,949924272847976,949924293493455
9422237,600,[NULL],[NULL],949924308285115,949924324885115,949924308704229,949924324933070,16.229,None,False,949924306285115,949924326933070
9422274,600,[NULL],[NULL],949924341722828,949924358322828,949924342126104,949924358367234,16.241,None,False,949924339722828,949924360367234
9422311,600,[NULL],[NULL],949924375162046,949924391762046,949924375574021,949924391818162,16.244,None,False,949924373162046,949924393818162
9422348,600,[NULL],[NULL],949924408600837,949924425200837,949924409061286,949924425237759,16.176,None,False,949924406600837,949924427237759
9422385,600,[NULL],[NULL],949924442044589,949924458644589,949924442503383,949924458664475,16.161,None,False,949924440044589,949924460664475
9422422,600,[NULL],[NULL],949924475484359,949924492084359,949924475924281,949924492094529,16.17,None,False,949924473484359,949924494094529
9422459,600,[NULL],[NULL],949924508921957,949924525521957,949924509249599,949924525517991,16.268,None,False,949924506921957,949924527521957
9422496,600,[NULL],[NULL],949924542357421,949924558957421,949924542669439,949924559004360,16.335,None,False,949924540357421,949924561004360
9422534,600,[NULL],[NULL],949924575789862,949924592389862,949924576175706,949924592386969,16.211,None,False,949924573789862,949924594389862
9422553,600,[NULL],[NULL],949924592515893,949924609115893,949924592849616,949924609111213,16.262,None,False,949924590515893,949924611115893
9422590,600,[NULL],[NULL],949924625948533,949924642548533,949924626224330,949924642543870,16.32,None,False,949924623948533,949924644548533
9422627,600,[NULL],[NULL],949924659394133,949924675994133,949924659763149,949924675956834,16.194,None,False,949924657394133,949924677994133
9422664,600,[NULL],[NULL],949924692827179,949924709427179,949924693255499,949924709391322,16.136,None,False,949924690827179,949924711427179
9422701,600,[NULL],[NULL],949924726254071,949924742854071,949924726681646,949924742828497,16.147,None,False,949924724254071,949924744854071
9422738,600,[NULL],[NULL],949924759682721,949924776282721,949924760117518,949924776267583,16.15,None,False,949924757682721,949924778282721
9422793,600,[NULL],[NULL],949924809827984,949924826427984,949924810242520,949924826451830,16.209,None,False,949924807827984,949924828451830
9422830,600,[NULL],[NULL],949924843257259,949924859857259,949924843689948,949924859871711,16.182,None,False,949924841257259,949924861871711
9422849,600,[NULL],[NULL],949924859977653,949924876577653,949924860399827,949924876599615,16.2,None,False,949924857977653,949924878599615
9422886,600,[NULL],[NULL],949924893411524,949924910011524,949924893787360,949924910025641,16.238,None,False,949924891411524,949924912025641
9422941,600,[NULL],[NULL],949924943563392,949924960163392,949924943974493,949924960157680,16.183,None,False,949924941563392,949924962163392
9422978,600,[NULL],[NULL],949924976998287,949924993598287,949924977372157,949924993617518,16.245,None,False,949924974998287,949924995617518
9422997,600,[NULL],[NULL],949924993712701,949925010312701,949924994173590,949925010318121,16.145,None,False,949924991712701,949925012318121
9423034,600,[NULL],[NULL],949925027150440,949925043750440,949925027615525,949925043776821,16.161,None,False,949925025150440,949925045776821
9423071,600,[NULL],[NULL],949925060584531,949925077184531,949925060862473,949925077199712,16.337,None,False,949925058584531,949925079199712
9423108,600,[NULL],[NULL],949925094026161,949925110626161,949925094364386,949925110626796,16.262,None,False,949925092026161,949925112626796
9423121,600,[NULL],[NULL],949925127463573,949925144063573,949925127927781,949925144063564,16.136,None,False,949925125463573,949925146063573
9423134,600,[NULL],[NULL],949925160898809,949925177498809,949925161350999,949925177497605,16.147,None,False,949925158898809,949925179498809
9423147,600,[NULL],[NULL],949925194334204,949925210934204,949925194799282,949925210932379,16.133,None,False,949925192334204,949925212934204
9423160,600,[NULL],[NULL],949925227767928,949925244367928,949925228300258,949925244364996,16.065,None,False,949925225767928,949925246367928
9423185,600,[NULL],[NULL],949925261208153,949925277808153,949925261631924,949925277790696,16.159,None,False,949925259208153,949925279808153
9423222,600,[NULL],[NULL],949925294642210,949925311242210,949925294935919,949925311246303,16.31,None,False,949925292642210,949925313246303
9423259,600,[NULL],[NULL],949925328075235,949925344675235,949925328500047,949925344666754,16.167,None,False,949925326075235,949925346675235
9423296,600,[NULL],[NULL],949925361512775,949925378112775,949925361947720,949925378120409,16.173,None,False,949925359512775,949925380120409
9423333,600,[NULL],[NULL],949925394944168,949925411544168,949925395363409,949925411545375,16.182,None,False,949925392944168,949925413545375
9423370,600,[NULL],[NULL],949925428379258,949925444979258,949925428857834,949925444994919,16.137,None,False,949925426379258,949925446994919
9423407,600,[NULL],[NULL],949925461812102,949925478412102,949925462066535,949925478452155,16.386,None,False,949925459812102,949925480452155
9423444,600,[NULL],[NULL],949925495247997,949925511847997,949925495673428,949925511861782,16.188,None,False,949925493247997,949925513861782
9423481,600,[NULL],[NULL],949925528692943,949925545292943,949925529123257,949925545293423,16.17,None,False,949925526692943,949925547293423
9423518,600,[NULL],[NULL],949925562129856,949925578729856,949925562545050,949925578738816,16.194,None,False,949925560129856,949925580738816
9423555,600,[NULL],[NULL],949925595567222,949925612167222,949925595993130,949925612159512,16.166,None,False,949925593567222,949925614167222
9423592,600,[NULL],[NULL],949925629005946,949925645605946,949925629440843,949925645593146,16.152,None,False,949925627005946,949925647605946
9423629,600,[NULL],[NULL],949925662438842,949925679038842,949925662837571,949925679046962,16.209,None,False,949925660438842,949925681046962
9423666,600,[NULL],[NULL],949925695873844,949925712473844,949925696121793,949925712480191,16.358,None,False,949925693873844,949925714480191
9423704,600,[NULL],[NULL],949925729310994,949925745910994,949925729721645,949925745926601,16.205,None,False,949925727310994,949925747926601
9423741,600,[NULL],[NULL],949925762750481,949925779350481,949925763124030,949925779359910,16.236,None,False,949925760750481,949925781359910
9423778,600,[NULL],[NULL],949925796190653,949925812790653,949925796563931,949925812821378,16.257,None,False,949925794190653,949925814821378
9423815,600,[NULL],[NULL],949925829628988,949925846228988,949925830114184,949925846266894,16.153,None,False,949925827628988,949925848266894
9423853,600,[NULL],[NULL],949925863072630,949925879672630,949925863522671,949925879707974,16.185,None,False,949925861072630,949925881707974
9423891,600,[NULL],[NULL],949925896517605,949925913117605,949925896976936,949925913141649,16.165,None,False,949925894517605,949925915141649
9423910,600,[NULL],[NULL],949925913243256,949925929843256,949925913585822,949925929863288,16.277,None,False,949925911243256,949925931863288
9423966,600,[NULL],[NULL],949925963405312,949925980005312,949925963827847,949925980020759,16.193,None,False,949925961405312,949925982020759
9423985,600,[NULL],[NULL],949925980127415,949925996727415,949925980499071,949925996746996,16.248,None,False,949925978127415,949925998746996
9424010,600,[NULL],[NULL],949926013570933,949926030170933,949926014020921,949926030188971,16.168,None,False,949926011570933,949926032188971
9424023,600,[NULL],[NULL],949926047013386,949926063613386,949926047399989,949926063629644,16.23,None,False,949926045013386,949926065629644
9424048,600,[NULL],[NULL],949926080458011,949926097058011,949926080727627,949926097104825,16.377,None,False,949926078458011,949926099104825
9424085,600,[NULL],[NULL],949926113901259,949926130501259,949926114335008,949926130528978,16.194,None,False,949926111901259,949926132528978
9424122,600,[NULL],[NULL],949926147353317,949926163953317,949926147690273,949926163961107,16.271,None,False,949926145353317,949926165961107
9424159,600,[NULL],[NULL],949926180803809,949926197403809,949926181169765,949926197396734,16.227,None,False,949926178803809,949926199403809
9424196,600,[NULL],[NULL],949926214248686,949926230848686,949926214542813,949926230846402,16.304,None,False,949926212248686,949926232848686
9424233,600,[NULL],[NULL],949926247691292,949926264291292,949926248174526,949926264305426,16.131,None,False,949926245691292,949926266305426
9424270,600,[NULL],[NULL],949926281136091,949926297736091,949926281517951,949926297743659,16.226,None,False,949926279136091,949926299743659
9424283,600,[NULL],[NULL],949926314582033,949926331182033,949926314995408,949926331171230,16.176,None,False,949926312582033,949926333182033
9424308,600,[NULL],[NULL],949926348025399,949926364625399,949926348416185,949926364618903,16.203,None,False,949926346025399,949926366625399
9424333,600,[NULL],[NULL],949926381467016,949926398067016,949926381772834,949926398044197,16.271,None,False,949926379467016,949926400067016
9424346,600,[NULL],[NULL],949926414908137,949926431508137,949926415271044,949926431504646,16.234,None,False,949926412908137,949926433508137
9424359,600,[NULL],[NULL],949926448346265,949926464946265,949926448782355,949926464908331,16.126,None,False,949926446346265,949926466946265
9424384,600,[NULL],[NULL],949926481787060,949926498387060,949926482204922,949926498347907,16.143,None,False,949926479787060,949926500387060
9424421,600,[NULL],[NULL],949926515221486,949926531821486,949926515656339,949926531779060,16.123,None,False,949926513221486,949926533821486
9424458,600,[NULL],[NULL],949926548656849,949926565256849,949926549089159,949926565205410,16.116,None,False,949926546656849,949926567256849
9424495,600,[NULL],[NULL],949926582090266,949926598690266,949926582561489,949926598660366,16.099,None,False,949926580090266,949926600690266
9424532,600,[NULL],[NULL],949926615519959,949926632119959,949926616016690,949926632097256,16.081,None,False,949926613519959,949926634119959
9424569,600,[NULL],[NULL],949926648953834,949926665553834,949926649277595,949926665527310,16.25,None,False,949926646953834,949926667553834
9424606,600,[NULL],[NULL],949926682386744,949926698986744,949926682789680,949926698959358,16.17,None,False,949926680386744,949926700986744
9424643,600,[NULL],[NULL],949926715818224,949926732418224,949926716322110,949926732400927,16.079,None,False,949926713818224,949926734418224
9424680,600,[NULL],[NULL],949926749248560,949926765848560,949926749711229,949926765849657,16.138,None,False,949926747248560,949926767849657
9424717,600,[NULL],[NULL],949926782679792,949926799279792,949926783073615,949926799303189,16.23,None,False,949926780679792,949926801303189
9424754,600,[NULL],[NULL],949926816118128,949926832718128,949926816548550,949926832735318,16.187,None,False,949926814118128,949926834735318
9424791,600,[NULL],[NULL],949926849558173,949926866158173,949926849955126,949926866177741,16.223,None,False,949926847558173,949926868177741
9424828,600,[NULL],[NULL],949926882995881,949926899595881,949926883263028,949926899621996,16.359,None,False,949926880995881,949926901621996
9424865,600,[NULL],[NULL],949926916434077,949926933034077,949926916870368,949926933070116,16.2,None,False,949926914434077,949926935070116
9424902,600,[NULL],[NULL],949926949874582,949926966474582,949926950263760,949926966525194,16.261,None,False,949926947874582,949926968525194
9424939,600,[NULL],[NULL],949926983320026,949926999920026,949926983584886,949926999943936,16.359,None,False,949926981320026,949927001943936
9424977,600,[NULL],[NULL],949927016768755,949927033368755,949927017189053,949927033421394,16.232,None,False,949927014768755,949927035421394
9425015,600,[NULL],[NULL],949927050212074,949927066812074,949927050544563,949927066844653,16.3,None,False,949927048212074,949927068844653
9425053,600,[NULL],[NULL],949927083664778,949927100264778,949927084158170,949927100303108,16.145,None,False,949927081664778,949927102303108
9425060,600,[NULL],[NULL],949927100391509,949927116991509,949927100800218,949927117003262,16.203,None,False,949927098391509,949927119003262
9425097,600,[NULL],[NULL],949927133844620,949927150444620,949927134241504,949927150471972,16.23,None,False,949927131844620,949927152471972
9425134,600,[NULL],[NULL],949927167289193,949927183889193,949927167647875,949927184000170,16.352,None,False,949927165289193,949927186000170
9425171,600,[NULL],[NULL],949927200739352,949927217339352,949927201166715,949927217346199,16.179,None,False,949927198739352,949927219346199
9425208,600,[NULL],[NULL],949927234206645,949927250806645,949927234650723,949927250817512,16.167,None,False,949927232206645,949927252817512
9425245,600,[NULL],[NULL],949927267650098,949927284250098,949927268159553,949927284265104,16.106,None,False,949927265650098,949927286265104
9425282,600,[NULL],[NULL],949927301101247,949927317701247,949927301508227,949927317713630,16.205,None,False,949927299101247,949927319713630
9425319,600,[NULL],[NULL],949927334552300,949927351152300,949927334905932,949927351142301,16.236,None,False,949927332552300,949927353152300
9425356,600,[NULL],[NULL],949927368002264,949927384602264,949927368404711,949927384581143,16.176,None,False,949927366002264,949927386602264
9425393,600,[NULL],[NULL],949927401446915,949927418046915,949927401864469,949927418026049,16.162,None,False,949927399446915,949927420046915
9425430,600,[NULL],[NULL],949927434889532,949927451489532,949927435257942,949927451457649,16.2,None,False,949927432889532,949927453489532
9425467,600,[NULL],[NULL],949927468332610,949927484932610,949927468794441,949927484914639,16.12,None,False,949927466332610,949927486932610
9425504,600,[NULL],[NULL],949927501773911,949927518373911,949927502183235,949927518363940,16.181,None,False,949927499773911,949927520373911
9425541,600,[NULL],[NULL],949927535216525,949927551816525,949927535653124,949927551809699,16.157,None,False,949927533216525,949927553816525
9425578,600,[NULL],[NULL],949927568659558,949927585259558,949927569022102,949927585255907,16.234,None,False,949927566659558,949927587259558
9425615,600,[NULL],[NULL],949927602102613,949927618702613,949927602656868,949927618713549,16.057,None,False,949927600102613,949927620713549
9425652,600,[NULL],[NULL],949927635546081,949927652146081,949927636015673,949927652158414,16.143,None,False,949927633546081,949927654158414
9425689,600,[NULL],[NULL],949927668993619,949927685593619,949927669409188,949927685596444,16.187,None,False,949927666993619,949927687596444
9425726,600,[NULL],[NULL],949927702437521,949927719037521,949927702737841,949927719034879,16.297,None,False,949927700437521,949927721037521
9425763,600,[NULL],[NULL],949927735883545,949927752483545,949927736323901,949927752476204,16.152,None,False,949927733883545,949927754483545
9425800,600,[NULL],[NULL],949927769325352,949927785925352,949927769704720,949927785922249,16.218,None,False,949927767325352,949927787925352
9425837,600,[NULL],[NULL],949927802767912,949927819367912,949927803203946,949927819364143,16.16,None,False,949927800767912,949927821367912
9425874,600,[NULL],[NULL],949927836207770,949927852807770,949927836656461,949927852828620,16.172,None,False,949927834207770,949927854828620
9425911,600,[NULL],[NULL],949927869649840,949927886249840,949927870063729,949927886281014,16.217,None,False,949927867649840,949927888281014
9425948,600,[NULL],[NULL],949927903106964,949927919706964,949927903516975,949927919728279,16.211,None,False,949927901106964,949927921728279
9425985,600,[NULL],[NULL],949927936553988,949927953153988,949927937007495,949927953180021,16.173,None,False,949927934553988,949927955180021
9426022,600,[NULL],[NULL],949927970004321,949927986604321,949927970462043,949927986635912,16.174,None,False,949927968004321,949927988635912
9426059,600,[NULL],[NULL],949928003456338,949928020056338,949928003994392,949928020072761,16.078,None,False,949928001456338,949928022072761
9426096,600,[NULL],[NULL],949928036910631,949928053510631,949928037382779,949928053522509,16.14,None,False,949928034910631,949928055522509
9426121,600,[NULL],[NULL],949928070361103,949928086961103,949928070694791,949928086971280,16.276,None,False,949928068361103,949928088971280
9426134,600,[NULL],[NULL],949928103811081,949928120411081,949928104253181,949928120939338,16.686,None,False,949928101811081,949928122939338
9426147,600,[NULL],[NULL],949928137261059,949928153861059,949928137727994,949928153860033,16.132,None,False,949928135261059,949928155861059
9426160,600,[NULL],[NULL],949928170820588,949928187420588,949928171235684,949928187296475,16.061,None,False,949928168820588,949928189420588
9426197,600,[NULL],[NULL],949928204259282,949928220859282,949928204751758,949928220747648,15.996,None,False,949928202259282,949928222859282
9426222,600,[NULL],[NULL],949928237695928,949928254295928,949928238199267,949928254183886,15.985,None,False,949928235695928,949928256295928
9426235,600,[NULL],[NULL],949928271133424,949928287733424,949928271466926,949928287646492,16.18,None,False,949928269133424,949928289733424
9426272,600,[NULL],[NULL],949928304568288,949928321168288,949928304889005,949928321082853,16.194,None,False,949928302568288,949928323168288
9426310,600,[NULL],[NULL],949928338008645,949928354608645,949928338451992,949928354534553,16.083,None,False,949928336008645,949928356608645
9426348,600,[NULL],[NULL],949928371446430,949928388046430,949928371715585,949928387966154,16.251,None,False,949928369446430,949928390046430
9426367,600,[NULL],[NULL],949928388159354,949928404759354,949928388506193,949928404686857,16.181,None,False,949928386159354,949928406759354
9426404,600,[NULL],[NULL],949928421593199,949928438193199,949928422065478,949928438115201,16.05,None,False,949928419593199,949928440193199
9426441,600,[NULL],[NULL],949928455026294,949928471626294,949928455431242,949928471564583,16.133,None,False,949928453026294,949928473626294
9426478,600,[NULL],[NULL],949928488455271,949928505055271,949928488882088,949928504994881,16.113,None,False,949928486455271,949928507055271
9426515,600,[NULL],[NULL],949928521883952,949928538483952,949928522263272,949928538519416,16.256,None,False,949928519883952,949928540519416
9426552,600,[NULL],[NULL],949928555311246,949928571911246,949928555811409,949928571875985,16.065,None,False,949928553311246,949928573911246
9426589,600,[NULL],[NULL],949928588756099,949928605356099,949928589102914,949928605311654,16.209,None,False,949928586756099,949928607356099
9426626,600,[NULL],[NULL],949928622181424,949928638781424,949928622561043,949928638753141,16.192,None,False,949928620181424,949928640781424
9426663,600,[NULL],[NULL],949928655605920,949928672205920,949928656076913,949928672193693,16.117,None,False,949928653605920,949928674205920
9426700,600,[NULL],[NULL],949928689031865,949928705631865,949928689454557,949928705625252,16.171,None,False,949928687031865,949928707631865
9426737,600,[NULL],[NULL],949928722456716,949928739056716,949928722996752,949928739064338,16.068,None,False,949928720456716,949928741064338
9426774,600,[NULL],[NULL],949928755880303,949928772480303,949928756241015,949928772507780,16.267,None,False,949928753880303,949928774507780
9426811,600,[NULL],[NULL],949928789304546,949928805904546,949928789617032,949928805937345,16.32,None,False,949928787304546,949928807937345
9426848,600,[NULL],[NULL],949928822801149,949928839401149,949928823201872,949928839365691,16.164,None,False,949928820801149,949928841401149
9426885,600,[NULL],[NULL],949928856234109,949928872834109,949928856677417,949928872810718,16.133,None,False,949928854234109,949928874834109
9426922,600,[NULL],[NULL],949928889664010,949928906264010,949928890107511,949928906250700,16.143,None,False,949928887664010,949928908264010
9426959,600,[NULL],[NULL],949928923096699,949928939696699,949928923561980,949928939686329,16.124,None,False,949928921096699,949928941696699
9426996,600,[NULL],[NULL],949928956529292,949928973129292,949928956961637,949928973161954,16.2,None,False,949928954529292,949928975161954
9427033,600,[NULL],[NULL],949928989964296,949929006564296,949928990377653,949929006582690,16.205,None,False,949928987964296,949929008582690
9427070,600,[NULL],[NULL],949929023407399,949929040007399,949929023788745,949929039999886,16.211,None,False,949929021407399,949929042007399
9427107,600,[NULL],[NULL],949929056847659,949929073447659,949929057263354,949929073475024,16.212,None,False,949929054847659,949929075475024
9427144,600,[NULL],[NULL],949929090282598,949929106882598,949929090713427,949929107012336,16.299,None,False,949929088282598,949929109012336
9427181,600,[NULL],[NULL],949929123725717,949929140325717,949929124172615,949929140342781,16.17,None,False,949929121725717,949929142342781
9427218,600,[NULL],[NULL],949929157188479,949929173788479,949929157648446,949929173769296,16.121,None,False,949929155188479,949929175788479
9427255,600,[NULL],[NULL],949929190627005,949929207227005,949929191026823,949929207218352,16.192,None,False,949929188627005,949929209227005
9427292,600,[NULL],[NULL],949929224062154,949929240662154,949929224496549,949929240649341,16.153,None,False,949929222062154,949929242662154
9427329,600,[NULL],[NULL],949929257510619,949929274110619,949929257901741,949929274093880,16.192,None,False,949929255510619,949929276110619
9427366,600,[NULL],[NULL],949929290947950,949929307547950,949929291380908,949929307525928,16.145,None,False,949929288947950,949929309547950
9427403,600,[NULL],[NULL],949929324385916,949929340985916,949929324781462,949929340966602,16.185,None,False,949929322385916,949929342985916
9427440,600,[NULL],[NULL],949929357823181,949929374423181,949929358305753,949929374412239,16.106,None,False,949929355823181,949929376423181
9427477,600,[NULL],[NULL],949929391260645,949929407860645,949929391724780,949929407850797,16.126,None,False,949929389260645,949929409860645
9427514,600,[NULL],[NULL],949929424699002,949929441299002,949929425201180,949929441286711,16.086,None,False,949929422699002,949929443299002
9427551,600,[NULL],[NULL],949929458137044,949929474737044,949929458579597,949929474726122,16.147,None,False,949929456137044,949929476737044
9427588,600,[NULL],[NULL],949929491574905,949929508174905,949929492089161,949929508168547,16.079,None,False,949929489574905,949929510174905
9427625,600,[NULL],[NULL],949929525011506,949929541611506,949929525414803,949929541600187,16.185,None,False,949929523011506,949929543611506
9427662,600,[NULL],[NULL],949929558447222,949929575047222,949929558923593,949929575039437,16.116,None,False,949929556447222,949929577047222
9427699,600,[NULL],[NULL],949929591882139,949929608482139,949929592286751,949929608473071,16.186,None,False,949929589882139,949929610482139
9427736,600,[NULL],[NULL],949929625316708,949929641916708,949929625774341,949929641919401,16.145,None,False,949929623316708,949929643919401
9427749,600,[NULL],[NULL],949929658749835,949929675349835,949929659075570,949929675373137,16.298,None,False,949929656749835,949929677373137
9427787,600,[NULL],[NULL],949929692188871,949929708788871,949929692701140,949929708815153,16.114,None,False,949929690188871,949929710815153
9427825,600,[NULL],[NULL],949929725629509,949929742229509,949929726103890,949929742250741,16.147,None,False,949929723629509,949929744250741
9427851,600,[NULL],[NULL],949929759067485,949929775667485,949929759453867,949929775719207,16.265,None,False,949929757067485,949929777719207
9427877,600,[NULL],[NULL],949929792508890,949929809108890,949929792873055,949929809151294,16.278,None,False,949929790508890,949929811151294
9427915,600,[NULL],[NULL],949929825969604,949929842569604,949929826329069,949929842594206,16.265,None,False,949929823969604,949929844594206
9427934,600,[NULL],[NULL],949929842695554,949929859295554,949929842953012,949929859317473,16.364,None,False,949929840695554,949929861317473
9427971,600,[NULL],[NULL],949929876140382,949929892740382,949929876574268,949929892762704,16.188,None,False,949929874140382,949929894762704
9428008,600,[NULL],[NULL],949929909586537,949929926186537,949929909996794,949929926199959,16.203,None,False,949929907586537,949929928199959
9428045,600,[NULL],[NULL],949929943032435,949929959632435,949929943411507,949929959703581,16.292,None,False,949929941032435,949929961703581
9428082,600,[NULL],[NULL],949929976477922,949929993077922,949929976959969,949929993057666,16.098,None,False,949929974477922,949929995077922
9428119,600,[NULL],[NULL],949930009935312,949930026535312,949930010365894,949930026493823,16.128,None,False,949930007935312,949930028535312
9428156,600,[NULL],[NULL],949930043373244,949930059973244,949930043903492,949930059942595,16.039,None,False,949930041373244,949930061973244
9428181,600,[NULL],[NULL],949930076810791,949930093410791,949930077065682,949930093376799,16.311,None,False,949930074810791,949930095410791
9428218,600,[NULL],[NULL],949930110249921,949930126849921,949930110725147,949930126798633,16.073,None,False,949930108249921,949930128849921
9428255,600,[NULL],[NULL],949930143686953,949930160286953,949930144112517,949930160237884,16.125,None,False,949930141686953,949930162286953
9428292,600,[NULL],[NULL],949930177119738,949930193719738,949930177487924,949930193663176,16.175,None,False,949930175119738,949930195719738
9428329,600,[NULL],[NULL],949930210552782,949930227152782,949930210858692,949930227101896,16.243,None,False,949930208552782,949930229152782
9428384,600,[NULL],[NULL],949930260701472,949930277301472,949930261035816,949930277257089,16.221,None,False,949930258701472,949930279301472
9428403,600,[NULL],[NULL],949930277410139,949930294010139,949930277785003,949930293974212,16.189,None,False,949930275410139,949930296010139
9428446,600,[NULL],[NULL],949930327556137,949930344156137,949930327958261,949930344145150,16.187,None,False,949930325556137,949930346156137
9428453,600,[NULL],[NULL],949930344264862,949930360864862,949930344635669,949930360822396,16.187,None,False,949930342264862,949930362864862
9428466,600,[NULL],[NULL],949930377697651,949930394297651,949930378010059,949930394264209,16.254,None,False,949930375697651,949930396297651
9428479,600,[NULL],[NULL],949930411122012,949930427722012,949930411626189,949930427694996,16.069,None,False,949930409122012,949930429722012
9428492,600,[NULL],[NULL],949930444547454,949930461147454,949930444886076,949930461134530,16.248,None,False,949930442547454,949930463147454
9428505,600,[NULL],[NULL],949930477975831,949930494575831,949930478334116,949930494566619,16.233,None,False,949930475975831,949930496575831
9428518,600,[NULL],[NULL],949930511404927,949930528004927,949930511816170,949930528013232,16.197,None,False,949930509404927,949930530013232
9428531,600,[NULL],[NULL],949930544834545,949930561434545,949930545320891,949930561473967,16.153,None,False,949930542834545,949930563473967
9428544,600,[NULL],[NULL],949930578267181,949930594867181,949930578619353,949930594883432,16.264,None,False,949930576267181,949930596883432
9428569,600,[NULL],[NULL],949930611706617,949930628306617,949930612109099,949930628314258,16.205,None,False,949930609706617,949930630314258
9428606,600,[NULL],[NULL],949930645140875,949930661740875,949930645624682,949930661751635,16.127,None,False,949930643140875,949930663751635
9428643,600,[NULL],[NULL],949930678583628,949930695183628,949930678993254,949930695199512,16.206,None,False,949930676583628,949930697199512
9428680,600,[NULL],[NULL],949930712017601,949930728617601,949930712324512,949930728628712,16.304,None,False,949930710017601,949930730628712
9428717,600,[NULL],[NULL],949930745454667,949930762054667,949930745834766,949930762062143,16.227,None,False,949930743454667,949930764062143
9428754,600,[NULL],[NULL],949930778892348,949930795492348,949930779143848,949930795497608,16.354,None,False,949930776892348,949930797497608
9428791,600,[NULL],[NULL],949930812329711,949930828929711,949930812587493,949930828961150,16.374,None,False,949930810329711,949930830961150
9428828,600,[NULL],[NULL],949930845765643,949930862365643,949930846142546,949930862382699,16.24,None,False,949930843765643,949930864382699
9428865,600,[NULL],[NULL],949930879208258,949930895808258,949930879418101,949930895845306,16.427,None,False,949930877208258,949930897845306
9428902,600,[NULL],[NULL],949930912646595,949930929246595,949930913009205,949930929268889,16.26,None,False,949930910646595,949930931268889
9428940,600,[NULL],[NULL],949930946090904,949930962690904,949930946531788,949930962719654,16.188,None,False,949930944090904,949930964719654
9428978,600,[NULL],[NULL],949930979532191,949930996132191,949930979912362,949930996156706,16.244,None,False,949930977532191,949930998156706
9429016,600,[NULL],[NULL],949931012976407,949931029576407,949931013345020,949931029597055,16.252,None,False,949931010976407,949931031597055
9429054,600,[NULL],[NULL],949931046422187,949931063022187,949931046801685,949931063017424,16.216,None,False,949931044422187,949931065022187
9429073,600,[NULL],[NULL],949931063144535,949931079744535,949931063466196,949931079744068,16.278,None,False,949931061144535,949931081744535
9429129,600,[NULL],[NULL],949931113301866,949931129901866,949931113660938,949931129913909,16.253,None,False,949931111301866,949931131913909
9429148,600,[NULL],[NULL],949931130021514,949931146621514,949931130284026,949931146632252,16.348,None,False,949931128021514,949931148632252
9429185,600,[NULL],[NULL],949931163462902,949931180062902,949931163919565,949931180065317,16.146,None,False,949931161462902,949931182065317
9429222,600,[NULL],[NULL],949931196903595,949931213503595,949931197299326,949931213502858,16.204,None,False,949931194903595,949931215503595
9429259,600,[NULL],[NULL],949931230343737,949931246943737,949931230705698,949931246938364,16.233,None,False,949931228343737,949931248943737
9429297,600,[NULL],[NULL],949931263786620,949931280386620,949931264167449,949931280366017,16.199,None,False,949931261786620,949931282386620
9429334,600,[NULL],[NULL],949931297225468,949931313825468,949931297506194,949931313830820,16.325,None,False,949931295225468,949931315830820
9429371,600,[NULL],[NULL],949931330660899,949931347260899,949931331017750,949931347256520,16.239,None,False,949931328660899,949931349260899
9429408,600,[NULL],[NULL],949931364101735,949931380701735,949931364438811,949931380681243,16.242,None,False,949931362101735,949931382701735
9429445,600,[NULL],[NULL],949931397540574,949931414140574,949931397854339,949931414127858,16.274,None,False,949931395540574,949931416140574
9429482,600,[NULL],[NULL],949931430975032,949931447575032,949931431352589,949931447583587,16.231,None,False,949931428975032,949931449583587
9429519,600,[NULL],[NULL],949931464410554,949931481010554,949931464878996,949931481011076,16.132,None,False,949931462410554,949931483011076
9429556,600,[NULL],[NULL],949931497849088,949931514449088,949931498301197,949931514441618,16.14,None,False,949931495849088,949931516449088
9429593,600,[NULL],[NULL],949931531287959,949931547887959,949931531726612,949931547884083,16.157,None,False,949931529287959,949931549887959
9429630,600,[NULL],[NULL],949931564722818,949931581322818,949931565088999,949931581312022,16.223,None,False,949931562722818,949931583322818
9429667,600,[NULL],[NULL],949931598161766,949931614761766,949931598607838,949931614759897,16.152,None,False,949931596161766,949931616761766
9429704,600,[NULL],[NULL],949931631596560,949931648196560,949931631926645,949931648197723,16.271,None,False,949931629596560,949931650197723
9429741,600,[NULL],[NULL],949931665035042,949931681635042,949931665442758,949931681633513,16.191,None,False,949931663035042,949931683635042
9429778,600,[NULL],[NULL],949931698473667,949931715073667,949931698860442,949931715058156,16.198,None,False,949931696473667,949931717073667
9429815,600,[NULL],[NULL],949931731911918,949931748511918,949931732336679,949931748506845,16.17,None,False,949931729911918,949931750511918
9429852,600,[NULL],[NULL],949931765345078,949931781945078,949931765797169,949931781931813,16.135,None,False,949931763345078,949931783945078
9429889,600,[NULL],[NULL],949931798781714,949931815381714,949931799170583,949931815375295,16.205,None,False,949931796781714,949931817381714
9429926,600,[NULL],[NULL],949931832217084,949931848817084,949931832683847,949931848791594,16.108,None,False,949931830217084,949931850817084
9429963,600,[NULL],[NULL],949931865653940,949931882253940,949931866170176,949931882253754,16.084,None,False,949931863653940,949931884253940
9430000,600,[NULL],[NULL],949931899085847,949931915685847,949931899466766,949931915664804,16.198,None,False,949931897085847,949931917685847
9430037,600,[NULL],[NULL],949931932523332,949931949123332,949931932879404,949931949105763,16.226,None,False,949931930523332,949931951123332
9430075,600,[NULL],[NULL],949931965954998,949931982554998,949931966440968,949931982550872,16.11,None,False,949931963954998,949931984554998
9430113,600,[NULL],[NULL],949931999386444,949932015986444,949931999759694,949932015975107,16.215,None,False,949931997386444,949932017986444
9430151,600,[NULL],[NULL],949932032823191,949932049423191,949932033193328,949932049411183,16.218,None,False,949932030823191,949932051423191
9430189,600,[NULL],[NULL],949932066255948,949932082855948,949932066726735,949932082854014,16.127,None,False,949932064255948,949932084855948
9430227,600,[NULL],[NULL],949932099687682,949932116287682,949932100148650,949932116292571,16.144,None,False,949932097687682,949932118292571
9430265,600,[NULL],[NULL],949932133121914,949932149721914,949932133504363,949932149715748,16.211,None,False,949932131121914,949932151721914
9430303,600,[NULL],[NULL],949932166559200,949932183159200,949932166932260,949932183159026,16.227,None,False,949932164559200,949932185159200
9430322,600,[NULL],[NULL],949932183275109,949932199875109,949932183704030,949932199886118,16.182,None,False,949932181275109,949932201886118
9430359,600,[NULL],[NULL],949932216709759,949932233309759,949932217115000,949932233287038,16.172,None,False,949932214709759,949932235309759
9430396,600,[NULL],[NULL],949932250147106,949932266747106,949932250514454,949932266718841,16.204,None,False,949932248147106,949932268747106
9430433,600,[NULL],[NULL],949932283576264,949932300176264,949932283943207,949932300162364,16.219,None,False,949932281576264,949932302176264
9430470,600,[NULL],[NULL],949932317006408,949932333606408,949932317475758,949932333631398,16.156,None,False,949932315006408,949932335631398
9430507,600,[NULL],[NULL],949932350439078,949932367039078,949932350961761,949932367028615,16.067,None,False,949932348439078,949932369039078
9430544,600,[NULL],[NULL],949932383879318,949932400479318,949932384341318,949932400469492,16.128,None,False,949932381879318,949932402479318
9430581,600,[NULL],[NULL],949932417309811,949932433909811,949932417730519,949932433908823,16.178,None,False,949932415309811,949932435909811
9430618,600,[NULL],[NULL],949932450743416,949932467343416,949932451131072,949932467337208,16.206,None,False,949932448743416,949932469343416
9430655,600,[NULL],[NULL],949932484177276,949932500777276,949932484607269,949932500768808,16.162,None,False,949932482177276,949932502777276
9430692,600,[NULL],[NULL],949932517610920,949932534210920,949932518057505,949932534189463,16.132,None,False,949932515610920,949932536210920
9430729,600,[NULL],[NULL],949932551041503,949932567641503,949932551515919,949932567624887,16.109,None,False,949932549041503,949932569641503
9430766,600,[NULL],[NULL],949932584472802,949932601072802,949932584902231,949932601061574,16.159,None,False,949932582472802,949932603072802
9430803,600,[NULL],[NULL],949932617901711,949932634501711,949932618280121,949932634485199,16.205,None,False,949932615901711,949932636501711
9430840,600,[NULL],[NULL],949932651332313,949932667932313,949932651772633,949932667925139,16.153,None,False,949932649332313,949932669932313
9430877,600,[NULL],[NULL],949932684762085,949932701362085,949932685151377,949932701368378,16.217,None,False,949932682762085,949932703368378
9430914,600,[NULL],[NULL],949932718192520,949932734792520,949932718626637,949932734789479,16.163,None,False,949932716192520,949932736792520
9430951,600,[NULL],[NULL],949932751625578,949932768225578,949932752095021,949932768226043,16.131,None,False,949932749625578,949932770226043
9430988,600,[NULL],[NULL],949932785057108,949932801657108,949932785471567,949932801670176,16.199,None,False,949932783057108,949932803670176
9431025,600,[NULL],[NULL],949932818490358,949932835090358,949932818929779,949932835094941,16.165,None,False,949932816490358,949932837094941
9431062,600,[NULL],[NULL],949932851924647,949932868524647,949932852361419,949932868544402,16.183,None,False,949932849924647,949932870544402
9431099,600,[NULL],[NULL],949932885358280,949932901958280,949932885779957,949932901971770,16.192,None,False,949932883358280,949932903971770
9431136,600,[NULL],[NULL],949932918797272,949932935397272,949932919320688,949932935402394,16.082,None,False,949932916797272,949932937402394
9431173,600,[NULL],[NULL],949932952230756,949932968830756,949932952516286,949932968849334,16.333,None,False,949932950230756,949932970849334
9431210,600,[NULL],[NULL],949932985663094,949933002263094,949932986068817,949933002285776,16.217,None,False,949932983663094,949933004285776
9431247,600,[NULL],[NULL],949933019099438,949933035699438,949933019543996,949933035722870,16.179,None,False,949933017099438,949933037722870
9431284,600,[NULL],[NULL],949933052540759,949933069140759,949933052944712,949933069167613,16.223,None,False,949933050540759,949933071167613
9431321,600,[NULL],[NULL],949933085978163,949933102578163,949933086394989,949933102617726,16.223,None,False,949933083978163,949933104617726
9431358,600,[NULL],[NULL],949933119418784,949933136018784,949933119830332,949933136060394,16.23,None,False,949933117418784,949933138060394
9431395,600,[NULL],[NULL],949933152863188,949933169463188,949933153156627,949933169484508,16.328,None,False,949933150863188,949933171484508
9431433,600,[NULL],[NULL],949933186307991,949933202907991,949933186696909,949933202936777,16.24,None,False,949933184307991,949933204936777
9431470,600,[NULL],[NULL],949933219750029,949933236350029,949933220100881,949933236387217,16.286,None,False,949933217750029,949933238387217
9431508,600,[NULL],[NULL],949933253193434,949933269793434,949933253586192,949933269810517,16.224,None,False,949933251193434,949933271810517
9431546,600,[NULL],[NULL],949933286639323,949933303239323,949933287028452,949933303231374,16.203,None,False,949933284639323,949933305239323
9431584,600,[NULL],[NULL],949933320081977,949933336681977,949933320563608,949933336666473,16.103,None,False,949933318081977,949933338681977
9431622,600,[NULL],[NULL],949933353519066,949933370119066,949933353909636,949933370139576,16.23,None,False,949933351519066,949933372139576
9431660,600,[NULL],[NULL],949933386955859,949933403555859,949933387352020,949933403573984,16.222,None,False,949933384955859,949933405573984
9431674,600,[NULL],[NULL],949933420401593,949933437001593,949933420834238,949933436986094,16.152,None,False,949933418401593,949933439001593
9431681,600,[NULL],[NULL],949933437124459,949933453724459,949933437610443,949933453703827,16.093,None,False,949933435124459,949933455724459
9431694,600,[NULL],[NULL],949933470560524,949933487160524,949933470958954,949933487160167,16.201,None,False,949933468560524,949933489160524
9431707,600,[NULL],[NULL],949933503997744,949933520597744,949933504435964,949933520589813,16.154,None,False,949933501997744,949933522597744
9431720,600,[NULL],[NULL],949933537436971,949933554036971,949933537849782,949933554022308,16.173,None,False,949933535436971,949933556036971
9431733,600,[NULL],[NULL],949933570875440,949933587475440,949933571253835,949933587461029,16.207,None,False,949933568875440,949933589475440
9431770,600,[NULL],[NULL],949933604311149,949933620911149,949933604663299,949933620946706,16.283,None,False,949933602311149,949933622946706
9431807,600,[NULL],[NULL],949933637746201,949933654346201,949933638175060,949933654327851,16.153,None,False,949933635746201,949933656346201
9431844,600,[NULL],[NULL],949933671192033,949933687792033,949933671577566,949933687774384,16.197,None,False,949933669192033,949933689792033
9431881,600,[NULL],[NULL],949933704624408,949933721224408,949933704962941,949933721207244,16.244,None,False,949933702624408,949933723224408
9431918,600,[NULL],[NULL],949933738058501,949933754658501,949933738544850,949933754636403,16.092,None,False,949933736058501,949933756658501
9431955,600,[NULL],[NULL],949933771492063,949933788092063,949933771959280,949933788061208,16.102,None,False,949933769492063,949933790092063
9431992,600,[NULL],[NULL],949933804925415,949933821525415,949933805391327,949933821493663,16.102,None,False,949933802925415,949933823525415
9432029,600,[NULL],[NULL],949933838356883,949933854956883,949933838820649,949933854934215,16.114,None,False,949933836356883,949933856956883
9432066,600,[NULL],[NULL],949933871786025,949933888386025,949933872180390,949933888408051,16.228,None,False,949933869786025,949933890408051
9432103,600,[NULL],[NULL],949933905218319,949933921818319,949933905690602,949933921855438,16.165,None,False,949933903218319,949933923855438
9432140,600,[NULL],[NULL],949933938660806,949933955260806,949933939085663,949933955246715,16.161,None,False,949933936660806,949933957260806
9432177,600,[NULL],[NULL],949933972103740,949933988703740,949933972552745,949933988704966,16.152,None,False,949933970103740,949933990704966
9432214,600,[NULL],[NULL],949934005534216,949934022134216,949934006030487,949934022115692,16.085,None,False,949934003534216,949934024134216
9432251,600,[NULL],[NULL],949934038969224,949934055569224,949934039376354,949934055552664,16.176,None,False,949934036969224,949934057569224
9432288,600,[NULL],[NULL],949934072402917,949934089002917,949934072975189,949934088993134,16.018,None,False,949934070402917,949934091002917
9432325,600,[NULL],[NULL],949934105837032,949934122437032,949934106147186,949934122442271,16.295,None,False,949934103837032,949934124442271
9432362,600,[NULL],[NULL],949934139269533,949934155869533,949934139747203,949934155866669,16.119,None,False,949934137269533,949934157869533
9432387,600,[NULL],[NULL],949934172704662,949934189304662,949934173126720,949934189324107,16.197,None,False,949934170704662,949934191324107
9432400,600,[NULL],[NULL],949934206139678,949934222739678,949934206520274,949934222756602,16.236,None,False,949934204139678,949934224756602
9432425,600,[NULL],[NULL],949934239578691,949934256178691,949934240241302,949934256179331,15.938,None,False,949934237578691,949934258179331
9432462,600,[NULL],[NULL],949934273016214,949934289616214,949934273497325,949934289624156,16.127,None,False,949934271016214,949934291624156
9432499,600,[NULL],[NULL],949934306451025,949934323051025,949934306889985,949934323078136,16.188,None,False,949934304451025,949934325078136
9432524,600,[NULL],[NULL],949934339894255,949934356494255,949934340204437,949934356519013,16.315,None,False,949934337894255,949934358519013
9432562,600,[NULL],[NULL],949934373334798,949934389934798,949934373744640,949934389965302,16.221,None,False,949934371334798,949934391965302
9432600,600,[NULL],[NULL],949934406777429,949934423377429,949934407280894,949934423448253,16.167,None,False,949934404777429,949934425448253
9432619,600,[NULL],[NULL],949934423502495,949934440102495,949934423905935,949934440109182,16.203,None,False,949934421502495,949934442109182
9432656,600,[NULL],[NULL],949934456954462,949934473554462,949934457344534,949934473532522,16.188,None,False,949934454954462,949934475554462
9432693,600,[NULL],[NULL],949934490391891,949934506991891,949934490733410,949934506983491,16.25,None,False,949934488391891,949934508991891
9432730,600,[NULL],[NULL],949934523825488,949934540425488,949934524217175,949934540420828,16.204,None,False,949934521825488,949934542425488
9432767,600,[NULL],[NULL],949934557262046,949934573862046,949934557692963,949934573868703,16.176,None,False,949934555262046,949934575868703
9432804,600,[NULL],[NULL],949934590703093,949934607303093,949934591191050,949934607290497,16.099,None,False,949934588703093,949934609303093
9432841,600,[NULL],[NULL],949934624147918,949934640747918,949934624522431,949934640756928,16.234,None,False,949934622147918,949934642756928
9432878,600,[NULL],[NULL],949934657583569,949934674183569,949934657984792,949934674161591,16.177,None,False,949934655583569,949934676183569
9432915,600,[NULL],[NULL],949934691028186,949934707628186,949934691483003,949934707585949,16.103,None,False,949934689028186,949934709628186
9432952,600,[NULL],[NULL],949934724461548,949934741061548,949934724797007,949934741032155,16.235,None,False,949934722461548,949934743061548
9432989,600,[NULL],[NULL],949934757891563,949934774491563,949934758209971,949934774501842,16.292,None,False,949934755891563,949934776501842
9433026,600,[NULL],[NULL],949934791323915,949934807923915,949934791640677,949934807906586,16.266,None,False,949934789323915,949934809923915
9433063,600,[NULL],[NULL],949934824764699,949934841364699,949934825232188,949934841340261,16.108,None,False,949934822764699,949934843364699
9433100,600,[NULL],[NULL],949934858196026,949934874796026,949934858674083,949934874780365,16.106,None,False,949934856196026,949934876796026
9433125,600,[NULL],[NULL],949934891629161,949934908229161,949934892067190,949934908211843,16.145,None,False,949934889629161,949934910229161
9433162,600,[NULL],[NULL],949934925062318,949934941662318,949934925497325,949934941665904,16.169,None,False,949934923062318,949934943665904
9433199,600,[NULL],[NULL],949934958492465,949934975092465,949934959017548,949934975092866,16.075,None,False,949934956492465,949934977092866
9433224,600,[NULL],[NULL],949934991927225,949935008527225,949934992425670,949935008534679,16.109,None,False,949934989927225,949935010534679
9433249,600,[NULL],[NULL],949935025361759,949935041961759,949935025845755,949935041973360,16.128,None,False,949935023361759,949935043973360
9433286,600,[NULL],[NULL],949935058798039,949935075398039,949935059212576,949935075398896,16.186,None,False,949935056798039,949935077398896
9433323,600,[NULL],[NULL],949935092235919,949935108835919,949935092756521,949935108847138,16.091,None,False,949935090235919,949935110847138
9433348,600,[NULL],[NULL],949935125677332,949935142277332,949935126131725,949935142261689,16.13,None,False,949935123677332,949935144277332
9433361,600,[NULL],[NULL],949935159114913,949935175714913,949935159498709,949935175752411,16.254,None,False,949935157114913,949935177752411
9433386,600,[NULL],[NULL],949935192546011,949935209146011,949935192956189,949935209151013,16.195,None,False,949935190546011,949935211151013
9433423,600,[NULL],[NULL],949935225990666,949935242590666,949935226469412,949935242591930,16.123,None,False,949935223990666,949935244591930
9433460,600,[NULL],[NULL],949935259426648,949935276026648,949935259925061,949935276023978,16.099,None,False,949935257426648,949935278026648
9433473,600,[NULL],[NULL],949935292865062,949935309465062,949935293324799,949935309455496,16.131,None,False,949935290865062,949935311465062
9433486,600,[NULL],[NULL],949935326300746,949935342900746,949935326715506,949935342897716,16.182,None,False,949935324300746,949935344900746
9433523,600,[NULL],[NULL],949935359739154,949935376339154,949935360164195,949935376369029,16.205,None,False,949935357739154,949935378369029
9433560,600,[NULL],[NULL],949935393175201,949935409775201,949935393576957,949935409803560,16.227,None,False,949935391175201,949935411803560
9433597,600,[NULL],[NULL],949935426616959,949935443216959,949935427029674,949935443225393,16.196,None,False,949935424616959,949935445225393
9433634,600,[NULL],[NULL],949935460058684,949935476658684,949935460415131,949935476683320,16.268,None,False,949935458058684,949935478683320
9433672,600,[NULL],[NULL],949935493500974,949935510100974,949935493901662,949935510121796,16.22,None,False,949935491500974,949935512121796
9433709,600,[NULL],[NULL],949935526943723,949935543543723,949935527221487,949935543550792,16.329,None,False,949935524943723,949935545550792
9433747,600,[NULL],[NULL],949935560385678,949935576985678,949935560787690,949935576981863,16.194,None,False,949935558385678,949935578985678
9433784,600,[NULL],[NULL],949935593825484,949935610425484,949935594196219,949935610423514,16.227,None,False,949935591825484,949935612425484
9433822,600,[NULL],[NULL],949935627263093,949935643863093,949935627713308,949935643847749,16.134,None,False,949935625263093,949935645863093
9433841,600,[NULL],[NULL],949935643983657,949935660583657,949935644365571,949935660565156,16.2,None,False,949935641983657,949935662583657
9433878,600,[NULL],[NULL],949935677419840,949935694019840,949935677856986,949935694019624,16.163,None,False,949935675419840,949935696019840
9433915,600,[NULL],[NULL],949935710856092,949935727456092,949935711157766,949935727418997,16.261,None,False,949935708856092,949935729456092
9433952,600,[NULL],[NULL],949935744296000,949935760896000,949935744669486,949935760856417,16.187,None,False,949935742296000,949935762896000
9433989,600,[NULL],[NULL],949935777725994,949935794325994,949935778163545,949935794278088,16.115,None,False,949935775725994,949935796325994
9434026,600,[NULL],[NULL],949935811157837,949935827757837,949935811550304,949935827717459,16.167,None,False,949935809157837,949935829757837
9434063,600,[NULL],[NULL],949935844583228,949935861183228,949935845021902,949935861145600,16.124,None,False,949935842583228,949935863183228
9434100,600,[NULL],[NULL],949935878016298,949935894616298,949935878407726,949935894577566,16.17,None,False,949935876016298,949935896616298
9434137,600,[NULL],[NULL],949935911443285,949935928043285,949935911835785,949935928027761,16.192,None,False,949935909443285,949935930043285
9434174,600,[NULL],[NULL],949935944869848,949935961469848,949935945327689,949935961446667,16.119,None,False,949935942869848,949935963469848
9434211,600,[NULL],[NULL],949935978299303,949935994899303,949935978728852,949935994895112,16.166,None,False,949935976299303,949935996899303
9434248,600,[NULL],[NULL],949936011724292,949936028324292,949936012127127,949936028347505,16.22,None,False,949936009724292,949936030347505
9434285,600,[NULL],[NULL],949936045153222,949936061753222,949936045586722,949936061780651,16.194,None,False,949936043153222,949936063780651
9434322,600,[NULL],[NULL],949936078590552,949936095190552,949936078995250,949936095220470,16.225,None,False,949936076590552,949936097220470
9434359,600,[NULL],[NULL],949936112027541,949936128627541,949936112455822,949936128658011,16.202,None,False,949936110027541,949936130658011
9434372,600,[NULL],[NULL],949936145463923,949936162063923,949936145909884,949936162094088,16.184,None,False,949936143463923,949936164094088
9434409,600,[NULL],[NULL],949936178903746,949936195503746,949936179359793,949936195518851,16.159,None,False,949936176903746,949936197518851
9434446,600,[NULL],[NULL],949936212344341,949936228944341,949936212829927,949936228969575,16.14,None,False,949936210344341,949936230969575
9434483,600,[NULL],[NULL],949936245782050,949936262382050,949936246303478,949936262409476,16.106,None,False,949936243782050,949936264409476
9434520,600,[NULL],[NULL],949936279222804,949936295822804,949936279635102,949936295828136,16.193,None,False,949936277222804,949936297828136
9434557,600,[NULL],[NULL],949936312665291,949936329265291,949936313068086,949936329260062,16.192,None,False,949936310665291,949936331265291
9434594,600,[NULL],[NULL],949936346102734,949936362702734,949936346536063,949936362706066,16.17,None,False,949936344102734,949936364706066
9434631,600,[NULL],[NULL],949936379539785,949936396139785,949936380065563,949936396149833,16.084,None,False,949936377539785,949936398149833
9434668,600,[NULL],[NULL],949936412981727,949936429581727,949936413347790,949936429586274,16.238,None,False,949936410981727,949936431586274
9434705,600,[NULL],[NULL],949936446420855,949936463020855,949936446864147,949936463150036,16.286,None,False,949936444420855,949936465150036
9434742,600,[NULL],[NULL],949936479860646,949936496460646,949936480338268,949936496462943,16.125,None,False,949936477860646,949936498462943
9434779,600,[NULL],[NULL],949936513325570,949936529925570,949936513719739,949936529889376,16.17,None,False,949936511325570,949936531925570
9434804,600,[NULL],[NULL],949936546761589,949936563361589,949936547248303,949936563328421,16.08,None,False,949936544761589,949936565361589
9434817,600,[NULL],[NULL],949936580194620,949936596794620,949936580700979,949936596764985,16.064,None,False,949936578194620,949936598794620
9434830,600,[NULL],[NULL],949936613627116,949936630227116,949936613944063,949936630283581,16.34,None,False,949936611627116,949936632283581
9434843,600,[NULL],[NULL],949936647060972,949936663660972,949936647407808,949936663624605,16.217,None,False,949936645060972,949936665660972
9434856,600,[NULL],[NULL],949936680510013,949936697110013,949936680936821,949936697199842,16.263,None,False,949936678510013,949936699199842
9434869,600,[NULL],[NULL],949936713938142,949936730538142,949936714325451,949936730506807,16.181,None,False,949936711938142,949936732538142
9434882,600,[NULL],[NULL],949936747398507,949936763998507,949936747824474,949936763940726,16.116,None,False,949936745398507,949936765998507
9434895,600,[NULL],[NULL],949936780828388,949936797428388,949936781274020,949936797374565,16.101,None,False,949936778828388,949936799428388
9434920,600,[NULL],[NULL],949936814258167,949936830858167,949936814513277,949936830796968,16.284,None,False,949936812258167,949936832858167
9434957,600,[NULL],[NULL],949936847687733,949936864287733,949936848214123,949936864229748,16.016,None,False,949936845687733,949936866287733
9434994,600,[NULL],[NULL],949936881114412,949936897714412,949936881407726,949936897686168,16.278,None,False,949936879114412,949936899714412
9435013,600,[NULL],[NULL],949936897821104,949936914421104,949936898212862,949936914373425,16.161,None,False,949936895821104,949936916421104
9435050,600,[NULL],[NULL],949936931252495,949936947852495,949936931583142,949936947813733,16.231,None,False,949936929252495,949936949852495
9435087,600,[NULL],[NULL],949936964678155,949936981278155,949936965025362,949936981263643,16.238,None,False,949936962678155,949936983278155
9435124,600,[NULL],[NULL],949936998103217,949937014703217,949936998482230,949937014692313,16.21,None,False,949936996103217,949937016703217
9435161,600,[NULL],[NULL],949937031530465,949937048130465,949937031953299,949937048146984,16.194,None,False,949937029530465,949937050146984
9435217,600,[NULL],[NULL],949937081673581,949937098273581,949937082082206,949937098310722,16.229,None,False,949937079673581,949937100310722
9435236,600,[NULL],[NULL],949937098389195,949937114989195,949937098774385,949937115005668,16.231,None,False,949937096389195,949937117005668
9435273,600,[NULL],[NULL],949937131824053,949937148424053,949937132249808,949937148435965,16.186,None,False,949937129824053,949937150435965
9435310,600,[NULL],[NULL],949937165270202,949937181870202,949937165618501,949937181866833,16.248,None,False,949937163270202,949937183870202
9435347,600,[NULL],[NULL],949937198701450,949937215301450,949937199166149,949937215328137,16.162,None,False,949937196701450,949937217328137
9435384,600,[NULL],[NULL],949937232130845,949937248730845,949937232492240,949937248761365,16.269,None,False,949937230130845,949937250761365
9435421,600,[NULL],[NULL],949937265566388,949937282166388,949937266000866,949937282206473,16.206,None,False,949937263566388,949937284206473
9435458,600,[NULL],[NULL],949937299001747,949937315601747,949937299266004,949937315630750,16.365,None,False,949937297001747,949937317630750
9435495,600,[NULL],[NULL],949937332450318,949937349050318,949937332886732,949937349066867,16.18,None,False,949937330450318,949937351066867
9435532,600,[NULL],[NULL],949937365884760,949937382484760,949937366312552,949937382491467,16.179,None,False,949937363884760,949937384491467
9435569,600,[NULL],[NULL],949937399338184,949937415938184,949937399759534,949937415950696,16.191,None,False,949937397338184,949937417950696
9435606,600,[NULL],[NULL],949937432774089,949937449374089,949937433120251,949937449389620,16.269,None,False,949937430774089,949937451389620
9435631,600,[NULL],[NULL],949937466214997,949937482814997,949937466574963,949937482834403,16.259,None,False,949937464214997,949937484834403
9435656,600,[NULL],[NULL],949937499655959,949937516255959,949937500159721,949937516286511,16.127,None,False,949937497655959,949937518286511
9435669,600,[NULL],[NULL],949937533096799,949937549696799,949937533484997,949937549895601,16.411,None,False,949937531096799,949937551895601
9435706,600,[NULL],[NULL],949937566540063,949937583140063,949937567011691,949937583152601,16.141,None,False,949937564540063,949937585152601
9435731,600,[NULL],[NULL],949937600021845,949937616621845,949937600422701,949937616606010,16.183,None,False,949937598021845,949937618621845
9435768,600,[NULL],[NULL],949937633458191,949937650058191,949937633876273,949937650048270,16.172,None,False,949937631458191,949937652058191
9435781,600,[NULL],[NULL],949937666897737,949937683497737,949937667346895,949937683492037,16.145,None,False,949937664897737,949937685497737
9435818,600,[NULL],[NULL],949937700339184,949937716939184,949937700947563,949937716932548,15.985,None,False,949937698339184,949937718939184
9435831,600,[NULL],[NULL],949937733779992,949937750379992,949937734221732,949937750368827,16.147,None,False,949937731779992,949937752379992
9435844,600,[NULL],[NULL],949937767223218,949937783823218,949937767673067,949937783821871,16.149,None,False,949937765223218,949937785823218
9435881,600,[NULL],[NULL],949937800665820,949937817265820,949937801096366,949937817277193,16.181,None,False,949937798665820,949937819277193
9435918,600,[NULL],[NULL],949937834108591,949937850708591,949937834626112,949937850720024,16.094,None,False,949937832108591,949937852720024
9435955,600,[NULL],[NULL],949937867553155,949937884153155,949937868102551,949937884176526,16.074,None,False,949937865553155,949937886176526
9435992,600,[NULL],[NULL],949937900996372,949937917596372,949937901293550,949937917595959,16.302,None,False,949937898996372,949937919596372
9436029,600,[NULL],[NULL],949937934445063,949937951045063,949937934881401,949937951069633,16.188,None,False,949937932445063,949937953069633
9436066,600,[NULL],[NULL],949937967887414,949937984487414,949937968310315,949937984492037,16.182,None,False,949937965887414,949937986492037
9436103,600,[NULL],[NULL],949938001337478,949938017937478,949938001619071,949938017937064,16.318,None,False,949937999337478,949938019937478
9436141,600,[NULL],[NULL],949938034780084,949938051380084,949938035217785,949938051403983,16.186,None,False,949938032780084,949938053403983
9436179,600,[NULL],[NULL],949938068222642,949938084822642,949938068700614,949938084915336,16.215,None,False,949938066222642,949938086915336
9436217,600,[NULL],[NULL],949938101667667,949938118267667,949938102081189,949938118288383,16.207,None,False,949938099667667,949938120288383
9436255,600,[NULL],[NULL],949938135128398,949938151728398,949938135555228,949938151764620,16.209,None,False,949938133128398,949938153764620
9436274,600,[NULL],[NULL],949938151849917,949938168449917,949938152137871,949938168444023,16.306,None,False,949938149849917,949938170449917
9436311,600,[NULL],[NULL],949938185299685,949938201899685,949938185712822,949938201898817,16.186,None,False,949938183299685,949938203899685
9436348,600,[NULL],[NULL],949938218741048,949938235341048,949938219149548,949938235344087,16.195,None,False,949938216741048,949938237344087
9436385,600,[NULL],[NULL],949938252206073,949938268806073,949938252622856,949938268781873,16.159,None,False,949938250206073,949938270806073
9436422,600,[NULL],[NULL],949938285650033,949938302250033,949938285956230,949938302223604,16.267,None,False,949938283650033,949938304250033
9436459,600,[NULL],[NULL],949938319093309,949938335693309,949938319483654,949938335662365,16.179,None,False,949938317093309,949938337693309
9436496,600,[NULL],[NULL],949938352535455,949938369135455,949938352890556,949938369112399,16.222,None,False,949938350535455,949938371135455
9436533,600,[NULL],[NULL],949938385976024,949938402576024,949938386465100,949938402547335,16.082,None,False,949938383976024,949938404576024
9436570,600,[NULL],[NULL],949938419417138,949938436017138,949938419973523,949938436012057,16.039,None,False,949938417417138,949938438017138
9436583,600,[NULL],[NULL],949938452854800,949938469454800,949938453303561,949938469448743,16.145,None,False,949938450854800,949938471454800
9436596,600,[NULL],[NULL],949938486297799,949938502897799,949938486785291,949938502883598,16.098,None,False,949938484297799,949938504897799
9436621,600,[NULL],[NULL],949938519740064,949938536340064,949938520211642,949938536319470,16.108,None,False,949938517740064,949938538340064
9436658,600,[NULL],[NULL],949938553180056,949938569780056,949938553661268,949938569766045,16.105,None,False,949938551180056,949938571780056
9436695,600,[NULL],[NULL],949938586619695,949938603219695,949938587041558,949938603221123,16.18,None,False,949938584619695,949938605221123
9436732,600,[NULL],[NULL],949938620056941,949938636656941,949938620470757,949938636650200,16.179,None,False,949938618056941,949938638656941
9436769,600,[NULL],[NULL],949938653500269,949938670100269,949938653954969,949938670089978,16.135,None,False,949938651500269,949938672100269
9436806,600,[NULL],[NULL],949938686937863,949938703537863,949938687529391,949938703540052,16.011,None,False,949938684937863,949938705540052
9436843,600,[NULL],[NULL],949938720374711,949938736974711,949938720845594,949938736979138,16.134,None,False,949938718374711,949938738979138
9436880,600,[NULL],[NULL],949938753816082,949938770416082,949938754236789,949938770414035,16.177,None,False,949938751816082,949938772416082
9436917,600,[NULL],[NULL],949938787265388,949938803865388,949938787708916,949938803856662,16.148,None,False,949938785265388,949938805865388
9436954,600,[NULL],[NULL],949938820705186,949938837305186,949938821044568,949938837298312,16.254,None,False,949938818705186,949938839305186
9436991,600,[NULL],[NULL],949938854149250,949938870749250,949938854570814,949938870747043,16.176,None,False,949938852149250,949938872749250
9437028,600,[NULL],[NULL],949938887588449,949938904188449,949938888081474,949938904179456,16.098,None,False,949938885588449,949938906188449
9437065,600,[NULL],[NULL],949938921030663,949938937630663,949938921468193,949938937630058,16.162,None,False,949938919030663,949938939630663
9437102,600,[NULL],[NULL],949938954471090,949938971071090,949938954890109,949938971065402,16.175,None,False,949938952471090,949938973071090
9437139,600,[NULL],[NULL],949938987912956,949939004512956,949938988314995,949939004536227,16.221,None,False,949938985912956,949939006536227
9437176,600,[NULL],[NULL],949939021353010,949939037953010,949939021720757,949939037960421,16.24,None,False,949939019353010,949939039960421
9437201,600,[NULL],[NULL],949939054798593,949939071398593,949939055102022,949939071398856,16.297,None,False,949939052798593,949939073398856
9437239,600,[NULL],[NULL],949939088241313,949939104841313,949939088735364,949939104849174,16.114,None,False,949939086241313,949939106849174
9437277,600,[NULL],[NULL],949939121682100,949939138282100,949939122118625,949939138286715,16.168,None,False,949939119682100,949939140286715
9437296,600,[NULL],[NULL],949939138406246,949939155006246,949939138738945,949939155016981,16.278,None,False,949939136406246,949939157016981
9437333,600,[NULL],[NULL],949939171849733,949939188449733,949939172169244,949939188451470,16.282,None,False,949939169849733,949939190451470
9437370,600,[NULL],[NULL],949939205294236,949939221894236,949939205569308,949939221918551,16.349,None,False,949939203294236,949939223918551
9437407,600,[NULL],[NULL],949939238736394,949939255336394,949939239070813,949939255346611,16.276,None,False,949939236736394,949939257346611
9437432,600,[NULL],[NULL],949939272184267,949939288784267,949939272521620,949939288789849,16.268,None,False,949939270184267,949939290789849
9437445,600,[NULL],[NULL],949939305630328,949939322230328,949939306039808,949939322219902,16.18,None,False,949939303630328,949939324230328
9437482,600,[NULL],[NULL],949939339074635,949939355674635,949939339479180,949939355658054,16.179,None,False,949939337074635,949939357674635
9437519,600,[NULL],[NULL],949939372516284,949939389116284,949939372932101,949939389091525,16.159,None,False,949939370516284,949939391116284
9437556,600,[NULL],[NULL],949939405957612,949939422557612,949939406368503,949939422537855,16.169,None,False,949939403957612,949939424557612
9437593,600,[NULL],[NULL],949939439396625,949939455996625,949939439959812,949939455963311,16.003,None,False,949939437396625,949939457996625
9437630,600,[NULL],[NULL],949939472835786,949939489435786,949939473246595,949939489402763,16.156,None,False,949939470835786,949939491435786
9437667,600,[NULL],[NULL],949939506271271,949939522871271,949939506698540,949939522851738,16.153,None,False,949939504271271,949939524871271
9437704,600,[NULL],[NULL],949939539706203,949939556306203,949939540142998,949939556288628,16.146,None,False,949939537706203,949939558306203
9437741,600,[NULL],[NULL],949939573144138,949939589744138,949939573582614,949939589725477,16.143,None,False,949939571144138,949939591744138
9437778,600,[NULL],[NULL],949939606579747,949939623179747,949939607022555,949939623156426,16.134,None,False,949939604579747,949939625179747
9437815,600,[NULL],[NULL],949939640015586,949939656615586,949939640483778,949939656591973,16.108,None,False,949939638015586,949939658615586
9437852,600,[NULL],[NULL],949939673448412,949939690048412,949939673869357,949939690018202,16.149,None,False,949939671448412,949939692048412
9437877,600,[NULL],[NULL],949939706884596,949939723484596,949939707275159,949939723469943,16.195,None,False,949939704884596,949939725484596
9437914,600,[NULL],[NULL],949939740315911,949939756915911,949939740725802,949939756903822,16.178,None,False,949939738315911,949939758915911
9437951,600,[NULL],[NULL],949939773750365,949939790350365,949939774175876,949939790338026,16.162,None,False,949939771750365,949939792350365
9437988,600,[NULL],[NULL],949939807184972,949939823784972,949939807711480,949939823791314,16.08,None,False,949939805184972,949939825791314
9438025,600,[NULL],[NULL],949939840618268,949939857218268,949939841010594,949939857223972,16.213,None,False,949939838618268,949939859223972
9438062,600,[NULL],[NULL],949939874056317,949939890656317,949939874446058,949939890664564,16.219,None,False,949939872056317,949939892664564
9438099,600,[NULL],[NULL],949939907492375,949939924092375,949939907958916,949939924109388,16.15,None,False,949939905492375,949939926109388
9438136,600,[NULL],[NULL],949939940932634,949939957532634,949939941371677,949939957539606,16.168,None,False,949939938932634,949939959539606
9438173,600,[NULL],[NULL],949939974373270,949939990973270,949939974805840,949939990981743,16.176,None,False,949939972373270,949939992981743
9438198,600,[NULL],[NULL],949940007812875,949940024412875,949940008345636,949940024418959,16.073,None,False,949940005812875,949940026418959
9438211,600,[NULL],[NULL],949940041252507,949940057852507,949940041638929,949940057836480,16.198,None,False,949940039252507,949940059852507
9438224,600,[NULL],[NULL],949940074692009,949940091292009,949940074953057,949940091279880,16.327,None,False,949940072692009,949940093292009
9438262,600,[NULL],[NULL],949940108126417,949940124726417,949940108518691,949940124784682,16.266,None,False,949940106126417,949940126784682
9438288,600,[NULL],[NULL],949940141563356,949940158163356,949940141998263,949940158141371,16.143,None,False,949940139563356,949940160163356
9438302,600,[NULL],[NULL],949940175013383,949940191613383,949940175479750,949940191580621,16.101,None,False,949940173013383,949940193613383
9438328,600,[NULL],[NULL],949940208445063,949940225045063,949940208907525,949940225013929,16.106,None,False,949940206445063,949940227045063
9438347,600,[NULL],[NULL],949940225159550,949940241759550,949940225569798,949940241722223,16.152,None,False,949940223159550,949940243759550
9438384,600,[NULL],[NULL],949940258592951,949940275192951,949940259003147,949940275164849,16.162,None,False,949940256592951,949940277192951
9438421,600,[NULL],[NULL],949940292024593,949940308624593,949940292360202,949940308594699,16.234,None,False,949940290024593,949940310624593
9438458,600,[NULL],[NULL],949940325456875,949940342056875,949940325821912,949940342037895,16.216,None,False,949940323456875,949940344056875
9438495,600,[NULL],[NULL],949940358887590,949940375487590,949940359317355,949940375471734,16.154,None,False,949940356887590,949940377487590
9438532,600,[NULL],[NULL],949940392318304,949940408918304,949940392604465,949940408905206,16.301,None,False,949940390318304,949940410918304
9438569,600,[NULL],[NULL],949940425749991,949940442349991,949940426200208,949940442358086,16.158,None,False,949940423749991,949940444358086
9438606,600,[NULL],[NULL],949940459181258,949940475781258,949940459644545,949940475775445,16.131,None,False,949940457181258,949940477781258
9438643,600,[NULL],[NULL],949940492615690,949940509215690,949940493068780,949940509239882,16.171,None,False,949940490615690,949940511239882
9438680,600,[NULL],[NULL],949940526048101,949940542648101,949940526578220,949940542639337,16.061,None,False,949940524048101,949940544648101
9438717,600,[NULL],[NULL],949940559486386,949940576086386,949940559993178,949940576076470,16.083,None,False,949940557486386,949940578086386
9438754,600,[NULL],[NULL],949940592917294,949940609517294,949940593288832,949940609492160,16.203,None,False,949940590917294,949940611517294
9438791,600,[NULL],[NULL],949940626350238,949940642950238,949940626764703,949940642937921,16.173,None,False,949940624350238,949940644950238
9438828,600,[NULL],[NULL],949940659778312,949940676378312,949940660208306,949940676362522,16.154,None,False,949940657778312,949940678378312
9438865,600,[NULL],[NULL],949940693210394,949940709810394,949940693545871,949940709795627,16.25,None,False,949940691210394,949940711810394
9438902,600,[NULL],[NULL],949940726640940,949940743240940,949940727151951,949940743229465,16.078,None,False,949940724640940,949940745240940
9438939,600,[NULL],[NULL],949940760069437,949940776669437,949940760547011,949940776670749,16.124,None,False,949940758069437,949940778670749
9438976,600,[NULL],[NULL],949940793499177,949940810099177,949940793912571,949940810103814,16.191,None,False,949940791499177,949940812103814
9439013,600,[NULL],[NULL],949940826940334,949940843540334,949940827417495,949940843551609,16.134,None,False,949940824940334,949940845551609
9439050,600,[NULL],[NULL],949940860372114,949940876972114,949940860794082,949940876981785,16.188,None,False,949940858372114,949940878981785
9439087,600,[NULL],[NULL],949940893807966,949940910407966,949940894227878,949940910413222,16.185,None,False,949940891807966,949940912413222
9439124,600,[NULL],[NULL],949940927242464,949940943842464,949940927587986,949940943845066,16.257,None,False,949940925242464,949940945845066
9439161,600,[NULL],[NULL],949940960675479,949940977275479,949940961100925,949940977284804,16.184,None,False,949940958675479,949940979284804
9439198,600,[NULL],[NULL],949940994108681,949941010708681,949940994226169,949941010746352,16.52,None,False,949940992108681,949941012746352
9439236,600,[NULL],[NULL],949941027542525,949941044142525,949941027999240,949941044196262,16.197,None,False,949941025542525,949941046196262
9439274,600,[NULL],[NULL],949941060983420,949941077583420,949941061473363,949941077627008,16.154,None,False,949941058983420,949941079627008
9439312,600,[NULL],[NULL],949941094427278,949941111027278,949941094787326,949941111062513,16.275,None,False,949941092427278,949941113062513
9439350,600,[NULL],[NULL],949941127869433,949941144469433,949941128222019,949941144513930,16.292,None,False,949941125869433,949941146513930
9439387,600,[NULL],[NULL],949941161313750,949941177913750,949941161627496,949941177964044,16.337,None,False,949941159313750,949941179964044
9439425,600,[NULL],[NULL],949941194759227,949941211359227,949941195249241,949941211410699,16.161,None,False,949941192759227,949941213410699
9439462,600,[NULL],[NULL],949941228211141,949941244811141,949941228438979,949941244850519,16.412,None,False,949941226211141,949941246850519
9439481,600,[NULL],[NULL],949941244940951,949941261540951,949941245399672,949941261565240,16.166,None,False,949941242940951,949941263565240
9439537,600,[NULL],[NULL],949941295109714,949941311709714,949941295514662,949941311744724,16.23,None,False,949941293109714,949941313744724
9439544,600,[NULL],[NULL],949941311834974,949941328434974,949941312255711,949941328453425,16.198,None,False,949941309834974,949941330453425
9439557,600,[NULL],[NULL],949941345284934,949941361884934,949941345721002,949941361910170,16.189,None,False,949941343284934,949941363910170
9439582,600,[NULL],[NULL],949941378731144,949941395331144,949941379177098,949941395352432,16.175,None,False,949941376731144,949941397352432
9439619,600,[NULL],[NULL],949941412179617,949941428779617,949941412607273,949941428794000,16.187,None,False,949941410179617,949941430794000
9439656,600,[NULL],[NULL],949941445627408,949941462227408,949941446073175,949941462246799,16.174,None,False,949941443627408,949941464246799
9439693,600,[NULL],[NULL],949941479074791,949941495674791,949941479621799,949941495717299,16.096,None,False,949941477074791,949941497717299
9439730,600,[NULL],[NULL],949941512523243,949941529123243,949941512965224,949941529145196,16.18,None,False,949941510523243,949941531145196
9439767,600,[NULL],[NULL],949941545978625,949941562578625,949941546474095,949941562570937,16.097,None,False,949941543978625,949941564578625
9439804,600,[NULL],[NULL],949941579428472,949941596028472,949941580118829,949941596012791,15.894,None,False,949941577428472,949941598028472
9439841,600,[NULL],[NULL],949941612872596,949941629472596,949941613328343,949941629455703,16.127,None,False,949941610872596,949941631472596
9439878,600,[NULL],[NULL],949941646314500,949941662914500,949941646742039,949941662905247,16.163,None,False,949941644314500,949941664914500
9439915,600,[NULL],[NULL],949941679755385,949941696355385,949941680208347,949941696341811,16.133,None,False,949941677755385,949941698355385
9439952,600,[NULL],[NULL],949941713199715,949941729799715,949941713709161,949941729781224,16.072,None,False,949941711199715,949941731799715
9439989,600,[NULL],[NULL],949941746643050,949941763243050,949941747118179,949941763222956,16.105,None,False,949941744643050,949941765243050
9440026,600,[NULL],[NULL],949941780083999,949941796683999,949941780556003,949941796671319,16.115,None,False,949941778083999,949941798683999
9440063,600,[NULL],[NULL],949941813523211,949941830123211,949941813833185,949941830105076,16.272,None,False,949941811523211,949941832123211
9440100,600,[NULL],[NULL],949941846964458,949941863564458,949941847402317,949941863566787,16.164,None,False,949941844964458,949941865566787
9440137,600,[NULL],[NULL],949941880404191,949941897004191,949941880871678,949941897000950,16.129,None,False,949941878404191,949941899004191
9440174,600,[NULL],[NULL],949941913848498,949941930448498,949941914358209,949941930436497,16.078,None,False,949941911848498,949941932448498
9440211,600,[NULL],[NULL],949941947290442,949941963890442,949941947634658,949941963889581,16.255,None,False,949941945290442,949941965890442
9440248,600,[NULL],[NULL],949941980729202,949941997329202,949941981086888,949941997331232,16.244,None,False,949941978729202,949941999331232
9440285,600,[NULL],[NULL],949942014172443,949942030772443,949942014585341,949942030762750,16.177,None,False,949942012172443,949942032772443
9440322,600,[NULL],[NULL],949942047613498,949942064213498,949942048048476,949942064208632,16.16,None,False,949942045613498,949942066213498
9440359,600,[NULL],[NULL],949942081053305,949942097653305,949942081491062,949942097645318,16.154,None,False,949942079053305,949942099653305
9440396,600,[NULL],[NULL],949942114493960,949942131093960,949942114796523,949942131082127,16.286,None,False,949942112493960,949942133093960
9440433,600,[NULL],[NULL],949942147933078,949942164533078,949942148387303,949942164516575,16.129,None,False,949942145933078,949942166533078
9440470,600,[NULL],[NULL],949942181372254,949942197972254,949942181689467,949942197970310,16.281,None,False,949942179372254,949942199972254
9440507,600,[NULL],[NULL],949942214813648,949942231413648,949942215251358,949942231412043,16.161,None,False,949942212813648,949942233413648
9440532,600,[NULL],[NULL],949942248256524,949942264856524,949942248508031,949942264843643,16.336,None,False,949942246256524,949942266856524
9440546,600,[NULL],[NULL],949942281697468,949942298297468,949942282192357,949942298300226,16.108,None,False,949942279697468,949942300300226
9440572,600,[NULL],[NULL],949942315135944,949942331735944,949942315533015,949942331734919,16.202,None,False,949942313135944,949942333735944
9440591,600,[NULL],[NULL],949942331856901,949942348456901,949942332239191,949942348561579,16.322,None,False,949942329856901,949942350561579
9440628,600,[NULL],[NULL],949942365298538,949942381898538,949942365752944,949942381886896,16.134,None,False,949942363298538,949942383898538
9440665,600,[NULL],[NULL],949942398760485,949942415360485,949942399143203,949942415319188,16.176,None,False,949942396760485,949942417360485
9440702,600,[NULL],[NULL],949942432197469,949942448797469,949942432574599,949942448760228,16.186,None,False,949942430197469,949942450797469
9440739,600,[NULL],[NULL],949942465632331,949942482232331,949942466090673,949942482240819,16.15,None,False,949942463632331,949942484240819
9440752,600,[NULL],[NULL],949942499067967,949942515667967,949942499484756,949942515633315,16.149,None,False,949942497067967,949942517667967
9440765,600,[NULL],[NULL],949942532511123,949942549111123,949942532984186,949942549068984,16.085,None,False,949942530511123,949942551111123
9440778,600,[NULL],[NULL],949942565945950,949942582545950,949942566352961,949942582519221,16.166,None,False,949942563945950,949942584545950
9440791,600,[NULL],[NULL],949942599379296,949942615979296,949942599653905,949942615939265,16.285,None,False,949942597379296,949942617979296
9440828,600,[NULL],[NULL],949942632814502,949942649414502,949942633163466,949942649394708,16.231,None,False,949942630814502,949942651414502
9440841,600,[NULL],[NULL],949942666246831,949942682846831,949942666677628,949942682887548,16.21,None,False,949942664246831,949942684887548
9440854,600,[NULL],[NULL],949942699683286,949942716283286,949942700105362,949942716268773,16.163,None,False,949942697683286,949942718283286
9440867,600,[NULL],[NULL],949942733130557,949942749730557,949942733576837,949942749696303,16.119,None,False,949942731130557,949942751730557
9440880,600,[NULL],[NULL],949942766564867,949942783164867,949942767033218,949942783165582,16.132,None,False,949942764564867,949942785165582
9440893,600,[NULL],[NULL],949942799996379,949942816596379,949942800468602,949942816563003,16.094,None,False,949942797996379,949942818596379
9440930,600,[NULL],[NULL],949942833434273,949942850034273,949942833861261,949942849983209,16.122,None,False,949942831434273,949942852034273
9440967,600,[NULL],[NULL],949942866862454,949942883462454,949942867346734,949942883453058,16.106,None,False,949942864862454,949942885462454
9441004,600,[NULL],[NULL],949942900288550,949942916888550,949942900710139,949942916885107,16.175,None,False,949942898288550,949942918888550
9441041,600,[NULL],[NULL],949942933722848,949942950322848,949942934235691,949942950315729,16.08,None,False,949942931722848,949942952322848
9441078,600,[NULL],[NULL],949942967154981,949942983754981,949942967512954,949942983773818,16.261,None,False,949942965154981,949942985773818
9441115,600,[NULL],[NULL],949943000588029,949943017188029,949943000857721,949943017201634,16.344,None,False,949942998588029,949943019201634
9441152,600,[NULL],[NULL],949943034025338,949943050625338,949943034479385,949943050653417,16.174,None,False,949943032025338,949943052653417
9441189,600,[NULL],[NULL],949943067474885,949943084074885,949943068008194,949943084074031,16.066,None,False,949943065474885,949943086074885
9441226,600,[NULL],[NULL],949943100914307,949943117514307,949943101359186,949943117508967,16.15,None,False,949943098914307,949943119514307
9441264,600,[NULL],[NULL],949943134349117,949943150949117,949943134781753,949943150954157,16.172,None,False,949943132349117,949943152954157
9441301,600,[NULL],[NULL],949943167783769,949943184383769,949943168224543,949943184392267,16.168,None,False,949943165783769,949943186392267
9441338,600,[NULL],[NULL],949943201225884,949943217825884,949943201712377,949943217840592,16.128,None,False,949943199225884,949943219840592
9441375,600,[NULL],[NULL],949943234662667,949943251262667,949943235006484,949943251269871,16.263,None,False,949943232662667,949943253269871
9441412,600,[NULL],[NULL],949943268101365,949943284701365,949943268487360,949943284702041,16.215,None,False,949943266101365,949943286702041
9441449,600,[NULL],[NULL],949943301539797,949943318139797,949943301935521,949943318143244,16.208,None,False,949943299539797,949943320143244
9441486,600,[NULL],[NULL],949943334974587,949943351574587,949943335429906,949943351581314,16.151,None,False,949943332974587,949943353581314
9441523,600,[NULL],[NULL],949943368412130,949943385012130,949943368826512,949943385043349,16.217,None,False,949943366412130,949943387043349
9441560,600,[NULL],[NULL],949943401857473,949943418457473,949943402280655,949943418471125,16.19,None,False,949943399857473,949943420471125
9441597,600,[NULL],[NULL],949943435301630,949943451901630,949943435640233,949943451930150,16.29,None,False,949943433301630,949943453930150
9441634,600,[NULL],[NULL],949943468741868,949943485341868,949943469033828,949943485349217,16.315,None,False,949943466741868,949943487349217
9441672,600,[NULL],[NULL],949943502190488,949943518790488,949943502657079,949943518795507,16.138,None,False,949943500190488,949943520795507
9441710,600,[NULL],[NULL],949943535629573,949943552229573,949943536080256,949943552250869,16.171,None,False,949943533629573,949943554250869
9441729,600,[NULL],[NULL],949943552348096,949943568948096,949943552695410,949943568960058,16.265,None,False,949943550348096,949943570960058
9441766,600,[NULL],[NULL],949943585792963,949943602392963,949943586201961,949943602395320,16.193,None,False,949943583792963,949943604395320
9441803,600,[NULL],[NULL],949943619234619,949943635834619,949943619661880,949943635857111,16.195,None,False,949943617234619,949943637857111
9441840,600,[NULL],[NULL],949943652674201,949943669274201,949943653064875,949943669310765,16.246,None,False,949943650674201,949943671310765
9441896,600,[NULL],[NULL],949943702840874,949943719440874,949943703168879,949943719468602,16.3,None,False,949943700840874,949943721468602
9441915,600,[NULL],[NULL],949943719568632,949943736168632,949943720049250,949943736186904,16.138,None,False,949943717568632,949943738186904
9441952,600,[NULL],[NULL],949943753017054,949943769617054,949943753434341,949943769647435,16.213,None,False,949943751017054,949943771647435
9441989,600,[NULL],[NULL],949943786462494,949943803062494,949943786756566,949943803077530,16.321,None,False,949943784462494,949943805077530
9442026,600,[NULL],[NULL],949943819911113,949943836511113,949943820322688,949943836492244,16.17,None,False,949943817911113,949943838511113
9442063,600,[NULL],[NULL],949943853357385,949943869957385,949943853710912,949943869945002,16.234,None,False,949943851357385,949943871957385
9442100,600,[NULL],[NULL],949943886797241,949943903397241,949943887265112,949943903383967,16.119,None,False,949943884797241,949943905397241
9442137,600,[NULL],[NULL],949943920240509,949943936840509,949943920743302,949943936824479,16.081,None,False,949943918240509,949943938840509
9442174,600,[NULL],[NULL],949943953681573,949943970281573,949943954071590,949943970263037,16.191,None,False,949943951681573,949943972281573
9442211,600,[NULL],[NULL],949943987121020,949944003721020,949943987427668,949944003684504,16.257,None,False,949943985121020,949944005721020
9442248,600,[NULL],[NULL],949944020559726,949944037159726,949944020986099,949944037106420,16.12,None,False,949944018559726,949944039159726
9442285,600,[NULL],[NULL],949944053993357,949944070593357,949944054447281,949944070549088,16.102,None,False,949944051993357,949944072593357
9442322,600,[NULL],[NULL],949944087425533,949944104025533,949944087777359,949944103960342,16.183,None,False,949944085425533,949944106025533
9442359,600,[NULL],[NULL],949944120856664,949944137456664,949944121354955,949944137389420,16.034,None,False,949944118856664,949944139456664
9442372,600,[NULL],[NULL],949944154284857,949944170884857,949944154730159,949944170821142,16.091,None,False,949944152284857,949944172884857
9442385,600,[NULL],[NULL],949944187708411,949944204308411,949944188234064,949944204249974,16.016,None,False,949944185708411,949944206308411
9442398,600,[NULL],[NULL],949944221132272,949944237732272,949944221673681,949944237683528,16.01,None,False,949944219132272,949944239732272
9442423,600,[NULL],[NULL],949944254556549,949944271156549,949944255004166,949944271099625,16.095,None,False,949944252556549,949944273156549
9442460,600,[NULL],[NULL],949944287979396,949944304579396,949944288439916,949944304539362,16.099,None,False,949944285979396,949944306579396
9442497,600,[NULL],[NULL],949944321397378,949944337997378,949944321671646,949944337973485,16.302,None,False,949944319397378,949944339997378
9442534,600,[NULL],[NULL],949944354819975,949944371419975,949944355206639,949944371393936,16.187,None,False,949944352819975,949944373419975
9442571,600,[NULL],[NULL],949944388245124,949944404845124,949944388626520,949944404827489,16.201,None,False,949944386245124,949944406845124
9442608,600,[NULL],[NULL],949944421669036,949944438269036,949944422090267,949944438257299,16.167,None,False,949944419669036,949944440269036
9442645,600,[NULL],[NULL],949944455093211,949944471693211,949944455587133,949944471693904,16.107,None,False,949944453093211,949944473693904
9442682,600,[NULL],[NULL],949944488520795,949944505120795,949944488962703,949944505117407,16.155,None,False,949944486520795,949944507120795
9442719,600,[NULL],[NULL],949944521949409,949944538549409,949944522337743,949944538544164,16.206,None,False,949944519949409,949944540549409
9442756,600,[NULL],[NULL],949944555374688,949944571974688,949944555707658,949944571978817,16.271,None,False,949944553374688,949944573978817
9442794,600,[NULL],[NULL],949944588801711,949944605401711,949944589247493,949944605460505,16.213,None,False,949944586801711,949944607460505
9442831,600,[NULL],[NULL],949944622230883,949944638830883,949944622525365,949944638864273,16.339,None,False,949944620230883,949944640864273
9442850,600,[NULL],[NULL],949944638957692,949944655557692,949944639352921,949944655574315,16.221,None,False,949944636957692,949944657574315
9442887,600,[NULL],[NULL],949944672394043,949944688994043,949944672639908,949944689028824,16.389,None,False,949944670394043,949944691028824
9442924,600,[NULL],[NULL],949944705828220,949944722428220,949944706259170,949944722442683,16.184,None,False,949944703828220,949944724442683
9442961,600,[NULL],[NULL],949944739266533,949944755866533,949944739760717,949944755882462,16.122,None,False,949944737266533,949944757882462
9442998,600,[NULL],[NULL],949944772702402,949944789302402,949944773026097,949944789315241,16.289,None,False,949944770702402,949944791315241
9443035,600,[NULL],[NULL],949944806138317,949944822738317,949944806608130,949944822755998,16.148,None,False,949944804138317,949944824755998
9443072,600,[NULL],[NULL],949944839573984,949944856173984,949944840023412,949944856191747,16.168,None,False,949944837573984,949944858191747
9443109,600,[NULL],[NULL],949944873011377,949944889611377,949944873352514,949944889711523,16.359,None,False,949944871011377,949944891711523
9443146,600,[NULL],[NULL],949944906448911,949944923048911,949944906842789,949944923057918,16.215,None,False,949944904448911,949944925057918
9443183,600,[NULL],[NULL],949944939905514,949944956505514,949944940325536,949944956480444,16.155,None,False,949944937905514,949944958505514
9443220,600,[NULL],[NULL],949944973339743,949944989939743,949944973846370,949944989943741,16.097,None,False,949944971339743,949944991943741
9443257,600,[NULL],[NULL],949945006772191,949945023372191,949945007150407,949945023342587,16.192,None,False,949945004772191,949945025372191
9443294,600,[NULL],[NULL],949945040211494,949945056811494,949945040642187,949945056776423,16.134,None,False,949945038211494,949945058811494
9443331,600,[NULL],[NULL],949945073641067,949945090241067,949945074051164,949945090217749,16.167,None,False,949945071641067,949945092241067
9443368,600,[NULL],[NULL],949945107070772,949945123670772,949945107496150,949945123657812,16.162,None,False,949945105070772,949945125670772
9443405,600,[NULL],[NULL],949945140501806,949945157101806,949945140943660,949945157083838,16.14,None,False,949945138501806,949945159101806
9443442,600,[NULL],[NULL],949945173934546,949945190534546,949945174413304,949945190532893,16.12,None,False,949945171934546,949945192534546
9443479,600,[NULL],[NULL],949945207364187,949945223964187,949945207811946,949945223977595,16.166,None,False,949945205364187,949945225977595
9443516,600,[NULL],[NULL],949945240796072,949945257396072,949945241240453,949945257391373,16.151,None,False,949945238796072,949945259396072
9443553,600,[NULL],[NULL],949945274229922,949945290829922,949945274647518,949945290866350,16.219,None,False,949945272229922,949945292866350
9443590,600,[NULL],[NULL],949945307665153,949945324265153,949945308138606,949945324281266,16.143,None,False,949945305665153,949945326281266
9443627,600,[NULL],[NULL],949945341105796,949945357705796,949945341616675,949945357721940,16.105,None,False,949945339105796,949945359721940
9443664,600,[NULL],[NULL],949945374540594,949945391140594,949945374901220,949945391162451,16.261,None,False,949945372540594,949945393162451
9443701,600,[NULL],[NULL],949945407979089,949945424579089,949945408374406,949945424588069,16.214,None,False,949945405979089,949945426588069
9443738,600,[NULL],[NULL],949945441416068,949945458016068,949945441856136,949945458007055,16.151,None,False,949945439416068,949945460016068
9443775,600,[NULL],[NULL],949945474851371,949945491451371,949945475282853,949945491437556,16.155,None,False,949945472851371,949945493451371
9443812,600,[NULL],[NULL],949945508282869,949945524882869,949945508720800,949945524883968,16.163,None,False,949945506282869,949945526883968
9443849,600,[NULL],[NULL],949945541714324,949945558314324,949945542028987,949945558293270,16.264,None,False,949945539714324,949945560314324
9443887,600,[NULL],[NULL],949945575148353,949945591748353,949945575587988,949945591757137,16.169,None,False,949945573148353,949945593757137
9443925,600,[NULL],[NULL],949945608588618,949945625188618,949945608991634,949945625188696,16.197,None,False,949945606588618,949945627188696
9443944,600,[NULL],[NULL],949945625307759,949945641907759,949945625567684,949945641868994,16.301,None,False,949945623307759,949945643907759
9443981,600,[NULL],[NULL],949945658742031,949945675342031,949945659198014,949945675295711,16.098,None,False,949945656742031,949945677342031
9444018,600,[NULL],[NULL],949945692172210,949945708772210,949945692530411,949945708724137,16.194,None,False,949945690172210,949945710772210
9444055,600,[NULL],[NULL],949945725596703,949945742196703,949945726002824,949945742163103,16.16,None,False,949945723596703,949945744196703
9444092,600,[NULL],[NULL],949945759020626,949945775620626,949945759428484,949945775604631,16.176,None,False,949945757020626,949945777620626
9444129,600,[NULL],[NULL],949945792446154,949945809046154,949945792771704,949945809011165,16.239,None,False,949945790446154,949945811046154
9444166,600,[NULL],[NULL],949945825874127,949945842474127,949945826313289,949945842436620,16.123,None,False,949945823874127,949945844474127
9444203,600,[NULL],[NULL],949945859295478,949945875895478,949945859742285,949945875849503,16.107,None,False,949945857295478,949945877895478
9444240,600,[NULL],[NULL],949945892717572,949945909317572,949945893076107,949945909281429,16.205,None,False,949945890717572,949945911317572
9444277,600,[NULL],[NULL],949945926137392,949945942737392,949945926587826,949945942703915,16.116,None,False,949945924137392,949945944737392
9444314,600,[NULL],[NULL],949945959555535,949945976155535,949945959962541,949945976127214,16.165,None,False,949945957555535,949945978155535
9444351,600,[NULL],[NULL],949945992978204,949946009578204,949945993257422,949946009558325,16.301,None,False,949945990978204,949946011578204
9444388,600,[NULL],[NULL],949946026398088,949946042998088,949946026856665,949946042968482,16.112,None,False,949946024398088,949946044998088
9444425,600,[NULL],[NULL],949946059820187,949946076420187,949946060240170,949946076399675,16.16,None,False,949946057820187,949946078420187
9444462,600,[NULL],[NULL],949946093240549,949946109840549,949946093728043,949946109831518,16.103,None,False,949946091240549,949946111840549
9444499,600,[NULL],[NULL],949946126662002,949946143262002,949946127106828,949946143246314,16.139,None,False,949946124662002,949946145262002
9444536,600,[NULL],[NULL],949946160083685,949946176683685,949946160464575,949946176679338,16.215,None,False,949946158083685,949946178683685
9444573,600,[NULL],[NULL],949946193503282,949946210103282,949946193988827,949946210105119,16.116,None,False,949946191503282,949946212105119
9444610,600,[NULL],[NULL],949946226927180,949946243527180,949946227360165,949946243533057,16.173,None,False,949946224927180,949946245533057
9444647,600,[NULL],[NULL],949946260349004,949946276949004,949946260702856,949946276948014,16.245,None,False,949946258349004,949946278949004
9444684,600,[NULL],[NULL],949946293776270,949946310376270,949946294232560,949946310389136,16.157,None,False,949946291776270,949946312389136
9444721,600,[NULL],[NULL],949946327202011,949946343802011,949946327594661,949946343819108,16.224,None,False,949946325202011,949946345819108
9444758,600,[NULL],[NULL],949946360627863,949946377227863,949946360955949,949946377250261,16.294,None,False,949946358627863,949946379250261
9444783,600,[NULL],[NULL],949946394054461,949946410654461,949946394475358,949946410686947,16.212,None,False,949946392054461,949946412686947
9444796,600,[NULL],[NULL],949946427482389,949946444082389,949946428066707,949946444115210,16.049,None,False,949946425482389,949946446115210
9444821,600,[NULL],[NULL],949946460914486,949946477514486,949946461271502,949946477548967,16.277,None,False,949946458914486,949946479548967
9444858,600,[NULL],[NULL],949946494348969,949946510948969,949946494780249,949946510977515,16.197,None,False,949946492348969,949946512977515
9444883,600,[NULL],[NULL],949946527782582,949946544382582,949946528146012,949946544426571,16.281,None,False,949946525782582,949946546426571
9444920,600,[NULL],[NULL],949946561216552,949946577816552,949946561689510,949946577831681,16.142,None,False,949946559216552,949946579831681
9444957,600,[NULL],[NULL],949946594653128,949946611253128,949946594936419,949946611285214,16.349,None,False,949946592653128,949946613285214
9444982,600,[NULL],[NULL],949946628085219,949946644685219,949946628566667,949946644712012,16.145,None,False,949946626085219,949946646712012
9445037,600,[NULL],[NULL],949946711665892,949946728265892,949946712097877,949946728265194,16.167,None,False,949946709665892,949946730265892
9445074,600,[NULL],[NULL],949946745102337,949946761702337,949946745437313,949946761694800,16.257,None,False,949946743102337,949946763702337
9445111,600,[NULL],[NULL],949946778533911,949946795133911,949946778864885,949946795109432,16.245,None,False,949946776533911,949946797133911
9445148,600,[NULL],[NULL],949946811963038,949946828563038,949946812232438,949946828535458,16.303,None,False,949946809963038,949946830563038
9445173,600,[NULL],[NULL],949946845389172,949946861989172,949946845755429,949946861993344,16.238,None,False,949946843389172,949946863993344
9445210,600,[NULL],[NULL],949946878815224,949946895415224,949946879193214,949946895383399,16.19,None,False,949946876815224,949946897415224
9445248,600,[NULL],[NULL],949946912246830,949946928846830,949946912537614,949946928877621,16.34,None,False,949946910246830,949946930877621
9445286,600,[NULL],[NULL],949946945669995,949946962269995,949946946144344,949946962237118,16.093,None,False,949946943669995,949946964269995
9445324,600,[NULL],[NULL],949946979106912,949946995706912,949946979494280,949946995667050,16.173,None,False,949946977106912,949946997706912
9445343,600,[NULL],[NULL],949946995813586,949947012413586,949946996153093,949947012359026,16.206,None,False,949946993813586,949947014413586
9445380,600,[NULL],[NULL],949947029234369,949947045834369,949947029519792,949947045794572,16.275,None,False,949947027234369,949947047834369
9445417,600,[NULL],[NULL],949947062652549,949947079252549,949947063120053,949947079209164,16.089,None,False,949947060652549,949947081252549
9445454,600,[NULL],[NULL],949947096072496,949947112672496,949947096483659,949947112627783,16.144,None,False,949947094072496,949947114672496
9445491,600,[NULL],[NULL],949947129490155,949947146090155,949947129882748,949947146073666,16.191,None,False,949947127490155,949947148090155
9445504,600,[NULL],[NULL],949947162907505,949947179507505,949947163303646,949947179518897,16.215,None,False,949947160907505,949947181518897
9445517,600,[NULL],[NULL],949947196328721,949947212928721,949947196721656,949947212914730,16.193,None,False,949947194328721,949947214928721
9445530,600,[NULL],[NULL],949947229754390,949947246354390,949947230131730,949947246346859,16.215,None,False,949947227754390,949947248354390
9445555,600,[NULL],[NULL],949947263173397,949947279773397,949947263628638,949947279776953,16.148,None,False,949947261173397,949947281776953
9445592,600,[NULL],[NULL],949947296597080,949947313197080,949947296898536,949947313202816,16.304,None,False,949947294597080,949947315202816
9445629,600,[NULL],[NULL],949947330018763,949947346618763,949947330476538,949947346628353,16.152,None,False,949947328018763,949947348628353
9445666,600,[NULL],[NULL],949947363444419,949947380044419,949947363930762,949947380049252,16.118,None,False,949947361444419,949947382049252
9445703,600,[NULL],[NULL],949947396870216,949947413470216,949947397286923,949947413509457,16.223,None,False,949947394870216,949947415509457
9445740,600,[NULL],[NULL],949947430294398,949947446894398,949947430712460,949947446912492,16.2,None,False,949947428294398,949947448912492
9445777,600,[NULL],[NULL],949947463727423,949947480327423,949947464179054,949947480339210,16.16,None,False,949947461727423,949947482339210
9445814,600,[NULL],[NULL],949947497153438,949947513753438,949947497644345,949947513779965,16.136,None,False,949947495153438,949947515779965
9445851,600,[NULL],[NULL],949947530579593,949947547179593,949947531045794,949947547212786,16.167,None,False,949947528579593,949947549212786
9445888,600,[NULL],[NULL],949947564013318,949947580613318,949947564556780,949947580644915,16.088,None,False,949947562013318,949947582644915
9445913,600,[NULL],[NULL],949947597444080,949947614044080,949947597914568,949947614093319,16.179,None,False,949947595444080,949947616093319
9445950,600,[NULL],[NULL],949947630884424,949947647484424,949947631362323,949947647513405,16.151,None,False,949947628884424,949947649513405
9445987,600,[NULL],[NULL],949947664321641,949947680921641,949947664790911,949947680943539,16.153,None,False,949947662321641,949947682943539
9446024,600,[NULL],[NULL],949947697756981,949947714356981,949947698198992,949947714367489,16.168,None,False,949947695756981,949947716367489
9446061,600,[NULL],[NULL],949947731190093,949947747790093,949947731632708,949947747812110,16.179,None,False,949947729190093,949947749812110
9446098,600,[NULL],[NULL],949947764622719,949947781222719,949947765041114,949947781238054,16.197,None,False,949947762622719,949947783238054
9446135,600,[NULL],[NULL],949947798057098,949947814657098,949947798486263,949947814683773,16.198,None,False,949947796057098,949947816683773
9446172,600,[NULL],[NULL],949947831489278,949947848089278,949947832016578,949947848115414,16.099,None,False,949947829489278,949947850115414
9446209,600,[NULL],[NULL],949947864926594,949947881526594,949947865378273,949947881545998,16.168,None,False,949947862926594,949947883545998
9446246,600,[NULL],[NULL],949947898366033,949947914966033,949947898805152,949947915033830,16.229,None,False,949947896366033,949947917033830
9446283,600,[NULL],[NULL],949947931801162,949947948401162,949947932194434,949947948406674,16.212,None,False,949947929801162,949947950406674
9446321,600,[NULL],[NULL],949947965248419,949947981848419,949947965666643,949947981827898,16.161,None,False,949947963248419,949947983848419
9446359,600,[NULL],[NULL],949947998681967,949948015281967,949947999151506,949948015278093,16.127,None,False,949947996681967,949948017281967
9446397,600,[NULL],[NULL],949948032112613,949948048712613,949948032576474,949948048702492,16.126,None,False,949948030112613,949948050712613
9446416,600,[NULL],[NULL],949948048829877,949948065429877,949948049415666,949948065404599,15.989,None,False,949948046829877,949948067429877
9446453,600,[NULL],[NULL],949948082260520,949948098860520,949948082668392,949948098832496,16.164,None,False,949948080260520,949948100860520
9446490,600,[NULL],[NULL],949948115692092,949948132292092,949948116064145,949948132251319,16.187,None,False,949948113692092,949948134292092
9446527,600,[NULL],[NULL],949948149119344,949948165719344,949948149480404,949948165673113,16.193,None,False,949948147119344,949948167719344
9446564,600,[NULL],[NULL],949948182543142,949948199143142,949948182980730,949948199108945,16.128,None,False,949948180543142,949948201143142
9446601,600,[NULL],[NULL],949948215966026,949948232566026,949948216399757,949948232541969,16.142,None,False,949948213966026,949948234566026
9446638,600,[NULL],[NULL],949948249390123,949948265990123,949948249752175,949948265966327,16.214,None,False,949948247390123,949948267990123
9446675,600,[NULL],[NULL],949948282814832,949948299414832,949948283284156,949948299386614,16.102,None,False,949948280814832,949948301414832
9446712,600,[NULL],[NULL],949948316240548,949948332840548,949948316621884,949948332824399,16.203,None,False,949948314240548,949948334840548
9446749,600,[NULL],[NULL],949948349662925,949948366262925,949948350096331,949948366241392,16.145,None,False,949948347662925,949948368262925
9446786,600,[NULL],[NULL],949948383087300,949948399687300,949948383531960,949948399669736,16.138,None,False,949948381087300,949948401687300
9446823,600,[NULL],[NULL],949948416507899,949948433107899,949948416906958,949948433096289,16.189,None,False,949948414507899,949948435107899
9446860,600,[NULL],[NULL],949948449930303,949948466530303,949948450293312,949948466525653,16.232,None,False,949948447930303,949948468530303
9446897,600,[NULL],[NULL],949948483351997,949948499951997,949948483655251,949948499974912,16.32,None,False,949948481351997,949948501974912
9446934,600,[NULL],[NULL],949948516776176,949948533376176,949948517251522,949948533406552,16.155,None,False,949948514776176,949948535406552
9446971,600,[NULL],[NULL],949948550205755,949948566805755,949948550467220,949948566831844,16.365,None,False,949948548205755,949948568831844
9447008,600,[NULL],[NULL],949948583636137,949948600236137,949948584116635,949948600258440,16.142,None,False,949948581636137,949948602258440
9447045,600,[NULL],[NULL],949948617073663,949948633673663,949948617466203,949948633717953,16.252,None,False,949948615073663,949948635717953
9447082,600,[NULL],[NULL],949948650504240,949948667104240,949948650978004,949948667107114,16.129,None,False,949948648504240,949948669107114
9447119,600,[NULL],[NULL],949948683940713,949948700540713,949948684329934,949948700557880,16.228,None,False,949948681940713,949948702557880
9447156,600,[NULL],[NULL],949948717370744,949948733970744,949948717837095,949948733987445,16.15,None,False,949948715370744,949948735987445
9447193,600,[NULL],[NULL],949948750805398,949948767405398,949948751259702,949948767405047,16.145,None,False,949948748805398,949948769405398
9447230,600,[NULL],[NULL],949948784238888,949948800838888,949948784654192,949948800849179,16.195,None,False,949948782238888,949948802849179
9447267,600,[NULL],[NULL],949948817669745,949948834269745,949948818143370,949948834277240,16.134,None,False,949948815669745,949948836277240
9447304,600,[NULL],[NULL],949948851102634,949948867702634,949948851575376,949948867699034,16.124,None,False,949948849102634,949948869702634
9447341,600,[NULL],[NULL],949948884534141,949948901134141,949948885041034,949948901199155,16.158,None,False,949948882534141,949948903199155
9447378,600,[NULL],[NULL],949948917964437,949948934564437,949948918409401,949948934561500,16.152,None,False,949948915964437,949948936564437
9447415,600,[NULL],[NULL],949948951410422,949948968010422,949948951899066,949948967989072,16.09,None,False,949948949410422,949948970010422
9447452,600,[NULL],[NULL],949948984840118,949949001440118,949948985386168,949949001458515,16.072,None,False,949948982840118,949949003458515
9447489,600,[NULL],[NULL],949949018268163,949949034868163,949949018729388,949949034848447,16.119,None,False,949949016268163,949949036868163
9447526,600,[NULL],[NULL],949949051705579,949949068305579,949949052153217,949949068273008,16.12,None,False,949949049705579,949949070305579
9447563,600,[NULL],[NULL],949949085132154,949949101732154,949949085594256,949949101726946,16.133,None,False,949949083132154,949949103732154
9447600,600,[NULL],[NULL],949949118556990,949949135156990,949949119037656,949949135171934,16.134,None,False,949949116556990,949949137171934
9447637,600,[NULL],[NULL],949949151986929,949949168586929,949949152345151,949949168576556,16.231,None,False,949949149986929,949949170586929
9447675,600,[NULL],[NULL],949949185419335,949949202019335,949949185834817,949949202002419,16.168,None,False,949949183419335,949949204019335
9447713,600,[NULL],[NULL],949949218847571,949949235447571,949949219235085,949949235435687,16.201,None,False,949949216847571,949949237447571
9447751,600,[NULL],[NULL],949949252275668,949949268875668,949949252767148,949949268903623,16.136,None,False,949949250275668,949949270903623
9447770,600,[NULL],[NULL],949949268988579,949949285588579,949949269371234,949949285600156,16.229,None,False,949949266988579,949949287600156
9447807,600,[NULL],[NULL],949949302424007,949949319024007,949949302771176,949949319036761,16.266,None,False,949949300424007,949949321036761
9447844,600,[NULL],[NULL],949949335858647,949949352458647,949949336279233,949949352473854,16.195,None,False,949949333858647,949949354473854
9447881,600,[NULL],[NULL],949949369289416,949949385889416,949949369690976,949949385893857,16.203,None,False,949949367289416,949949387893857
9447937,600,[NULL],[NULL],949949419439520,949949436039520,949949419914365,949949436053281,16.139,None,False,949949417439520,949949438053281
9447956,600,[NULL],[NULL],949949436155405,949949452755405,949949436510963,949949452754290,16.243,None,False,949949434155405,949949454755405
9447993,600,[NULL],[NULL],949949469588347,949949486188347,949949469983742,949949486205096,16.221,None,False,949949467588347,949949488205096
9448030,600,[NULL],[NULL],949949503019078,949949519619078,949949503567442,949949519623594,16.056,None,False,949949501019078,949949521623594
9448067,600,[NULL],[NULL],949949536453949,949949553053949,949949536916685,949949553068012,16.151,None,False,949949534453949,949949555068012
9448104,600,[NULL],[NULL],949949569884277,949949586484277,949949570291522,949949586510923,16.219,None,False,949949567884277,949949588510923
9448141,600,[NULL],[NULL],949949603326453,949949619926453,949949603696266,949949619942482,16.246,None,False,949949601326453,949949621942482
9448178,600,[NULL],[NULL],949949636762693,949949653362693,949949637186704,949949653373919,16.187,None,False,949949634762693,949949655373919
9448215,600,[NULL],[NULL],949949670197719,949949686797719,949949670626809,949949686811502,16.185,None,False,949949668197719,949949688811502
9448252,600,[NULL],[NULL],949949703637246,949949720237246,949949704168882,949949720246763,16.078,None,False,949949701637246,949949722246763
9448289,600,[NULL],[NULL],949949737072439,949949753672439,949949737488219,949949753674579,16.186,None,False,949949735072439,949949755674579
9448326,600,[NULL],[NULL],949949770506627,949949787106627,949949770854836,949949787125506,16.271,None,False,949949768506627,949949789125506
9448363,600,[NULL],[NULL],949949803941961,949949820541961,949949804353330,949949820565285,16.212,None,False,949949801941961,949949822565285
9448376,600,[NULL],[NULL],949949837382710,949949853982710,949949837808002,949949853999002,16.191,None,False,949949835382710,949949855999002
9448413,600,[NULL],[NULL],949949870820830,949949887420830,949949871283100,949949887441344,16.158,None,False,949949868820830,949949889441344
9448426,600,[NULL],[NULL],949949904257568,949949920857568,949949904669289,949949920882057,16.213,None,False,949949902257568,949949922882057
9448451,600,[NULL],[NULL],949949937695367,949949954295367,949949938102029,949949954311502,16.209,None,False,949949935695367,949949956311502
9448488,600,[NULL],[NULL],949949971137873,949949987737873,949949971622820,949949987752378,16.13,None,False,949949969137873,949949989752378
9448525,600,[NULL],[NULL],949950004577024,949950021177024,949950004967629,949950021195412,16.228,None,False,949950002577024,949950023195412
9448562,600,[NULL],[NULL],949950038017131,949950054617131,949950038442076,949950054634662,16.193,None,False,949950036017131,949950056634662
9448599,600,[NULL],[NULL],949950071459397,949950088059397,949950072037331,949950088071023,16.034,None,False,949950069459397,949950090071023
9448636,600,[NULL],[NULL],949950104899776,949950121499776,949950105307880,949950121504616,16.197,None,False,949950102899776,949950123504616
9448673,600,[NULL],[NULL],949950138340564,949950154940564,949950138856911,949950154964211,16.107,None,False,949950136340564,949950156964211
9448686,600,[NULL],[NULL],949950171778726,949950188378726,949950172226419,949950188368631,16.142,None,False,949950169778726,949950190378726
9448723,600,[NULL],[NULL],949950205223174,949950221823174,949950205664650,949950221804095,16.139,None,False,949950203223174,949950223823174
9448761,600,[NULL],[NULL],949950238657865,949950255257865,949950239256691,949950255265521,16.009,None,False,949950236657865,949950257265521
9448774,600,[NULL],[NULL],949950272093063,949950288693063,949950272519590,949950288680560,16.161,None,False,949950270093063,949950290693063
9448799,600,[NULL],[NULL],949950305534401,949950322134401,949950305977598,949950322116392,16.139,None,False,949950303534401,949950324134401
9448824,600,[NULL],[NULL],949950338970040,949950355570040,949950339473000,949950355547463,16.074,None,False,949950336970040,949950357570040
9448837,600,[NULL],[NULL],949950372404662,949950389004662,949950372736021,949950388987770,16.252,None,False,949950370404662,949950391004662
9448850,600,[NULL],[NULL],949950405837833,949950422437833,949950406151101,949950422437030,16.286,None,False,949950403837833,949950424437833
9448864,600,[NULL],[NULL],949950439272069,949950455872069,949950439757018,949950455873880,16.117,None,False,949950437272069,949950457873880
9448878,600,[NULL],[NULL],949950472707268,949950489307268,949950473204486,949950489312152,16.108,None,False,949950470707268,949950491312152
9448892,600,[NULL],[NULL],949950506144130,949950522744130,949950506423236,949950522729511,16.306,None,False,949950504144130,949950524744130
9448906,600,[NULL],[NULL],949950539581502,949950556181502,949950540088193,949950556343931,16.256,None,False,949950537581502,949950558343931
9448919,600,[NULL],[NULL],949950573014245,949950589614245,949950573378925,949950589596617,16.218,None,False,949950571014245,949950591614245
9448933,600,[NULL],[NULL],949950606485711,949950623085711,949950606890562,949950623125669,16.235,None,False,949950604485711,949950625125669
9448947,600,[NULL],[NULL],949950639915094,949950656515094,949950640402077,949950656499163,16.097,None,False,949950637915094,949950658515094
9448966,600,[NULL],[NULL],949950656644561,949950673244561,949950657086729,949950673209857,16.123,None,False,949950654644561,949950675244561
9449003,600,[NULL],[NULL],949950690079170,949950706679170,949950690612282,949950706749570,16.137,None,False,949950688079170,949950708749570
9449028,600,[NULL],[NULL],949950723513084,949950740113084,949950723970762,949950740083149,16.112,None,False,949950721513084,949950742113084
9449041,600,[NULL],[NULL],949950756968323,949950773568323,949950757367612,949950773523293,16.156,None,False,949950754968323,949950775568323
9449054,600,[NULL],[NULL],949950790400784,949950807000784,949950790655292,949950807072976,16.418,None,False,949950788400784,949950809072976
9449067,600,[NULL],[NULL],949950823833473,949950840433473,949950824203143,949950840395567,16.192,None,False,949950821833473,949950842433473
9449080,600,[NULL],[NULL],949950857293050,949950873893050,949950857681537,949950873910582,16.229,None,False,949950855293050,949950875910582
9449093,600,[NULL],[NULL],949950890722498,949950907322498,949950891078550,949950907294411,16.216,None,False,949950888722498,949950909322498
9449106,600,[NULL],[NULL],949950924168432,949950940768432,949950924630389,949950940737079,16.107,None,False,949950922168432,949950942768432
9449120,1988,[NULL],[NULL],949950957724574,949950974324574,949950958457905,949951012489399,54.031,App Deadline Missed,True,949950955724574,949951014489399
9449132,600,[NULL],[NULL],949950974324614,949950990924614,949950974691995,949950990882099,16.19,None,False,949950972324614,949950992924614
9449139,600,[NULL],[NULL],949950991038662,949951007638662,949950991439716,949951007590350,16.151,None,False,949950989038662,949951009638662
9449159,600,[NULL],[NULL],949951024469203,949951041069203,949951024874897,949951041042378,16.167,None,False,949951022469203,949951043069203
9449172,600,[NULL],[NULL],949951057896926,949951074496926,949951058260151,949951074471821,16.212,None,False,949951055896926,949951076496926
9449185,600,[NULL],[NULL],949951091327812,949951107927812,949951091790993,949951107909849,16.119,None,False,949951089327812,949951109927812
9449198,600,[NULL],[NULL],949951124758075,949951141358075,949951125287251,949951141340799,16.054,None,False,949951122758075,949951143358075
9449211,600,[NULL],[NULL],949951158188555,949951174788555,949951158599059,949951174786152,16.187,None,False,949951156188555,949951176788555
9449224,600,[NULL],[NULL],949951191617662,949951208217662,949951191973530,949951208235045,16.262,None,False,949951189617662,949951210235045
9449237,600,[NULL],[NULL],949951225045928,949951241645928,949951225544737,949951241676004,16.131,None,False,949951223045928,949951243676004
9449250,600,[NULL],[NULL],949951258499164,949951275099164,949951258932229,949951275112852,16.181,None,False,949951256499164,949951277112852
9449275,600,[NULL],[NULL],949951291931790,949951308531790,949951292323708,949951308541359,16.218,None,False,949951289931790,949951310541359
9449312,600,[NULL],[NULL],949951325374754,949951341974754,949951325845029,949951341994159,16.149,None,False,949951323374754,949951343994159
9449337,600,[NULL],[NULL],949951358808853,949951375408853,949951359281757,949951375535745,16.254,None,False,949951356808853,949951377535745
9449350,600,[NULL],[NULL],949951392244780,949951408844780,949951392707538,949951408863544,16.156,None,False,949951390244780,949951410863544
9449387,600,[NULL],[NULL],949951425715704,949951442315704,949951426170429,949951442329527,16.159,None,False,949951423715704,949951444329527
9449400,600,[NULL],[NULL],949951459148868,949951475748868,949951459599058,949951475739399,16.14,None,False,949951457148868,949951477748868
9449413,600,[NULL],[NULL],949951492587901,949951509187901,949951493035663,949951509172097,16.136,None,False,949951490587901,949951511187901
9449426,600,[NULL],[NULL],949951526034971,949951542634971,949951526507465,949951542744648,16.237,None,False,949951524034971,949951544744648
9449439,600,[NULL],[NULL],949951559467165,949951576067165,949951560185769,949951576027729,15.842,None,False,949951557467165,949951578067165
9449452,600,[NULL],[NULL],949951592938374,949951609538374,949951593418598,949951609467345,16.049,None,False,949951590938374,949951611538374
9449465,600,[NULL],[NULL],949951626367550,949951642967550,949951626804299,949951642914040,16.11,None,False,949951624367550,949951644967550
9449490,600,[NULL],[NULL],949951659798278,949951676398278,949951660118753,949951676339334,16.221,None,False,949951657798278,949951678398278
9449503,600,[NULL],[NULL],949951693229689,949951709829689,949951693681416,949951709770405,16.089,None,False,949951691229689,949951711829689
9449558,600,[NULL],[NULL],949951743376532,949951759976532,949951743780171,949951759953430,16.173,None,False,949951741376532,949951761976532
9449577,600,[NULL],[NULL],949951760095919,949951776695919,949951760576435,949951776635354,16.059,None,False,949951758095919,949951778695919
9449590,600,[NULL],[NULL],949951793518342,949951810118342,949951793950377,949951810080748,16.13,None,False,949951791518342,949951812118342
9449603,600,[NULL],[NULL],949951826943663,949951843543663,949951827557718,949951843505268,15.948,None,False,949951824943663,949951845543663
9449628,600,[NULL],[NULL],949951860370084,949951876970084,949951860758401,949951876947895,16.189,None,False,949951858370084,949951878970084
9449665,600,[NULL],[NULL],949951893795040,949951910395040,949951894243264,949951910392109,16.149,None,False,949951891795040,949951912395040
9449690,600,[NULL],[NULL],949951927223063,949951943823063,949951927635029,949951943824482,16.189,None,False,949951925223063,949951945824482
9449727,600,[NULL],[NULL],949951960653481,949951977253481,949951961160379,949951977353575,16.193,None,False,949951958653481,949951979353575
9449752,600,[NULL],[NULL],949951994083405,949952010683405,949951994482197,949952010713154,16.231,None,False,949951992083405,949952012713154
9449777,600,[NULL],[NULL],949952027532149,949952044132149,949952028005919,949952044141987,16.136,None,False,949952025532149,949952046141987
9449814,600,[NULL],[NULL],949952060965331,949952077565331,949952061405008,949952077585021,16.18,None,False,949952058965331,949952079585021
9449851,600,[NULL],[NULL],949952094410833,949952111010833,949952094886616,949952111026264,16.14,None,False,949952092410833,949952113026264
9449864,600,[NULL],[NULL],949952127845619,949952144445619,949952128299335,949952144470193,16.171,None,False,949952125845619,949952146470193
9449889,600,[NULL],[NULL],949952161285498,949952177885498,949952161655130,949952177898009,16.243,None,False,949952159285498,949952179898009
9449926,600,[NULL],[NULL],949952194723971,949952211323971,949952195154072,949952211343606,16.19,None,False,949952192723971,949952213343606
9449963,600,[NULL],[NULL],949952228160144,949952244760144,949952228571063,949952244785907,16.215,None,False,949952226160144,949952246785907
9449988,600,[NULL],[NULL],949952261616306,949952278216306,949952261978331,949952278213561,16.235,None,False,949952259616306,949952280216306
9450013,600,[NULL],[NULL],949952295055808,949952311655808,949952295443215,949952311643451,16.2,None,False,949952293055808,949952313655808
9450050,600,[NULL],[NULL],949952328493216,949952345093216,949952328890645,949952345087178,16.197,None,False,949952326493216,949952347093216
9450087,600,[NULL],[NULL],949952361930260,949952378530260,949952362401916,949952378506367,16.104,None,False,949952359930260,949952380530260
9450124,600,[NULL],[NULL],949952395367418,949952411967418,949952395908996,949952411943745,16.035,None,False,949952393367418,949952413967418
9450161,600,[NULL],[NULL],949952428799747,949952445399747,949952429179504,949952445386088,16.207,None,False,949952426799747,949952447399747
9450198,600,[NULL],[NULL],949952462235869,949952478835869,949952462654967,949952478835102,16.18,None,False,949952460235869,949952480835869
9450235,600,[NULL],[NULL],949952495668922,949952512268922,949952496178974,949952512266987,16.088,None,False,949952493668922,949952514268922
9450272,600,[NULL],[NULL],949952529105421,949952545705421,949952529480570,949952545715962,16.235,None,False,949952527105421,949952547715962
9450309,600,[NULL],[NULL],949952562538931,949952579138931,949952562945780,949952579154438,16.209,None,False,949952560538931,949952581154438
9450346,600,[NULL],[NULL],949952595975460,949952612575460,949952596332010,949952612613382,16.281,None,False,949952593975460,949952614613382
9450383,600,[NULL],[NULL],949952629412705,949952646012705,949952629770772,949952646054056,16.283,None,False,949952627412705,949952648054056
9450457,600,[NULL],[NULL],949952696306783,949952712906783,949952696706765,949952712895161,16.188,None,False,949952694306783,949952714906783
9450482,600,[NULL],[NULL],949952729747555,949952746347555,949952730132425,949952746356139,16.224,None,False,949952727747555,949952748356139
9450519,600,[NULL],[NULL],949952763182562,949952779782562,949952763590515,949952779784525,16.194,None,False,949952761182562,949952781784525
9450556,600,[NULL],[NULL],949952796623216,949952813223216,949952796900329,949952813224832,16.325,None,False,949952794623216,949952815224832
9450581,600,[NULL],[NULL],949952830062068,949952846662068,949952830467020,949952846684549,16.218,None,False,949952828062068,949952848684549
9450619,600,[NULL],[NULL],949952863502340,949952880102340,949952864025776,949952880119079,16.093,None,False,949952861502340,949952882119079
9450657,600,[NULL],[NULL],949952896945899,949952913545899,949952897335672,949952913543720,16.208,None,False,949952894945899,949952915545899
9450682,600,[NULL],[NULL],949952930389185,949952946989185,949952930737528,949952946992370,16.255,None,False,949952928389185,949952948992370
9450720,600,[NULL],[NULL],949952963829952,949952980429952,949952964119567,949952980436095,16.317,None,False,949952961829952,949952982436095
9450758,600,[NULL],[NULL],949952997271841,949953013871841,949952997680724,949953013858092,16.177,None,False,949952995271841,949953015871841
9451827,600,[NULL],[NULL],949954468631563,949954485231563,949954469018086,949954568681539,99.663,SurfaceFlinger CPU Deadline Missed,True,949954466631563,949954570681539
